Time,Length,ARTT,Status
2024-07-07 08:00:36,140,31,0
2024-07-07 08:00:36,3650,28,0
2024-07-07 08:00:36,208,37,0
2024-07-07 08:00:36,4952,37,0
2024-07-07 08:00:37,400,33,0
2024-07-07 08:00:37,14632,31,0
2024-07-07 08:00:37,280,37,0
2024-07-07 08:00:37,9590,37,0
2024-07-07 08:00:38,240,30,0
2024-07-07 08:00:38,4749,34,0
2024-07-07 08:00:38,320,37,0
2024-07-07 08:00:38,3490,37,0
2024-07-07 08:00:39,200,28,0
2024-07-07 08:00:39,2963,32,0
2024-07-07 08:00:39,1578,37,0
2024-07-07 08:00:39,18346,37,0
2024-07-07 08:00:43,5400,31,0
2024-07-07 08:00:43,7192,32,0
2024-07-07 08:00:43,400,28,0
2024-07-07 08:00:43,7445,32,0
2024-07-07 08:00:43,504338,38,0
2024-07-07 08:00:43,567944,38,0
2024-07-07 08:00:43,6032,37,0
2024-07-07 08:00:43,22327,37,0
2024-07-07 08:00:44,14120,32,0
2024-07-07 08:00:44,7910,29,0
2024-07-07 08:00:44,1646460,38,0
2024-07-07 08:00:44,2299293,38,0
2024-07-07 08:00:45,4000,33,0
2024-07-07 08:00:45,2260,33,0
2024-07-07 08:00:45,756854,38,0
2024-07-07 08:00:45,951840,38,0
2024-07-07 08:00:51,360,29,0
2024-07-07 08:00:51,8757,33,0
2024-07-07 08:00:51,11818,37,0
2024-07-07 08:00:51,47455,37,0
2024-07-07 08:00:52,100,28,0
2024-07-07 08:00:52,557,27,0
2024-07-07 08:00:52,9620,33,0
2024-07-07 08:00:52,2168,36,0
2024-07-07 08:00:52,200,33,0
2024-07-07 08:00:52,2850,28,0
2024-07-07 08:00:52,1360,31,0
2024-07-07 08:00:52,2069,32,0
2024-07-07 08:00:52,88,40,0
2024-07-07 08:00:52,804414,31,0
2024-07-07 08:00:52,1013458,33,0
2024-07-07 08:00:52,80,37,0
2024-07-07 08:00:52,3195,37,0
2024-07-07 08:00:52,57175,70,1
2024-07-07 08:00:52,106914,70,1
2024-07-07 08:00:53,11800,32,0
2024-07-07 08:00:53,3120,32,0
2024-07-07 08:00:53,800,31,0
2024-07-07 08:00:53,748,27,0
2024-07-07 08:00:53,2214140,40,0
2024-07-07 08:00:53,2652462,40,0
2024-07-07 08:00:53,54386,70,1
2024-07-07 08:00:53,105186,70,1
2024-07-07 08:00:54,12400,33,0
2024-07-07 08:00:54,3022,34,0
2024-07-07 08:00:54,1000,31,0
2024-07-07 08:00:54,750,27,0
2024-07-07 08:00:54,2345444,40,0
2024-07-07 08:00:54,2896373,40,0
2024-07-07 08:00:54,70058,70,1
2024-07-07 08:00:54,91236,70,1
2024-07-07 08:00:55,11500,32,0
2024-07-07 08:00:55,3042,36,0
2024-07-07 08:00:55,1400,31,0
2024-07-07 08:00:55,1494,27,0
2024-07-07 08:00:55,1723438,40,0
2024-07-07 08:00:55,2247687,40,0
2024-07-07 08:00:55,134510,70,1
2024-07-07 08:00:55,216354,70,1
2024-07-07 08:00:56,10760,32,0
2024-07-07 08:00:56,3000,29,0
2024-07-07 08:00:56,360,35,0
2024-07-07 08:00:56,746,42,0
2024-07-07 08:00:56,2126968,40,0
2024-07-07 08:00:56,2783739,40,0
2024-07-07 08:00:56,56940,70,1
2024-07-07 08:00:56,79022,70,1
2024-07-07 08:00:57,11600,33,0
2024-07-07 08:00:57,2255,29,0
2024-07-07 08:00:57,1400,31,0
2024-07-07 08:00:57,1492,54,1
2024-07-07 08:00:57,2305473,40,0
2024-07-07 08:00:57,2959084,40,0
2024-07-07 08:00:57,128438,70,1
2024-07-07 08:00:57,155609,70,1
2024-07-07 08:00:58,14000,32,0
2024-07-07 08:00:58,2258,27,0
2024-07-07 08:00:58,2770660,40,0
2024-07-07 08:00:58,3389199,40,0
2024-07-07 08:00:59,14320,31,0
2024-07-07 08:00:59,3014,35,0
2024-07-07 08:00:59,680,38,0
2024-07-07 08:00:59,1494,46,1
2024-07-07 08:00:59,2744652,40,0
2024-07-07 08:00:59,3624611,40,0
2024-07-07 08:00:59,55288,70,1
2024-07-07 08:00:59,83385,70,1
2024-07-07 08:01:00,15600,32,0
2024-07-07 08:01:00,756,28,0
2024-07-07 08:01:00,600,32,0
2024-07-07 08:01:00,3122424,40,0
2024-07-07 08:01:00,4079502,40,0
2024-07-07 08:01:00,50000,70,1
2024-07-07 08:01:00,93906,70,1
2024-07-07 08:01:01,14240,33,0
2024-07-07 08:01:01,2262,29,0
2024-07-07 08:01:01,800,31,0
2024-07-07 08:01:01,748,46,1
2024-07-07 08:01:01,2740506,40,0
2024-07-07 08:01:01,3700974,40,0
2024-07-07 08:01:01,80404,70,1
2024-07-07 08:01:01,98018,70,1
2024-07-07 08:01:02,15120,31,0
2024-07-07 08:01:02,2263,28,0
2024-07-07 08:01:02,2918102,40,0
2024-07-07 08:01:02,3887790,40,0
2024-07-07 08:01:03,11360,32,0
2024-07-07 08:01:03,3018,28,0
2024-07-07 08:01:03,720,32,0
2024-07-07 08:01:03,751,31,0
2024-07-07 08:01:03,2308060,40,0
2024-07-07 08:01:03,2995722,40,0
2024-07-07 08:01:03,69614,70,1
2024-07-07 08:01:03,99282,70,1
2024-07-07 08:01:04,16000,32,0
2024-07-07 08:01:04,1510,28,0
2024-07-07 08:01:04,640,31,0
2024-07-07 08:01:04,751,31,0
2024-07-07 08:01:04,3272836,40,0
2024-07-07 08:01:04,4363136,40,0
2024-07-07 08:01:04,47568,70,1
2024-07-07 08:01:04,89586,70,1
2024-07-07 08:01:05,16600,33,0
2024-07-07 08:01:05,2261,33,0
2024-07-07 08:01:05,3438254,40,0
2024-07-07 08:01:05,4432567,40,0
2024-07-07 08:01:06,11640,32,0
2024-07-07 08:01:06,3020,27,0
2024-07-07 08:01:06,800,36,0
2024-07-07 08:01:06,751,62,1
2024-07-07 08:01:06,2227892,40,0
2024-07-07 08:01:06,2986606,40,0
2024-07-07 08:01:06,65682,70,1
2024-07-07 08:01:06,89072,70,1
2024-07-07 08:01:07,16440,32,0
2024-07-07 08:01:07,1506,30,0
2024-07-07 08:01:07,3218600,40,0
2024-07-07 08:01:07,4229565,40,0
2024-07-07 08:01:08,13120,32,0
2024-07-07 08:01:08,2259,27,0
2024-07-07 08:01:08,760,34,0
2024-07-07 08:01:08,749,31,0
2024-07-07 08:01:08,2539168,40,0
2024-07-07 08:01:08,3266657,40,0
2024-07-07 08:01:08,79818,70,1
2024-07-07 08:01:08,114550,70,1
2024-07-07 08:01:09,18640,32,0
2024-07-07 08:01:09,1512,28,0
2024-07-07 08:01:09,3564698,40,0
2024-07-07 08:01:09,4644771,40,0
2024-07-07 08:01:10,21440,33,0
2024-07-07 08:01:10,756,62,1
2024-07-07 08:01:10,600,28,0
2024-07-07 08:01:10,751,27,0
2024-07-07 08:01:10,4305892,40,0
2024-07-07 08:01:10,5542135,40,0
2024-07-07 08:01:10,43942,70,1
2024-07-07 08:01:10,92681,70,1
2024-07-07 08:01:11,17400,33,0
2024-07-07 08:01:11,1514,28,0
2024-07-07 08:01:11,3413316,40,0
2024-07-07 08:01:11,4430464,40,0
2024-07-07 08:01:12,19080,32,0
2024-07-07 08:01:12,1512,30,0
2024-07-07 08:01:12,720,30,0
2024-07-07 08:01:12,751,62,1
2024-07-07 08:01:12,3767202,40,0
2024-07-07 08:01:12,4776227,40,0
2024-07-07 08:01:12,62836,70,1
2024-07-07 08:01:12,92373,70,1
2024-07-07 08:01:13,15280,32,0
2024-07-07 08:01:13,2267,40,0
2024-07-07 08:01:13,800,31,0
2024-07-07 08:01:13,751,27,0
2024-07-07 08:01:13,3115700,40,0
2024-07-07 08:01:13,4016368,40,0
2024-07-07 08:01:13,83718,70,1
2024-07-07 08:01:13,112933,70,1
2024-07-07 08:01:14,7400,32,0
2024-07-07 08:01:14,3024,37,0
2024-07-07 08:01:14,880,32,0
2024-07-07 08:01:14,749,32,0
2024-07-07 08:01:14,1430684,40,0
2024-07-07 08:01:14,1864278,40,0
2024-07-07 08:01:14,71628,70,1
2024-07-07 08:01:14,78039,70,1
2024-07-07 08:01:15,16520,33,0
2024-07-07 08:01:15,1514,27,0
2024-07-07 08:01:15,680,30,0
2024-07-07 08:01:15,753,30,0
2024-07-07 08:01:15,3283992,40,0
2024-07-07 08:01:15,4215306,40,0
2024-07-07 08:01:15,53282,70,1
2024-07-07 08:01:15,87271,70,1
2024-07-07 08:01:16,11640,32,0
2024-07-07 08:01:16,3026,28,0
2024-07-07 08:01:16,840,32,0
2024-07-07 08:01:16,751,30,0
2024-07-07 08:01:16,2267525,40,0
2024-07-07 08:01:16,2851233,40,0
2024-07-07 08:01:16,74426,70,1
2024-07-07 08:01:16,107353,70,1
2024-07-07 08:01:17,2040,32,0
2024-07-07 08:01:17,396878,40,0
2024-07-07 08:01:17,484361,40,0
2024-07-07 08:01:44,40,27,0
2024-07-07 08:01:44,40,38,0
2024-07-07 08:01:44,64,38,0
2024-07-07 08:01:45,80,31,0
2024-07-07 08:01:45,40,38,0
2024-07-07 08:01:45,64,38,0
2024-07-07 08:01:52,80,34,0
2024-07-07 08:01:52,120,32,0
2024-07-07 08:01:52,3100,30,0
2024-07-07 08:01:52,80,45,0
2024-07-07 08:01:52,40,27,0
2024-07-07 08:01:52,64,29,0
2024-07-07 08:01:52,240,37,0
2024-07-07 08:01:52,1638,37,0
2024-07-07 08:01:52,40,70,1
2024-07-07 08:01:52,64,70,1
2024-07-07 08:02:01,757,27,0
2024-07-07 08:02:01,80,27,0
2024-07-07 08:02:01,40,42,0
2024-07-07 08:02:01,40,27,0
2024-07-07 08:02:01,40,40,0
2024-07-07 08:02:01,40,70,1
2024-07-07 08:02:02,10120,32,0
2024-07-07 08:02:02,2265,33,0
2024-07-07 08:02:02,800,35,0
2024-07-07 08:02:02,749,62,1
2024-07-07 08:02:02,2073296,40,0
2024-07-07 08:02:02,2613772,40,0
2024-07-07 08:02:02,75996,70,1
2024-07-07 08:02:02,74565,70,1
2024-07-07 08:02:03,12480,33,0
2024-07-07 08:02:03,2267,33,0
2024-07-07 08:02:03,2495021,40,0
2024-07-07 08:02:03,3222242,40,0
2024-07-07 08:02:04,19480,32,0
2024-07-07 08:02:04,1516,36,0
2024-07-07 08:02:04,720,32,0
2024-07-07 08:02:04,751,46,1
2024-07-07 08:02:04,3775650,40,0
2024-07-07 08:02:04,5202885,40,0
2024-07-07 08:02:04,60526,70,1
2024-07-07 08:02:04,82749,70,1
2024-07-07 08:02:05,15360,33,0
2024-07-07 08:02:05,1512,27,0
2024-07-07 08:02:05,3115230,40,0
2024-07-07 08:02:05,4052612,40,0
2024-07-07 08:02:06,2880,33,0
2024-07-07 08:02:06,600386,40,0
2024-07-07 08:02:06,880732,40,0
2024-07-07 08:02:51,10840,33,0
2024-07-07 08:02:51,2274,31,0
2024-07-07 08:02:51,800,30,0
2024-07-07 08:02:51,752,31,0
2024-07-07 08:02:51,2197584,40,0
2024-07-07 08:02:51,2856267,40,0
2024-07-07 08:02:51,60606,70,1
2024-07-07 08:02:51,83673,70,1
2024-07-07 08:02:52,7160,31,0
2024-07-07 08:02:52,3036,30,0
2024-07-07 08:02:52,40,29,0
2024-07-07 08:02:52,3089,28,0
2024-07-07 08:02:52,280,28,0
2024-07-07 08:02:52,752,27,0
2024-07-07 08:02:52,1450440,40,0
2024-07-07 08:02:52,1916123,40,0
2024-07-07 08:02:52,160,37,0
2024-07-07 08:02:52,1628,37,0
2024-07-07 08:02:52,22208,70,1
2024-07-07 08:02:52,33780,70,1
2024-07-07 08:02:53,13920,32,0
2024-07-07 08:02:53,756,30,0
2024-07-07 08:02:53,440,27,0
2024-07-07 08:02:53,2825968,40,0
2024-07-07 08:02:53,3632228,40,0
2024-07-07 08:02:53,37720,70,1
2024-07-07 08:02:53,62359,70,1
2024-07-07 08:02:54,13040,33,0
2024-07-07 08:02:54,2276,28,0
2024-07-07 08:02:54,2578396,40,0
2024-07-07 08:02:54,3397427,40,0
2024-07-07 08:02:55,13680,32,0
2024-07-07 08:02:55,2270,36,0
2024-07-07 08:02:55,720,29,0
2024-07-07 08:02:55,750,27,0
2024-07-07 08:02:55,2776170,40,0
2024-07-07 08:02:55,3440497,40,0
2024-07-07 08:02:55,60364,70,1
2024-07-07 08:02:55,93814,70,1
2024-07-07 08:02:56,4480,33,0
2024-07-07 08:02:56,908538,40,0
2024-07-07 08:02:56,1161736,40,0
2024-07-07 08:02:58,782,34,0
2024-07-07 08:02:58,80,37,0
2024-07-07 08:02:58,353,37,0
2024-07-07 08:02:59,40,27,0
2024-07-07 08:02:59,6591,44,0
2024-07-07 08:02:59,80,37,0
2024-07-07 08:02:59,75,37,0
2024-07-07 08:03:00,320,28,0
2024-07-07 08:03:00,1636,37,0
2024-07-07 08:03:00,10080,37,0
2024-07-07 08:03:00,19460,37,0
2024-07-07 08:03:41,10240,33,0
2024-07-07 08:03:41,1514,46,1
2024-07-07 08:03:41,1833468,40,0
2024-07-07 08:03:41,2250885,40,0
2024-07-07 08:03:42,10120,33,0
2024-07-07 08:03:42,3030,41,0
2024-07-07 08:03:42,720,31,0
2024-07-07 08:03:42,752,27,0
2024-07-07 08:03:42,2060899,40,0
2024-07-07 08:03:42,2674549,40,0
2024-07-07 08:03:42,55400,70,1
2024-07-07 08:03:42,101268,70,1
2024-07-07 08:03:43,14520,32,0
2024-07-07 08:03:43,1514,36,0
2024-07-07 08:03:43,720,32,0
2024-07-07 08:03:43,752,30,0
2024-07-07 08:03:43,2954058,40,0
2024-07-07 08:03:43,3646182,40,0
2024-07-07 08:03:43,54416,70,1
2024-07-07 08:03:43,104174,70,1
2024-07-07 08:03:44,17520,32,0
2024-07-07 08:03:44,758,27,0
2024-07-07 08:03:44,3527306,40,0
2024-07-07 08:03:44,4381851,40,0
2024-07-07 08:03:45,19520,33,0
2024-07-07 08:03:45,758,29,0
2024-07-07 08:03:45,4037902,40,0
2024-07-07 08:03:45,5244537,40,0
2024-07-07 08:03:46,15680,32,0
2024-07-07 08:03:46,1516,36,0
2024-07-07 08:03:46,800,35,0
2024-07-07 08:03:46,750,27,0
2024-07-07 08:03:46,3276159,40,0
2024-07-07 08:03:46,4235866,40,0
2024-07-07 08:03:46,66788,70,1
2024-07-07 08:03:46,124212,70,1
2024-07-07 08:03:47,14880,32,0
2024-07-07 08:03:47,758,27,0
2024-07-07 08:03:47,3116954,40,0
2024-07-07 08:03:47,4062024,40,0
2024-07-07 08:03:52,120,29,0
2024-07-07 08:03:52,3091,34,0
2024-07-07 08:03:52,160,37,0
2024-07-07 08:03:52,1639,37,0
2024-07-07 08:04:32,1320,31,0
2024-07-07 08:04:32,756,27,0
2024-07-07 08:04:32,305894,40,0
2024-07-07 08:04:32,316503,40,0
2024-07-07 08:04:33,3480,32,0
2024-07-07 08:04:33,665670,40,0
2024-07-07 08:04:33,858190,40,0
2024-07-07 08:04:46,80,38,0
2024-07-07 08:04:46,40,70,1
2024-07-07 08:04:46,64,70,1
2024-07-07 08:04:52,40,30,0
2024-07-07 08:04:52,3090,28,0
2024-07-07 08:04:52,240,37,0
2024-07-07 08:04:52,1671,37,0
2024-07-07 08:05:05,4000,33,0
2024-07-07 08:05:05,756,27,0
2024-07-07 08:05:05,40,30,0
2024-07-07 08:05:05,557806,40,0
2024-07-07 08:05:05,816605,40,0
2024-07-07 08:05:06,11880,31,0
2024-07-07 08:05:06,1518,27,0
2024-07-07 08:05:06,380,32,0
2024-07-07 08:05:06,1538,56,1
2024-07-07 08:05:06,2382736,40,0
2024-07-07 08:05:06,3049714,40,0
2024-07-07 08:05:06,40056,70,1
2024-07-07 08:05:06,52151,70,1
2024-07-07 08:05:07,8840,33,0
2024-07-07 08:05:07,2276,39,0
2024-07-07 08:05:07,1120,33,0
2024-07-07 08:05:07,752,46,1
2024-07-07 08:05:07,1854619,40,0
2024-07-07 08:05:07,2462837,40,0
2024-07-07 08:05:07,89938,70,1
2024-07-07 08:05:07,113884,70,1
2024-07-07 08:05:08,17160,32,0
2024-07-07 08:05:08,762,31,0
2024-07-07 08:05:08,3396170,40,0
2024-07-07 08:05:08,4294099,40,0
2024-07-07 08:05:09,12960,32,0
2024-07-07 08:05:09,758,28,0
2024-07-07 08:05:09,3118614,40,0
2024-07-07 08:05:09,4035102,40,0
2024-07-07 08:05:10,18720,32,0
2024-07-07 08:05:10,756,30,0
2024-07-07 08:05:10,720,29,0
2024-07-07 08:05:10,752,35,0
2024-07-07 08:05:10,3856634,40,0
2024-07-07 08:05:10,5025312,40,0
2024-07-07 08:05:10,68044,70,1
2024-07-07 08:05:10,68163,70,1
2024-07-07 08:05:11,13680,32,0
2024-07-07 08:05:11,1514,28,0
2024-07-07 08:05:11,2824404,40,0
2024-07-07 08:05:11,3730089,40,0
2024-07-07 08:05:12,19640,32,0
2024-07-07 08:05:12,3776788,40,0
2024-07-07 08:05:12,4678392,40,0
2024-07-07 08:05:13,12360,33,0
2024-07-07 08:05:13,3030,30,0
2024-07-07 08:05:13,960,36,0
2024-07-07 08:05:13,754,27,0
2024-07-07 08:05:13,2281562,40,0
2024-07-07 08:05:13,2879515,40,0
2024-07-07 08:05:13,72774,70,1
2024-07-07 08:05:13,91993,70,1
2024-07-07 08:05:14,8680,32,0
2024-07-07 08:05:14,758,27,0
2024-07-07 08:05:14,840,29,0
2024-07-07 08:05:14,752,62,1
2024-07-07 08:05:14,1614010,40,0
2024-07-07 08:05:14,2116187,40,0
2024-07-07 08:05:14,77132,70,1
2024-07-07 08:05:14,96407,70,1
2024-07-07 08:05:52,40,27,0
2024-07-07 08:05:52,3076,27,0
2024-07-07 08:05:52,200,37,0
2024-07-07 08:05:52,1599,37,0
2024-07-07 08:05:59,10560,32,0
2024-07-07 08:05:59,2280,29,0
2024-07-07 08:05:59,2041994,40,0
2024-07-07 08:05:59,2616222,40,0
2024-07-07 08:06:00,15480,32,0
2024-07-07 08:06:00,1518,27,0
2024-07-07 08:06:00,760,34,0
2024-07-07 08:06:00,754,42,0
2024-07-07 08:06:00,2951142,40,0
2024-07-07 08:06:00,3769173,40,0
2024-07-07 08:06:00,66230,70,1
2024-07-07 08:06:00,74560,70,1
2024-07-07 08:06:01,21400,33,0
2024-07-07 08:06:01,760,27,0
2024-07-07 08:06:01,4068346,40,0
2024-07-07 08:06:01,5088688,40,0
2024-07-07 08:06:02,19640,32,0
2024-07-07 08:06:02,760,27,0
2024-07-07 08:06:02,3866926,40,0
2024-07-07 08:06:02,4946953,40,0
2024-07-07 08:06:03,19400,33,0
2024-07-07 08:06:03,756,29,0
2024-07-07 08:06:03,800,30,0
2024-07-07 08:06:03,750,27,0
2024-07-07 08:06:03,3905849,40,0
2024-07-07 08:06:03,5106391,40,0
2024-07-07 08:06:03,65916,70,1
2024-07-07 08:06:03,87404,70,1
2024-07-07 08:06:04,16800,32,0
2024-07-07 08:06:04,1514,28,0
2024-07-07 08:06:04,3297322,40,0
2024-07-07 08:06:04,4353343,40,0
2024-07-07 08:06:05,11480,33,0
2024-07-07 08:06:05,2297152,40,0
2024-07-07 08:06:05,3108514,40,0
2024-07-07 08:06:50,5360,32,0
2024-07-07 08:06:50,760,27,0
2024-07-07 08:06:50,1070318,40,0
2024-07-07 08:06:50,1473983,40,0
2024-07-07 08:06:51,10560,33,0
2024-07-07 08:06:51,3034,38,0
2024-07-07 08:06:51,720,29,0
2024-07-07 08:06:51,754,29,0
2024-07-07 08:06:51,2155974,40,0
2024-07-07 08:06:51,2868661,40,0
2024-07-07 08:06:51,60050,70,1
2024-07-07 08:06:51,78954,70,1
2024-07-07 08:06:52,11320,32,0
2024-07-07 08:06:52,3032,27,0
2024-07-07 08:06:52,80,28,0
2024-07-07 08:06:52,3090,30,0
2024-07-07 08:06:52,840,31,0
2024-07-07 08:06:52,752,31,0
2024-07-07 08:06:52,2087320,40,0
2024-07-07 08:06:52,2659251,40,0
2024-07-07 08:06:52,200,37,0
2024-07-07 08:06:52,1716,37,0
2024-07-07 08:06:52,69542,70,1
2024-07-07 08:06:52,84963,70,1
2024-07-07 08:06:53,6200,31,0
2024-07-07 08:06:53,1217040,40,0
2024-07-07 08:06:53,1534933,40,0
2024-07-07 08:07:46,4840,32,0
2024-07-07 08:07:46,760,32,0
2024-07-07 08:07:46,999554,40,0
2024-07-07 08:07:46,1273140,40,0
2024-07-07 08:07:47,20360,31,0
2024-07-07 08:07:47,756,30,0
2024-07-07 08:07:47,720,34,0
2024-07-07 08:07:47,750,29,0
2024-07-07 08:07:47,3822760,40,0
2024-07-07 08:07:47,5000550,40,0
2024-07-07 08:07:47,63870,70,1
2024-07-07 08:07:47,83576,70,1
2024-07-07 08:07:48,16880,32,0
2024-07-07 08:07:48,758,30,0
2024-07-07 08:07:48,3352648,40,0
2024-07-07 08:07:48,4578164,40,0
2024-07-07 08:07:49,14400,33,0
2024-07-07 08:07:49,2272,29,0
2024-07-07 08:07:49,2892684,40,0
2024-07-07 08:07:49,3749746,40,0
2024-07-07 08:07:50,17000,33,0
2024-07-07 08:07:50,758,27,0
2024-07-07 08:07:50,680,33,0
2024-07-07 08:07:50,752,29,0
2024-07-07 08:07:50,3300064,40,0
2024-07-07 08:07:50,4275081,40,0
2024-07-07 08:07:50,61934,70,1
2024-07-07 08:07:50,84903,70,1
2024-07-07 08:07:51,11880,32,0
2024-07-07 08:07:51,1512,30,0
2024-07-07 08:07:51,2055790,40,0
2024-07-07 08:07:51,2603087,40,0
2024-07-07 08:07:52,10240,33,0
2024-07-07 08:07:52,3028,36,0
2024-07-07 08:07:52,40,27,0
2024-07-07 08:07:52,3091,29,0
2024-07-07 08:07:52,720,31,0
2024-07-07 08:07:52,752,30,0
2024-07-07 08:07:52,1875748,40,0
2024-07-07 08:07:52,2387662,40,0
2024-07-07 08:07:52,160,37,0
2024-07-07 08:07:52,1641,37,0
2024-07-07 08:07:52,70172,70,1
2024-07-07 08:07:52,89628,70,1
2024-07-07 08:07:53,15160,33,0
2024-07-07 08:07:53,1514,31,0
2024-07-07 08:07:53,3022050,40,0
2024-07-07 08:07:53,3956036,40,0
2024-07-07 08:07:54,17360,32,0
2024-07-07 08:07:54,758,30,0
2024-07-07 08:07:54,560,30,0
2024-07-07 08:07:54,752,46,1
2024-07-07 08:07:54,3429874,40,0
2024-07-07 08:07:54,4373033,40,0
2024-07-07 08:07:54,46108,70,1
2024-07-07 08:07:54,60121,70,1
2024-07-07 08:07:55,18520,32,0
2024-07-07 08:07:55,758,27,0
2024-07-07 08:07:55,3591276,40,0
2024-07-07 08:07:55,4664099,40,0
2024-07-07 08:07:56,17760,32,0
2024-07-07 08:07:56,758,28,0
2024-07-07 08:07:56,3612922,40,0
2024-07-07 08:07:56,4693815,40,0
2024-07-07 08:07:57,2800,30,0
2024-07-07 08:07:57,533786,40,0
2024-07-07 08:07:57,711929,40,0
2024-07-07 08:08:52,40,27,0
2024-07-07 08:08:52,3091,32,0
2024-07-07 08:08:52,240,37,0
2024-07-07 08:08:52,1637,37,0
2024-07-07 08:08:54,80,29,0
2024-07-07 08:08:54,40,70,1
2024-07-07 08:08:54,64,70,1
2024-07-07 08:08:56,40,28,0
2024-07-07 08:08:56,40,40,0
2024-07-07 08:08:56,64,40,0
2024-07-07 08:09:06,4500,33,0
2024-07-07 08:09:06,1546,27,0
2024-07-07 08:09:06,40,46,1
2024-07-07 08:09:06,673981,40,0
2024-07-07 08:09:06,877796,40,0
2024-07-07 08:09:07,21840,32,0
2024-07-07 08:09:07,1516,30,0
2024-07-07 08:09:07,60,27,0
2024-07-07 08:09:07,3416906,40,0
2024-07-07 08:09:07,4549829,40,0
2024-07-07 08:09:08,11760,32,0
2024-07-07 08:09:08,3036,32,0
2024-07-07 08:09:08,1720,31,0
2024-07-07 08:09:08,2294,42,0
2024-07-07 08:09:08,2248482,40,0
2024-07-07 08:09:08,2745493,40,0
2024-07-07 08:09:08,139225,70,1
2024-07-07 08:09:08,178154,70,1
2024-07-07 08:09:09,12800,32,0
2024-07-07 08:09:09,3034,34,0
2024-07-07 08:09:09,960,33,0
2024-07-07 08:09:09,752,27,0
2024-07-07 08:09:09,2348774,40,0
2024-07-07 08:09:09,3137567,40,0
2024-07-07 08:09:09,69268,70,1
2024-07-07 08:09:09,91990,70,1
2024-07-07 08:09:10,12320,33,0
2024-07-07 08:09:10,2274,28,0
2024-07-07 08:09:10,960,32,0
2024-07-07 08:09:10,754,27,0
2024-07-07 08:09:10,2341138,40,0
2024-07-07 08:09:10,3088177,40,0
2024-07-07 08:09:10,92208,70,1
2024-07-07 08:09:10,113549,70,1
2024-07-07 08:09:52,120,29,0
2024-07-07 08:09:52,3091,37,0
2024-07-07 08:09:52,240,37,0
2024-07-07 08:09:52,1642,37,0
2024-07-07 08:09:55,3960,33,0
2024-07-07 08:09:55,758,27,0
2024-07-07 08:09:55,600990,40,0
2024-07-07 08:09:55,801021,40,0
2024-07-07 08:09:56,12640,32,0
2024-07-07 08:09:56,1514,27,0
2024-07-07 08:09:56,2519100,40,0
2024-07-07 08:09:56,3157466,40,0
2024-07-07 08:09:57,15520,32,0
2024-07-07 08:09:57,1518,31,0
2024-07-07 08:09:57,880,34,0
2024-07-07 08:09:57,754,30,0
2024-07-07 08:09:57,3186442,40,0
2024-07-07 08:09:57,4175874,40,0
2024-07-07 08:09:57,81864,70,1
2024-07-07 08:09:57,96962,70,1
2024-07-07 08:09:58,12840,32,0
2024-07-07 08:09:58,1520,52,1
2024-07-07 08:09:58,2708050,40,0
2024-07-07 08:09:58,3521009,40,0
2024-07-07 08:09:59,12280,31,0
2024-07-07 08:09:59,1518,28,0
2024-07-07 08:09:59,680,32,0
2024-07-07 08:09:59,754,35,0
2024-07-07 08:09:59,2493596,40,0
2024-07-07 08:09:59,3279370,40,0
2024-07-07 08:09:59,43708,70,1
2024-07-07 08:09:59,93703,70,1
2024-07-07 08:10:00,13320,31,0
2024-07-07 08:10:00,756,27,0
2024-07-07 08:10:00,2511014,40,0
2024-07-07 08:10:00,3288002,40,0
2024-07-07 08:10:45,1760,31,0
2024-07-07 08:10:45,756,28,0
2024-07-07 08:10:45,356928,40,0
2024-07-07 08:10:45,528449,40,0
2024-07-07 08:10:46,14560,33,0
2024-07-07 08:10:46,1514,28,0
2024-07-07 08:10:46,720,34,0
2024-07-07 08:10:46,752,35,0
2024-07-07 08:10:46,2771256,40,0
2024-07-07 08:10:46,3527419,40,0
2024-07-07 08:10:46,54104,70,1
2024-07-07 08:10:46,105611,70,1
2024-07-07 08:10:47,9240,32,0
2024-07-07 08:10:47,760,46,1
2024-07-07 08:10:47,1818652,40,0
2024-07-07 08:10:47,2332894,40,0
2024-07-07 08:10:52,80,34,0
2024-07-07 08:10:52,3092,28,0
2024-07-07 08:10:52,160,37,0
2024-07-07 08:10:52,1709,37,0
2024-07-07 08:11:31,760,27,0
2024-07-07 08:11:31,40,40,0
2024-07-07 08:11:32,12200,32,0
2024-07-07 08:11:32,2272,30,0
2024-07-07 08:11:32,920,32,0
2024-07-07 08:11:32,750,30,0
2024-07-07 08:11:32,2213718,40,0
2024-07-07 08:11:32,2884392,40,0
2024-07-07 08:11:32,67302,70,1
2024-07-07 08:11:32,99323,70,1
2024-07-07 08:11:33,13120,32,0
2024-07-07 08:11:33,2274,32,0
2024-07-07 08:11:33,720,32,0
2024-07-07 08:11:33,752,28,0
2024-07-07 08:11:33,2509022,40,0
2024-07-07 08:11:33,3232019,40,0
2024-07-07 08:11:33,62056,70,1
2024-07-07 08:11:33,95781,70,1
2024-07-07 08:11:34,14600,33,0
2024-07-07 08:11:34,1514,30,0
2024-07-07 08:11:34,2693352,40,0
2024-07-07 08:11:34,3546957,40,0
2024-07-07 08:11:35,13280,33,0
2024-07-07 08:11:35,3034,35,0
2024-07-07 08:11:35,720,32,0
2024-07-07 08:11:35,750,35,0
2024-07-07 08:11:35,2626156,40,0
2024-07-07 08:11:35,3244536,40,0
2024-07-07 08:11:35,64538,70,1
2024-07-07 08:11:35,74296,70,1
2024-07-07 08:11:36,15240,32,0
2024-07-07 08:11:36,1514,31,0
2024-07-07 08:11:36,720,30,0
2024-07-07 08:11:36,750,30,0
2024-07-07 08:11:36,2974230,40,0
2024-07-07 08:11:36,3770699,40,0
2024-07-07 08:11:36,68986,70,1
2024-07-07 08:11:36,70515,70,1
2024-07-07 08:11:37,7440,33,0
2024-07-07 08:11:37,1518,38,0
2024-07-07 08:11:37,1510416,40,0
2024-07-07 08:11:37,1919722,40,0
2024-07-07 08:11:52,40,27,0
2024-07-07 08:11:52,3091,31,0
2024-07-07 08:11:52,240,37,0
2024-07-07 08:11:52,1595,37,0
2024-07-07 08:12:22,4920,32,0
2024-07-07 08:12:22,1516,31,0
2024-07-07 08:12:22,600,30,0
2024-07-07 08:12:22,752,27,0
2024-07-07 08:12:22,962218,40,0
2024-07-07 08:12:22,1182251,40,0
2024-07-07 08:12:22,50040,70,1
2024-07-07 08:12:22,89726,70,1
2024-07-07 08:12:23,13600,32,0
2024-07-07 08:12:23,2272,42,0
2024-07-07 08:12:23,2634440,40,0
2024-07-07 08:12:23,3452227,40,0
2024-07-07 08:12:24,12480,33,0
2024-07-07 08:12:24,2274,40,0
2024-07-07 08:12:24,680,32,0
2024-07-07 08:12:24,752,27,0
2024-07-07 08:12:24,2530096,40,0
2024-07-07 08:12:24,3288012,40,0
2024-07-07 08:12:24,61458,70,1
2024-07-07 08:12:24,86020,70,1
2024-07-07 08:12:25,13200,32,0
2024-07-07 08:12:25,2270,29,0
2024-07-07 08:12:25,2476870,40,0
2024-07-07 08:12:25,3211624,40,0
2024-07-07 08:12:26,11080,32,0
2024-07-07 08:12:26,3032,33,0
2024-07-07 08:12:26,840,35,0
2024-07-07 08:12:26,752,27,0
2024-07-07 08:12:26,2128916,40,0
2024-07-07 08:12:26,2648593,40,0
2024-07-07 08:12:26,77304,70,1
2024-07-07 08:12:26,111619,70,1
2024-07-07 08:12:27,9040,32,0
2024-07-07 08:12:27,758,30,0
2024-07-07 08:12:27,1804162,40,0
2024-07-07 08:12:27,2337680,40,0
2024-07-07 08:12:52,260,28,0
2024-07-07 08:12:52,7506,31,0
2024-07-07 08:12:52,608,37,0
2024-07-07 08:12:52,2989,37,0
2024-07-07 08:13:12,2360,31,0
2024-07-07 08:13:12,758,46,1
2024-07-07 08:13:12,465818,40,0
2024-07-07 08:13:12,643715,40,0
2024-07-07 08:13:13,14360,33,0
2024-07-07 08:13:13,1518,27,0
2024-07-07 08:13:13,640,30,0
2024-07-07 08:13:13,752,42,0
2024-07-07 08:13:13,2798442,40,0
2024-07-07 08:13:13,3650394,40,0
2024-07-07 08:13:13,58348,70,1
2024-07-07 08:13:13,87016,70,1
2024-07-07 08:13:14,14040,33,0
2024-07-07 08:13:14,1518,46,1
2024-07-07 08:13:14,720,32,0
2024-07-07 08:13:14,752,46,1
2024-07-07 08:13:14,2838640,40,0
2024-07-07 08:13:14,3791369,40,0
2024-07-07 08:13:14,74458,70,1
2024-07-07 08:13:14,92147,70,1
2024-07-07 08:13:15,16640,32,0
2024-07-07 08:13:15,760,30,0
2024-07-07 08:13:15,3369170,40,0
2024-07-07 08:13:15,4435361,40,0
2024-07-07 08:13:16,16320,32,0
2024-07-07 08:13:16,1516,28,0
2024-07-07 08:13:16,720,33,0
2024-07-07 08:13:16,752,62,1
2024-07-07 08:13:16,3241968,40,0
2024-07-07 08:13:16,4189453,40,0
2024-07-07 08:13:16,68824,70,1
2024-07-07 08:13:16,103313,70,1
2024-07-07 08:13:52,160,34,0
2024-07-07 08:13:52,3080,30,0
2024-07-07 08:13:52,160,37,0
2024-07-07 08:13:52,1701,37,0
2024-07-07 08:14:01,2080,32,0
2024-07-07 08:14:01,1514,29,0
2024-07-07 08:14:01,256508,40,0
2024-07-07 08:14:01,258131,40,0
2024-07-07 08:14:02,13720,32,0
2024-07-07 08:14:02,1514,28,0
2024-07-07 08:14:02,680,34,0
2024-07-07 08:14:02,750,30,0
2024-07-07 08:14:02,2682362,40,0
2024-07-07 08:14:02,3397546,40,0
2024-07-07 08:14:02,68986,70,1
2024-07-07 08:14:02,73506,70,1
2024-07-07 08:14:03,18120,32,0
2024-07-07 08:14:03,756,30,0
2024-07-07 08:14:03,160,36,0
2024-07-07 08:14:03,3699684,40,0
2024-07-07 08:14:03,4685796,40,0
2024-07-07 08:14:03,11266,70,1
2024-07-07 08:14:03,26696,70,1
2024-07-07 08:14:04,15240,33,0
2024-07-07 08:14:04,756,29,0
2024-07-07 08:14:04,3257186,40,0
2024-07-07 08:14:04,4386323,40,0
2024-07-07 08:14:05,8720,32,0
2024-07-07 08:14:05,1811270,40,0
2024-07-07 08:14:05,2470839,40,0
2024-07-07 08:14:52,40,32,0
2024-07-07 08:14:52,3075,38,0
2024-07-07 08:14:52,80,37,0
2024-07-07 08:14:52,1629,37,0
2024-07-07 08:14:59,1120,32,0
2024-07-07 08:14:59,758,32,0
2024-07-07 08:14:59,116674,40,0
2024-07-07 08:14:59,96035,40,0
2024-07-07 08:15:00,18880,32,0
2024-07-07 08:15:00,760,29,0
2024-07-07 08:15:00,754,42,0
2024-07-07 08:15:00,3299982,40,0
2024-07-07 08:15:00,4370926,40,0
2024-07-07 08:15:00,40,70,1
2024-07-07 08:15:01,17000,33,0
2024-07-07 08:15:01,760,27,0
2024-07-07 08:15:01,800,32,0
2024-07-07 08:15:01,3494590,40,0
2024-07-07 08:15:01,4672619,40,0
2024-07-07 08:15:01,70050,70,1
2024-07-07 08:15:01,100035,70,1
2024-07-07 08:15:02,12440,32,0
2024-07-07 08:15:02,758,30,0
2024-07-07 08:15:02,2528986,40,0
2024-07-07 08:15:02,3340772,40,0
2024-07-07 08:15:03,14160,32,0
2024-07-07 08:15:03,1520,30,0
2024-07-07 08:15:03,680,31,0
2024-07-07 08:15:03,752,27,0
2024-07-07 08:15:03,2884708,40,0
2024-07-07 08:15:03,3898772,40,0
2024-07-07 08:15:03,55916,70,1
2024-07-07 08:15:03,78915,70,1
2024-07-07 08:15:04,17600,32,0
2024-07-07 08:15:04,760,30,0
2024-07-07 08:15:04,760,29,0
2024-07-07 08:15:04,754,30,0
2024-07-07 08:15:04,3828638,40,0
2024-07-07 08:15:04,4894952,40,0
2024-07-07 08:15:04,60920,70,1
2024-07-07 08:15:04,83221,70,1
2024-07-07 08:15:05,17160,32,0
2024-07-07 08:15:05,762,32,0
2024-07-07 08:15:05,3634474,40,0
2024-07-07 08:15:05,4770460,40,0
2024-07-07 08:15:06,15640,32,0
2024-07-07 08:15:06,2278,38,0
2024-07-07 08:15:06,720,34,0
2024-07-07 08:15:06,754,30,0
2024-07-07 08:15:06,3245670,40,0
2024-07-07 08:15:06,4358917,40,0
2024-07-07 08:15:06,73120,70,1
2024-07-07 08:15:06,101828,70,1
2024-07-07 08:15:07,12360,32,0
2024-07-07 08:15:07,1518,31,0
2024-07-07 08:15:07,2620224,40,0
2024-07-07 08:15:07,3318064,40,0
2024-07-07 08:15:08,1080,32,0
2024-07-07 08:15:08,239664,40,0
2024-07-07 08:15:08,281490,40,0
2024-07-07 08:15:52,40,42,0
2024-07-07 08:15:52,3076,52,1
2024-07-07 08:15:52,240,37,0
2024-07-07 08:15:52,1658,37,0
2024-07-07 08:15:53,10640,32,0
2024-07-07 08:15:53,1522,29,0
2024-07-07 08:15:53,920,31,0
2024-07-07 08:15:53,756,27,0
2024-07-07 08:15:53,2197834,40,0
2024-07-07 08:15:53,3018397,40,0
2024-07-07 08:15:53,76706,70,1
2024-07-07 08:15:53,95374,70,1
2024-07-07 08:15:54,13600,32,0
2024-07-07 08:15:54,2757474,40,0
2024-07-07 08:15:54,3603458,40,0
2024-07-07 08:15:55,12960,32,0
2024-07-07 08:15:55,2282,29,0
2024-07-07 08:15:55,2671486,40,0
2024-07-07 08:15:55,3422272,40,0
2024-07-07 08:15:56,17360,32,0
2024-07-07 08:15:56,1520,34,0
2024-07-07 08:15:56,720,36,0
2024-07-07 08:15:56,754,27,0
2024-07-07 08:15:56,3317074,40,0
2024-07-07 08:15:56,4241957,40,0
2024-07-07 08:15:56,70008,70,1
2024-07-07 08:15:56,75568,70,1
2024-07-07 08:15:57,13560,32,0
2024-07-07 08:15:57,2276,31,0
2024-07-07 08:15:57,720,31,0
2024-07-07 08:15:57,752,29,0
2024-07-07 08:15:57,2770042,40,0
2024-07-07 08:15:57,3641903,40,0
2024-07-07 08:15:57,66666,70,1
2024-07-07 08:15:57,72376,70,1
2024-07-07 08:15:58,12120,32,0
2024-07-07 08:15:58,762,30,0
2024-07-07 08:15:58,2463504,40,0
2024-07-07 08:15:58,3302808,40,0
2024-07-07 08:16:43,2640,33,0
2024-07-07 08:16:43,760,27,0
2024-07-07 08:16:43,559724,40,0
2024-07-07 08:16:43,775743,40,0
2024-07-07 08:16:44,18440,32,0
2024-07-07 08:16:44,1522,47,1
2024-07-07 08:16:44,720,32,0
2024-07-07 08:16:44,757,32,0
2024-07-07 08:16:44,3612986,40,0
2024-07-07 08:16:44,4430097,40,0
2024-07-07 08:16:44,50880,70,1
2024-07-07 08:16:44,87138,70,1
2024-07-07 08:16:45,17600,32,0
2024-07-07 08:16:45,1520,36,0
2024-07-07 08:16:45,760,32,0
2024-07-07 08:16:45,758,28,0
2024-07-07 08:16:45,3599038,40,0
2024-07-07 08:16:45,4561325,40,0
2024-07-07 08:16:45,63240,70,1
2024-07-07 08:16:45,77230,70,1
2024-07-07 08:16:46,17000,32,0
2024-07-07 08:16:46,1520,27,0
2024-07-07 08:16:46,3460342,40,0
2024-07-07 08:16:46,4440559,40,0
2024-07-07 08:16:47,13480,33,0
2024-07-07 08:16:47,2280,33,0
2024-07-07 08:16:47,720,34,0
2024-07-07 08:16:47,756,30,0
2024-07-07 08:16:47,2707160,40,0
2024-07-07 08:16:47,3559441,40,0
2024-07-07 08:16:47,65440,70,1
2024-07-07 08:16:47,85933,70,1
2024-07-07 08:16:48,1800,33,0
2024-07-07 08:16:48,357898,40,0
2024-07-07 08:16:48,430140,40,0
2024-07-07 08:16:52,120,36,0
2024-07-07 08:16:52,3076,34,0
2024-07-07 08:16:52,160,37,0
2024-07-07 08:16:52,1624,37,0
2024-07-07 08:17:48,40,27,0
2024-07-07 08:17:48,80,36,0
2024-07-07 08:17:48,40,40,0
2024-07-07 08:17:48,64,40,0
2024-07-07 08:17:48,40,70,1
2024-07-07 08:17:48,64,70,1
2024-07-07 08:17:52,40,30,0
2024-07-07 08:17:52,3076,36,0
2024-07-07 08:17:52,160,37,0
2024-07-07 08:17:52,1662,37,0
2024-07-07 08:17:57,10380,32,0
2024-07-07 08:17:57,2306,28,0
2024-07-07 08:17:57,100,31,0
2024-07-07 08:17:57,1157794,40,0
2024-07-07 08:17:57,1563027,40,0
2024-07-07 08:17:58,16760,33,0
2024-07-07 08:17:58,1522,38,0
2024-07-07 08:17:58,960,30,0
2024-07-07 08:17:58,1543,33,0
2024-07-07 08:17:58,3179470,40,0
2024-07-07 08:17:58,4016555,40,0
2024-07-07 08:17:58,66326,70,1
2024-07-07 08:17:58,84726,70,1
2024-07-07 08:17:59,18080,33,0
2024-07-07 08:17:59,1524,36,0
2024-07-07 08:17:59,1040,32,0
2024-07-07 08:17:59,755,27,0
2024-07-07 08:17:59,3538958,40,0
2024-07-07 08:17:59,4642750,40,0
2024-07-07 08:17:59,88560,70,1
2024-07-07 08:17:59,101542,70,1
2024-07-07 08:18:00,14280,32,0
2024-07-07 08:18:00,1522,28,0
2024-07-07 08:18:00,1200,36,0
2024-07-07 08:18:00,757,27,0
2024-07-07 08:18:00,2913368,40,0
2024-07-07 08:18:00,3778809,40,0
2024-07-07 08:18:00,93564,70,1
2024-07-07 08:18:00,118121,70,1
2024-07-07 08:18:01,10280,32,0
2024-07-07 08:18:01,3046,29,0
2024-07-07 08:18:01,720,30,0
2024-07-07 08:18:01,757,35,0
2024-07-07 08:18:01,2175814,40,0
2024-07-07 08:18:01,2722786,40,0
2024-07-07 08:18:01,66068,70,1
2024-07-07 08:18:01,78787,70,1
2024-07-07 08:18:02,8880,31,0
2024-07-07 08:18:02,1813022,40,0
2024-07-07 08:18:02,2360957,40,0
2024-07-07 08:18:46,480,31,0
2024-07-07 08:18:46,763,31,0
2024-07-07 08:18:46,89462,40,0
2024-07-07 08:18:46,124263,40,0
2024-07-07 08:18:47,18000,32,0
2024-07-07 08:18:47,1524,27,0
2024-07-07 08:18:47,3543860,40,0
2024-07-07 08:18:47,4567346,40,0
2024-07-07 08:18:48,14120,32,0
2024-07-07 08:18:48,1524,28,0
2024-07-07 08:18:48,760,31,0
2024-07-07 08:18:48,759,27,0
2024-07-07 08:18:48,2887824,40,0
2024-07-07 08:18:48,3716271,40,0
2024-07-07 08:18:48,62218,70,1
2024-07-07 08:18:48,79460,70,1
2024-07-07 08:18:49,13400,34,0
2024-07-07 08:18:49,765,32,0
2024-07-07 08:18:49,2716738,40,0
2024-07-07 08:18:49,3550731,40,0
2024-07-07 08:18:50,16240,32,0
2024-07-07 08:18:50,763,46,1
2024-07-07 08:18:50,3201242,40,0
2024-07-07 08:18:50,4204698,40,0
2024-07-07 08:18:51,17680,32,0
2024-07-07 08:18:51,1522,44,0
2024-07-07 08:18:51,920,33,0
2024-07-07 08:18:51,759,31,0
2024-07-07 08:18:51,3376066,40,0
2024-07-07 08:18:51,4429088,40,0
2024-07-07 08:18:51,72298,70,1
2024-07-07 08:18:51,90481,70,1
2024-07-07 08:18:52,13320,32,0
2024-07-07 08:18:52,2281,29,0
2024-07-07 08:18:52,40,30,0
2024-07-07 08:18:52,3076,31,0
2024-07-07 08:18:52,2558887,40,0
2024-07-07 08:18:52,3388461,40,0
2024-07-07 08:18:52,240,37,0
2024-07-07 08:18:52,1627,37,0
2024-07-07 08:18:53,13680,32,0
2024-07-07 08:18:53,1522,44,0
2024-07-07 08:18:53,720,33,0
2024-07-07 08:18:53,757,46,1
2024-07-07 08:18:53,2788938,40,0
2024-07-07 08:18:53,3679559,40,0
2024-07-07 08:18:53,62178,70,1
2024-07-07 08:18:53,80366,70,1
2024-07-07 08:18:54,14120,33,0
2024-07-07 08:18:54,2723418,40,0
2024-07-07 08:18:54,3619470,40,0
2024-07-07 08:19:38,3280,32,0
2024-07-07 08:19:38,763,32,0
2024-07-07 08:19:38,734888,40,0
2024-07-07 08:19:38,964563,40,0
2024-07-07 08:19:52,220,33,0
2024-07-07 08:19:52,4477,28,0
2024-07-07 08:19:52,408,37,0
2024-07-07 08:19:52,2870,37,0
2024-07-07 08:19:53,80,27,0
2024-07-07 08:19:53,40,70,1
2024-07-07 08:19:53,64,70,1
2024-07-07 08:20:17,15720,32,0
2024-07-07 08:20:17,1520,29,0
2024-07-07 08:20:17,40,62,1
2024-07-07 08:20:17,3166148,40,0
2024-07-07 08:20:17,4187003,40,0
2024-07-07 08:20:18,15440,33,0
2024-07-07 08:20:18,2281,30,0
2024-07-07 08:20:18,620,37,0
2024-07-07 08:20:18,1543,31,0
2024-07-07 08:20:18,3128334,40,0
2024-07-07 08:20:18,3969142,40,0
2024-07-07 08:20:18,76560,70,1
2024-07-07 08:20:18,79076,70,1
2024-07-07 08:20:19,17360,32,0
2024-07-07 08:20:19,759,31,0
2024-07-07 08:20:19,3446164,40,0
2024-07-07 08:20:19,4540436,40,0
2024-07-07 08:20:20,14680,33,0
2024-07-07 08:20:20,1526,40,0
2024-07-07 08:20:20,920,35,0
2024-07-07 08:20:20,759,27,0
2024-07-07 08:20:20,3006672,40,0
2024-07-07 08:20:20,3896226,40,0
2024-07-07 08:20:20,62338,70,1
2024-07-07 08:20:20,94233,70,1
2024-07-07 08:20:21,11040,32,0
2024-07-07 08:20:21,2289,32,0
2024-07-07 08:20:21,2209438,40,0
2024-07-07 08:20:21,2893293,40,0
2024-07-07 08:20:22,10720,33,0
2024-07-07 08:20:22,1526,30,0
2024-07-07 08:20:22,2084588,40,0
2024-07-07 08:20:22,2719732,40,0
2024-07-07 08:20:23,11400,32,0
2024-07-07 08:20:23,2289,39,0
2024-07-07 08:20:23,800,31,0
2024-07-07 08:20:23,759,27,0
2024-07-07 08:20:23,2327888,40,0
2024-07-07 08:20:23,3132329,40,0
2024-07-07 08:20:23,81782,70,1
2024-07-07 08:20:23,56828,70,1
2024-07-07 08:20:24,14320,33,0
2024-07-07 08:20:24,1526,28,0
2024-07-07 08:20:24,2829803,40,0
2024-07-07 08:20:24,3729100,40,0
2024-07-07 08:20:25,13240,32,0
2024-07-07 08:20:25,763,30,0
2024-07-07 08:20:25,680,32,0
2024-07-07 08:20:25,759,42,0
2024-07-07 08:20:25,2912562,40,0
2024-07-07 08:20:25,3870821,40,0
2024-07-07 08:20:25,56626,70,1
2024-07-07 08:20:25,82763,70,1
2024-07-07 08:20:26,14360,32,0
2024-07-07 08:20:26,1528,27,0
2024-07-07 08:20:26,2973338,40,0
2024-07-07 08:20:26,3951696,40,0
2024-07-07 08:20:27,14560,33,0
2024-07-07 08:20:27,1526,46,1
2024-07-07 08:20:27,840,32,0
2024-07-07 08:20:27,759,27,0
2024-07-07 08:20:27,2888630,40,0
2024-07-07 08:20:27,3881613,40,0
2024-07-07 08:20:27,69148,70,1
2024-07-07 08:20:27,92046,70,1
2024-07-07 08:20:28,4080,31,0
2024-07-07 08:20:28,793580,40,0
2024-07-07 08:20:28,1047923,40,0
2024-07-07 08:20:52,160,41,0
2024-07-07 08:20:52,3080,31,0
2024-07-07 08:20:52,240,37,0
2024-07-07 08:20:52,1704,37,0
2024-07-07 08:21:12,4840,34,0
2024-07-07 08:21:12,1522,28,0
2024-07-07 08:21:12,1002102,40,0
2024-07-07 08:21:12,1296362,40,0
2024-07-07 08:21:13,14800,33,0
2024-07-07 08:21:13,1524,31,0
2024-07-07 08:21:13,2810168,40,0
2024-07-07 08:21:13,3571130,40,0
2024-07-07 08:21:14,10840,32,0
2024-07-07 08:21:14,2283,32,0
2024-07-07 08:21:14,680,36,0
2024-07-07 08:21:14,755,27,0
2024-07-07 08:21:14,2228276,40,0
2024-07-07 08:21:14,2821286,40,0
2024-07-07 08:21:14,66190,70,1
2024-07-07 08:21:14,70617,70,1
2024-07-07 08:21:15,17840,32,0
2024-07-07 08:21:15,1522,36,0
2024-07-07 08:21:15,757,27,0
2024-07-07 08:21:15,3677842,40,0
2024-07-07 08:21:15,4758580,40,0
2024-07-07 08:21:15,40,70,1
2024-07-07 08:21:16,13360,32,0
2024-07-07 08:21:16,1520,27,0
2024-07-07 08:21:16,840,32,0
2024-07-07 08:21:16,2757764,40,0
2024-07-07 08:21:16,3515230,40,0
2024-07-07 08:21:16,73434,70,1
2024-07-07 08:21:16,87370,70,1
2024-07-07 08:21:17,10640,33,0
2024-07-07 08:21:17,3044,34,0
2024-07-07 08:21:17,680,32,0
2024-07-07 08:21:17,759,30,0
2024-07-07 08:21:17,2150597,40,0
2024-07-07 08:21:17,2820663,40,0
2024-07-07 08:21:17,52370,70,1
2024-07-07 08:21:17,83158,70,1
2024-07-07 08:21:18,400,32,0
2024-07-07 08:21:18,69270,40,0
2024-07-07 08:21:18,100304,40,0
2024-07-07 08:21:52,40,46,1
2024-07-07 08:21:52,3076,34,0
2024-07-07 08:21:52,240,37,0
2024-07-07 08:21:52,1585,37,0
2024-07-07 08:22:02,1600,33,0
2024-07-07 08:22:02,763,27,0
2024-07-07 08:22:02,215996,40,0
2024-07-07 08:22:02,277687,40,0
2024-07-07 08:22:03,10440,33,0
2024-07-07 08:22:03,763,32,0
2024-07-07 08:22:03,1839734,40,0
2024-07-07 08:22:03,2359956,40,0
2024-07-07 08:22:18,40,35,0
2024-07-07 08:22:18,64,70,1
2024-07-07 08:22:19,40,30,0
2024-07-07 08:22:19,40,70,1
2024-07-07 08:22:39,16720,32,0
2024-07-07 08:22:39,1522,30,0
2024-07-07 08:22:39,420,29,0
2024-07-07 08:22:39,1547,27,0
2024-07-07 08:22:39,2862246,40,0
2024-07-07 08:22:39,3745154,40,0
2024-07-07 08:22:39,28202,70,1
2024-07-07 08:22:39,5101,70,1
2024-07-07 08:22:40,9400,32,0
2024-07-07 08:22:40,3048,30,0
2024-07-07 08:22:40,840,29,0
2024-07-07 08:22:40,1864438,40,0
2024-07-07 08:22:40,2274338,40,0
2024-07-07 08:22:40,70798,70,1
2024-07-07 08:22:40,58541,70,1
2024-07-07 08:22:41,14440,32,0
2024-07-07 08:22:41,2281,38,0
2024-07-07 08:22:41,1160,32,0
2024-07-07 08:22:41,757,29,0
2024-07-07 08:22:41,2770982,40,0
2024-07-07 08:22:41,3584078,40,0
2024-07-07 08:22:41,90808,70,1
2024-07-07 08:22:41,106477,70,1
2024-07-07 08:22:42,10480,33,0
2024-07-07 08:22:42,3040,40,0
2024-07-07 08:22:42,1982780,40,0
2024-07-07 08:22:42,2432627,40,0
2024-07-07 08:22:43,16920,32,0
2024-07-07 08:22:43,1518,39,0
2024-07-07 08:22:43,680,31,0
2024-07-07 08:22:43,755,30,0
2024-07-07 08:22:43,3440088,40,0
2024-07-07 08:22:43,4504547,40,0
2024-07-07 08:22:43,51350,70,1
2024-07-07 08:22:43,94756,70,1
2024-07-07 08:22:44,15200,32,0
2024-07-07 08:22:44,2283,31,0
2024-07-07 08:22:44,800,34,0
2024-07-07 08:22:44,759,62,1
2024-07-07 08:22:44,2670610,40,0
2024-07-07 08:22:44,3337536,40,0
2024-07-07 08:22:44,52612,70,1
2024-07-07 08:22:44,85858,70,1
2024-07-07 08:22:45,1480,32,0
2024-07-07 08:22:45,295570,40,0
2024-07-07 08:22:45,391869,40,0
2024-07-07 08:22:52,40,42,0
2024-07-07 08:22:52,3076,30,0
2024-07-07 08:22:52,240,37,0
2024-07-07 08:22:52,1658,37,0
2024-07-07 08:23:30,14360,32,0
2024-07-07 08:23:30,1529,28,0
2024-07-07 08:23:30,760,31,0
2024-07-07 08:23:30,759,31,0
2024-07-07 08:23:30,2883926,40,0
2024-07-07 08:23:30,3899630,40,0
2024-07-07 08:23:30,54734,70,1
2024-07-07 08:23:30,119558,70,1
2024-07-07 08:23:31,11800,33,0
2024-07-07 08:23:31,761,46,1
2024-07-07 08:23:31,2395764,40,0
2024-07-07 08:23:31,3132389,40,0
2024-07-07 08:23:32,14920,33,0
2024-07-07 08:23:32,1526,28,0
2024-07-07 08:23:32,2864038,40,0
2024-07-07 08:23:32,3661293,40,0
2024-07-07 08:23:33,9920,32,0
2024-07-07 08:23:33,2287,27,0
2024-07-07 08:23:33,640,30,0
2024-07-07 08:23:33,1514,44,0
2024-07-07 08:23:33,1956414,40,0
2024-07-07 08:23:33,2431147,40,0
2024-07-07 08:23:33,56932,70,1
2024-07-07 08:23:33,95980,70,1
2024-07-07 08:23:34,7720,32,0
2024-07-07 08:23:34,761,42,0
2024-07-07 08:23:34,720,29,0
2024-07-07 08:23:34,1537590,40,0
2024-07-07 08:23:34,1948509,40,0
2024-07-07 08:23:34,62016,70,1
2024-07-07 08:23:34,87186,70,1
2024-07-07 08:23:52,40,27,0
2024-07-07 08:23:52,3075,34,0
2024-07-07 08:23:52,80,37,0
2024-07-07 08:23:52,1624,37,0
2024-07-07 08:24:19,5880,32,0
2024-07-07 08:24:19,765,32,0
2024-07-07 08:24:19,902014,40,0
2024-07-07 08:24:19,1224133,40,0
2024-07-07 08:24:20,19120,32,0
2024-07-07 08:24:20,1524,52,1
2024-07-07 08:24:20,920,31,0
2024-07-07 08:24:20,757,62,1
2024-07-07 08:24:20,3764710,40,0
2024-07-07 08:24:20,5000983,40,0
2024-07-07 08:24:20,81468,70,1
2024-07-07 08:24:20,89140,70,1
2024-07-07 08:24:21,1280,33,0
2024-07-07 08:24:21,239532,40,0
2024-07-07 08:24:21,301033,40,0
2024-07-07 08:24:52,40,27,0
2024-07-07 08:24:52,3076,29,0
2024-07-07 08:24:52,240,37,0
2024-07-07 08:24:52,1657,37,0
2024-07-07 08:25:04,640,30,0
2024-07-07 08:25:04,763,27,0
2024-07-07 08:25:04,50880,40,0
2024-07-07 08:25:04,60597,40,0
2024-07-07 08:25:05,18560,32,0
2024-07-07 08:25:05,765,27,0
2024-07-07 08:25:05,3287662,40,0
2024-07-07 08:25:05,4558716,40,0
2024-07-07 08:25:06,19480,33,0
2024-07-07 08:25:06,763,27,0
2024-07-07 08:25:06,800,30,0
2024-07-07 08:25:06,757,27,0
2024-07-07 08:25:06,3355738,40,0
2024-07-07 08:25:06,4325783,40,0
2024-07-07 08:25:06,74456,70,1
2024-07-07 08:25:06,77066,70,1
2024-07-07 08:25:07,20080,32,0
2024-07-07 08:25:07,763,31,0
2024-07-07 08:25:07,3868740,40,0
2024-07-07 08:25:07,4833744,40,0
2024-07-07 08:25:08,19520,32,0
2024-07-07 08:25:08,1524,27,0
2024-07-07 08:25:08,3863210,40,0
2024-07-07 08:25:08,4971152,40,0
2024-07-07 08:25:09,17960,32,0
2024-07-07 08:25:09,765,32,0
2024-07-07 08:25:09,760,31,0
2024-07-07 08:25:09,759,29,0
2024-07-07 08:25:09,3412252,40,0
2024-07-07 08:25:09,4387832,40,0
2024-07-07 08:25:09,68986,70,1
2024-07-07 08:25:09,87044,70,1
2024-07-07 08:25:10,21840,33,0
2024-07-07 08:25:10,765,27,0
2024-07-07 08:25:10,4196672,40,0
2024-07-07 08:25:10,5616958,40,0
2024-07-07 08:25:11,18840,32,0
2024-07-07 08:25:11,763,42,0
2024-07-07 08:25:11,3688806,40,0
2024-07-07 08:25:11,4780164,40,0
2024-07-07 08:25:12,15000,32,0
2024-07-07 08:25:12,1526,29,0
2024-07-07 08:25:12,680,30,0
2024-07-07 08:25:12,759,27,0
2024-07-07 08:25:12,3027570,40,0
2024-07-07 08:25:12,3901596,40,0
2024-07-07 08:25:12,71580,70,1
2024-07-07 08:25:12,78760,70,1
2024-07-07 08:25:13,17760,33,0
2024-07-07 08:25:13,1522,35,0
2024-07-07 08:25:13,3429936,40,0
2024-07-07 08:25:13,4455537,40,0
2024-07-07 08:25:14,17360,33,0
2024-07-07 08:25:14,1528,27,0
2024-07-07 08:25:14,720,32,0
2024-07-07 08:25:14,759,28,0
2024-07-07 08:25:14,3425326,40,0
2024-07-07 08:25:14,4283211,40,0
2024-07-07 08:25:14,51904,70,1
2024-07-07 08:25:14,90973,70,1
2024-07-07 08:25:15,15440,33,0
2024-07-07 08:25:15,1526,28,0
2024-07-07 08:25:15,3079964,40,0
2024-07-07 08:25:15,4000537,40,0
2024-07-07 08:25:16,12800,32,0
2024-07-07 08:25:16,1524,29,0
2024-07-07 08:25:16,2566328,40,0
2024-07-07 08:25:16,3222578,40,0
2024-07-07 08:25:52,40,27,0
2024-07-07 08:25:52,3076,28,0
2024-07-07 08:25:52,120,37,0
2024-07-07 08:25:52,1583,37,0
2024-07-07 08:26:01,763,32,0
2024-07-07 08:26:01,40,40,0
2024-07-07 08:26:02,12320,32,0
2024-07-07 08:26:02,1526,31,0
2024-07-07 08:26:02,800,31,0
2024-07-07 08:26:02,759,28,0
2024-07-07 08:26:02,2220910,40,0
2024-07-07 08:26:02,2963369,40,0
2024-07-07 08:26:02,56238,70,1
2024-07-07 08:26:02,92762,70,1
2024-07-07 08:26:03,17160,32,0
2024-07-07 08:26:03,1522,27,0
2024-07-07 08:26:03,3296350,40,0
2024-07-07 08:26:03,4269812,40,0
2024-07-07 08:26:04,15760,31,0
2024-07-07 08:26:04,2285,34,0
2024-07-07 08:26:04,680,32,0
2024-07-07 08:26:04,755,27,0
2024-07-07 08:26:04,3121452,40,0
2024-07-07 08:26:04,4024459,40,0
2024-07-07 08:26:04,54852,70,1
2024-07-07 08:26:04,88015,70,1
2024-07-07 08:26:05,16040,33,0
2024-07-07 08:26:05,1526,29,0
2024-07-07 08:26:05,3060498,40,0
2024-07-07 08:26:05,3979494,40,0
2024-07-07 08:26:06,13400,33,0
2024-07-07 08:26:06,2658204,40,0
2024-07-07 08:26:06,3405359,40,0
2024-07-07 08:26:52,180,29,0
2024-07-07 08:26:52,4492,31,0
2024-07-07 08:26:52,120,44,0
2024-07-07 08:26:52,3001,32,0
2024-07-07 08:26:52,368,43,0
2024-07-07 08:26:52,2871,43,0
2024-07-07 08:26:52,160,37,0
2024-07-07 08:26:52,193,37,0
2024-07-07 08:26:56,400,34,0
2024-07-07 08:26:56,763,27,0
2024-07-07 08:26:56,84578,40,0
2024-07-07 08:26:56,82299,40,0
2024-07-07 08:26:57,18560,32,0
2024-07-07 08:26:57,763,27,0
2024-07-07 08:26:57,757,30,0
2024-07-07 08:26:57,3666664,40,0
2024-07-07 08:26:57,4996232,40,0
2024-07-07 08:26:57,40,70,1
2024-07-07 08:26:58,15440,32,0
2024-07-07 08:26:58,1528,27,0
2024-07-07 08:26:58,720,31,0
2024-07-07 08:26:58,2854932,40,0
2024-07-07 08:26:58,3561223,40,0
2024-07-07 08:26:58,57568,70,1
2024-07-07 08:26:58,86540,70,1
2024-07-07 08:26:59,15320,32,0
2024-07-07 08:26:59,2295,34,0
2024-07-07 08:26:59,3025002,40,0
2024-07-07 08:26:59,3778408,40,0
2024-07-07 08:27:00,17400,32,0
2024-07-07 08:27:00,2291,39,0
2024-07-07 08:27:00,3351648,40,0
2024-07-07 08:27:00,4126847,40,0
2024-07-07 08:27:01,11680,32,0
2024-07-07 08:27:01,1526,27,0
2024-07-07 08:27:01,640,28,0
2024-07-07 08:27:01,755,62,1
2024-07-07 08:27:01,2294002,40,0
2024-07-07 08:27:01,2890681,40,0
2024-07-07 08:27:01,57760,70,1
2024-07-07 08:27:01,78546,70,1
2024-07-07 08:27:02,18680,32,0
2024-07-07 08:27:02,765,28,0
2024-07-07 08:27:02,3737726,40,0
2024-07-07 08:27:02,4870096,40,0
2024-07-07 08:27:03,18160,33,0
2024-07-07 08:27:03,767,30,0
2024-07-07 08:27:03,3550352,40,0
2024-07-07 08:27:03,4678550,40,0
2024-07-07 08:27:04,12280,32,0
2024-07-07 08:27:04,2293,33,0
2024-07-07 08:27:04,720,31,0
2024-07-07 08:27:04,759,29,0
2024-07-07 08:27:04,2456570,40,0
2024-07-07 08:27:04,3169672,40,0
2024-07-07 08:27:04,64306,70,1
2024-07-07 08:27:04,93940,70,1
2024-07-07 08:27:05,14360,32,0
2024-07-07 08:27:05,2293,28,0
2024-07-07 08:27:05,2768566,40,0
2024-07-07 08:27:05,3572788,40,0
2024-07-07 08:27:06,18920,32,0
2024-07-07 08:27:06,763,27,0
2024-07-07 08:27:06,3722462,40,0
2024-07-07 08:27:06,4930625,40,0
2024-07-07 08:27:07,920,29,0
2024-07-07 08:27:07,149756,40,0
2024-07-07 08:27:07,222364,40,0
2024-07-07 08:27:52,80,38,0
2024-07-07 08:27:52,3080,33,0
2024-07-07 08:27:52,120,43,0
2024-07-07 08:27:52,1701,43,0
2024-07-07 08:27:53,5160,32,0
2024-07-07 08:27:53,1528,28,0
2024-07-07 08:27:53,757,30,0
2024-07-07 08:27:53,812546,40,0
2024-07-07 08:27:53,1052541,40,0
2024-07-07 08:27:53,40,70,1
2024-07-07 08:27:54,19000,32,0
2024-07-07 08:27:54,765,27,0
2024-07-07 08:27:54,800,29,0
2024-07-07 08:27:54,3480338,40,0
2024-07-07 08:27:54,4468607,40,0
2024-07-07 08:27:54,79544,70,1
2024-07-07 08:27:54,110191,70,1
2024-07-07 08:27:55,15120,32,0
2024-07-07 08:27:55,2291,34,0
2024-07-07 08:27:55,600,34,0
2024-07-07 08:27:55,757,27,0
2024-07-07 08:27:55,3039600,40,0
2024-07-07 08:27:55,3880530,40,0
2024-07-07 08:27:55,44500,70,1
2024-07-07 08:27:55,79372,70,1
2024-07-07 08:27:56,19000,32,0
2024-07-07 08:27:56,120,30,0
2024-07-07 08:27:56,3794556,40,0
2024-07-07 08:27:56,4946177,40,0
2024-07-07 08:27:56,10000,70,1
2024-07-07 08:27:56,10255,70,1
2024-07-07 08:27:57,13960,33,0
2024-07-07 08:27:57,763,28,0
2024-07-07 08:27:57,2825572,40,0
2024-07-07 08:27:57,3618192,40,0
2024-07-07 08:28:26,10080,32,0
2024-07-07 08:28:26,2287,27,0
2024-07-07 08:28:26,760,29,0
2024-07-07 08:28:26,755,27,0
2024-07-07 08:28:26,1929044,40,0
2024-07-07 08:28:26,2526489,40,0
2024-07-07 08:28:26,51276,70,1
2024-07-07 08:28:26,102413,70,1
2024-07-07 08:28:27,4720,33,0
2024-07-07 08:28:27,905660,40,0
2024-07-07 08:28:27,1209843,40,0
2024-07-07 08:28:38,11760,33,0
2024-07-07 08:28:38,763,27,0
2024-07-07 08:28:38,2337556,40,0
2024-07-07 08:28:38,3126051,40,0
2024-07-07 08:28:39,6000,32,0
2024-07-07 08:28:39,763,27,0
2024-07-07 08:28:39,1169382,40,0
2024-07-07 08:28:39,1413867,40,0
2024-07-07 08:28:46,13840,33,0
2024-07-07 08:28:46,763,30,0
2024-07-07 08:28:46,2673048,40,0
2024-07-07 08:28:46,3533745,40,0
2024-07-07 08:28:47,16120,31,0
2024-07-07 08:28:47,1528,30,0
2024-07-07 08:28:47,720,31,0
2024-07-07 08:28:47,757,46,1
2024-07-07 08:28:47,3231214,40,0
2024-07-07 08:28:47,4172544,40,0
2024-07-07 08:28:47,59776,70,1
2024-07-07 08:28:47,81739,70,1
2024-07-07 08:28:52,40,28,0
2024-07-07 08:28:52,3076,29,0
2024-07-07 08:28:52,120,43,0
2024-07-07 08:28:52,1586,43,0
2024-07-07 08:28:58,9320,32,0
2024-07-07 08:28:58,765,42,0
2024-07-07 08:28:58,1443044,40,0
2024-07-07 08:28:58,1854033,40,0
2024-07-07 08:28:59,20640,32,0
2024-07-07 08:28:59,1534,27,0
2024-07-07 08:28:59,720,37,0
2024-07-07 08:28:59,761,32,0
2024-07-07 08:28:59,3405364,40,0
2024-07-07 08:28:59,4030135,40,0
2024-07-07 08:28:59,57648,70,1
2024-07-07 08:28:59,96929,70,1
2024-07-07 08:29:00,19720,32,0
2024-07-07 08:29:00,765,29,0
2024-07-07 08:29:00,3702486,40,0
2024-07-07 08:29:00,4688198,40,0
2024-07-07 08:29:01,720,34,0
2024-07-07 08:29:01,128682,40,0
2024-07-07 08:29:01,149843,40,0
2024-07-07 08:29:15,6880,32,0
2024-07-07 08:29:15,765,32,0
2024-07-07 08:29:15,1084217,40,0
2024-07-07 08:29:15,1400752,40,0
2024-07-07 08:29:16,19720,33,0
2024-07-07 08:29:16,1528,29,0
2024-07-07 08:29:16,3691466,40,0
2024-07-07 08:29:16,4739192,40,0
2024-07-07 08:29:17,16320,33,0
2024-07-07 08:29:17,1524,29,0
2024-07-07 08:29:17,720,33,0
2024-07-07 08:29:17,755,31,0
2024-07-07 08:29:17,3219535,40,0
2024-07-07 08:29:17,4089030,40,0
2024-07-07 08:29:17,60526,70,1
2024-07-07 08:29:17,81069,70,1
2024-07-07 08:29:18,8360,33,0
2024-07-07 08:29:18,763,27,0
2024-07-07 08:29:18,1621458,40,0
2024-07-07 08:29:18,2041249,40,0
2024-07-07 08:29:34,14800,33,0
2024-07-07 08:29:34,1522,34,0
2024-07-07 08:29:34,2920605,40,0
2024-07-07 08:29:34,3775420,40,0
2024-07-07 08:29:35,14600,32,0
2024-07-07 08:29:35,1526,37,0
2024-07-07 08:29:35,680,37,0
2024-07-07 08:29:35,759,29,0
2024-07-07 08:29:35,2768414,40,0
2024-07-07 08:29:35,3503145,40,0
2024-07-07 08:29:35,52646,70,1
2024-07-07 08:29:35,85786,70,1
2024-07-07 08:29:36,13720,32,0
2024-07-07 08:29:36,2289,32,0
2024-07-07 08:29:36,2736944,40,0
2024-07-07 08:29:36,3512194,40,0
2024-07-07 08:29:37,10960,32,0
2024-07-07 08:29:37,1526,36,0
2024-07-07 08:29:37,680,29,0
2024-07-07 08:29:37,757,42,0
2024-07-07 08:29:37,2211194,40,0
2024-07-07 08:29:37,2770842,40,0
2024-07-07 08:29:37,69138,70,1
2024-07-07 08:29:37,80771,70,1
2024-07-07 08:29:52,40,62,1
2024-07-07 08:29:52,3076,30,0
2024-07-07 08:29:52,120,43,0
2024-07-07 08:29:52,1658,43,0
2024-07-07 08:30:04,5680,32,0
2024-07-07 08:30:04,1526,27,0
2024-07-07 08:30:04,822555,40,0
2024-07-07 08:30:04,975000,40,0
2024-07-07 08:30:05,16120,33,0
2024-07-07 08:30:05,1526,44,0
2024-07-07 08:30:05,3076962,40,0
2024-07-07 08:30:05,3970675,40,0
2024-07-07 08:30:06,18080,33,0
2024-07-07 08:30:06,1528,29,0
2024-07-07 08:30:06,720,38,0
2024-07-07 08:30:06,759,30,0
2024-07-07 08:30:06,3498018,40,0
2024-07-07 08:30:06,4515011,40,0
2024-07-07 08:30:06,60758,70,1
2024-07-07 08:30:06,80580,70,1
2024-07-07 08:30:07,15320,33,0
2024-07-07 08:30:07,1528,28,0
2024-07-07 08:30:07,3090485,40,0
2024-07-07 08:30:07,3995131,40,0
2024-07-07 08:30:08,3800,34,0
2024-07-07 08:30:08,764810,40,0
2024-07-07 08:30:08,981926,40,0
2024-07-07 08:30:31,8000,32,0
2024-07-07 08:30:31,2289,32,0
2024-07-07 08:30:31,640,32,0
2024-07-07 08:30:31,757,30,0
2024-07-07 08:30:31,1614890,40,0
2024-07-07 08:30:31,2045728,40,0
2024-07-07 08:30:31,53194,70,1
2024-07-07 08:30:31,87216,70,1
2024-07-07 08:30:32,16400,32,0
2024-07-07 08:30:32,761,27,0
2024-07-07 08:30:32,3218950,40,0
2024-07-07 08:30:32,4317174,40,0
2024-07-07 08:30:33,13400,33,0
2024-07-07 08:30:33,1526,39,0
2024-07-07 08:30:33,2540608,40,0
2024-07-07 08:30:33,3411504,40,0
2024-07-07 08:30:34,13840,32,0
2024-07-07 08:30:34,2289,28,0
2024-07-07 08:30:34,720,28,0
2024-07-07 08:30:34,757,30,0
2024-07-07 08:30:34,2660203,40,0
2024-07-07 08:30:34,3465547,40,0
2024-07-07 08:30:34,73434,70,1
2024-07-07 08:30:34,84400,70,1
2024-07-07 08:30:35,9120,33,0
2024-07-07 08:30:35,1812814,40,0
2024-07-07 08:30:35,2267853,40,0
2024-07-07 08:30:52,40,30,0
2024-07-07 08:30:52,3076,35,0
2024-07-07 08:30:52,240,43,0
2024-07-07 08:30:52,1611,43,0
2024-07-07 08:31:01,6520,33,0
2024-07-07 08:31:01,1532,31,0
2024-07-07 08:31:01,759,27,0
2024-07-07 08:31:01,1005084,40,0
2024-07-07 08:31:01,1404452,40,0
2024-07-07 08:31:01,40,70,1
2024-07-07 08:31:02,16920,32,0
2024-07-07 08:31:02,767,31,0
2024-07-07 08:31:02,720,33,0
2024-07-07 08:31:02,3340134,40,0
2024-07-07 08:31:02,4314087,40,0
2024-07-07 08:31:02,63910,70,1
2024-07-07 08:31:02,106555,70,1
2024-07-07 08:31:03,11320,33,0
2024-07-07 08:31:03,1532,46,1
2024-07-07 08:31:03,2143680,40,0
2024-07-07 08:31:03,2746302,40,0
2024-07-07 08:31:04,16800,32,0
2024-07-07 08:31:04,765,27,0
2024-07-07 08:31:04,720,32,0
2024-07-07 08:31:04,759,30,0
2024-07-07 08:31:04,3323720,40,0
2024-07-07 08:31:04,4261324,40,0
2024-07-07 08:31:04,69300,70,1
2024-07-07 08:31:04,78964,70,1
2024-07-07 08:31:05,19160,33,0
2024-07-07 08:31:05,1528,27,0
2024-07-07 08:31:05,3650792,40,0
2024-07-07 08:31:05,4677744,40,0
2024-07-07 08:31:06,7080,33,0
2024-07-07 08:31:06,1418076,40,0
2024-07-07 08:31:06,1909946,40,0
2024-07-07 08:31:45,8240,31,0
2024-07-07 08:31:45,1532,29,0
2024-07-07 08:31:45,880,33,0
2024-07-07 08:31:45,761,46,1
2024-07-07 08:31:45,1610016,40,0
2024-07-07 08:31:45,1925501,40,0
2024-07-07 08:31:45,82146,70,1
2024-07-07 08:31:45,96882,70,1
2024-07-07 08:31:46,17480,32,0
2024-07-07 08:31:46,1532,29,0
2024-07-07 08:31:46,3575838,40,0
2024-07-07 08:31:46,4563829,40,0
2024-07-07 08:31:47,11440,32,0
2024-07-07 08:31:47,3060,30,0
2024-07-07 08:31:47,800,29,0
2024-07-07 08:31:47,759,27,0
2024-07-07 08:31:47,2264760,40,0
2024-07-07 08:31:47,2997853,40,0
2024-07-07 08:31:47,79736,70,1
2024-07-07 08:31:47,105546,70,1
2024-07-07 08:31:48,18400,32,0
2024-07-07 08:31:48,1528,28,0
2024-07-07 08:31:48,640,36,0
2024-07-07 08:31:48,757,30,0
2024-07-07 08:31:48,3843688,40,0
2024-07-07 08:31:48,4890542,40,0
2024-07-07 08:31:48,49382,70,1
2024-07-07 08:31:48,91838,70,1
2024-07-07 08:31:49,15600,32,0
2024-07-07 08:31:49,765,35,0
2024-07-07 08:31:49,3237426,40,0
2024-07-07 08:31:49,4310820,40,0
2024-07-07 08:31:50,14600,33,0
2024-07-07 08:31:50,1532,29,0
2024-07-07 08:31:50,720,35,0
2024-07-07 08:31:50,759,29,0
2024-07-07 08:31:50,2978814,40,0
2024-07-07 08:31:50,3874640,40,0
2024-07-07 08:31:50,80242,70,1
2024-07-07 08:31:50,81293,70,1
2024-07-07 08:31:51,8600,33,0
2024-07-07 08:31:51,763,27,0
2024-07-07 08:31:51,1769166,40,0
2024-07-07 08:31:51,2196093,40,0
2024-07-07 08:31:52,80,29,0
2024-07-07 08:31:52,3076,33,0
2024-07-07 08:31:52,200,43,0
2024-07-07 08:31:52,1701,43,0
2024-07-07 08:32:36,5480,32,0
2024-07-07 08:32:36,763,31,0
2024-07-07 08:32:36,884196,40,0
2024-07-07 08:32:36,1222139,40,0
2024-07-07 08:32:37,10720,32,0
2024-07-07 08:32:37,761,30,0
2024-07-07 08:32:37,680,31,0
2024-07-07 08:32:37,755,30,0
2024-07-07 08:32:37,1942458,40,0
2024-07-07 08:32:37,2364412,40,0
2024-07-07 08:32:37,60760,70,1
2024-07-07 08:32:37,78785,70,1
2024-07-07 08:32:52,220,28,0
2024-07-07 08:32:52,4476,35,0
2024-07-07 08:32:52,40,43,0
2024-07-07 08:32:52,208,37,0
2024-07-07 08:32:52,2893,37,0
2024-07-07 08:33:12,10320,32,0
2024-07-07 08:33:12,761,27,0
2024-07-07 08:33:12,1872628,40,0
2024-07-07 08:33:12,2473751,40,0
2024-07-07 08:33:13,17240,32,0
2024-07-07 08:33:13,1528,44,0
2024-07-07 08:33:13,720,31,0
2024-07-07 08:33:13,759,29,0
2024-07-07 08:33:13,3438926,40,0
2024-07-07 08:33:13,4425834,40,0
2024-07-07 08:33:13,59108,70,1
2024-07-07 08:33:13,82998,70,1
2024-07-07 08:33:14,15760,32,0
2024-07-07 08:33:14,2291,27,0
2024-07-07 08:33:14,720,35,0
2024-07-07 08:33:14,757,42,0
2024-07-07 08:33:14,3060156,40,0
2024-07-07 08:33:14,4023238,40,0
2024-07-07 08:33:14,75208,70,1
2024-07-07 08:33:14,87226,70,1
2024-07-07 08:33:15,15720,32,0
2024-07-07 08:33:15,1526,27,0
2024-07-07 08:33:15,2976742,40,0
2024-07-07 08:33:15,3894184,40,0
2024-07-07 08:33:16,11240,32,0
2024-07-07 08:33:16,3048,31,0
2024-07-07 08:33:16,680,30,0
2024-07-07 08:33:16,755,27,0
2024-07-07 08:33:16,2074840,40,0
2024-07-07 08:33:16,2683570,40,0
2024-07-07 08:33:16,58906,70,1
2024-07-07 08:33:16,93712,70,1
2024-07-07 08:33:17,12560,32,0
2024-07-07 08:33:17,2291,31,0
2024-07-07 08:33:17,800,31,0
2024-07-07 08:33:17,759,30,0
2024-07-07 08:33:17,2359756,40,0
2024-07-07 08:33:17,3092124,40,0
2024-07-07 08:33:17,73474,70,1
2024-07-07 08:33:17,91526,70,1
2024-07-07 08:33:18,2360,31,0
2024-07-07 08:33:18,414890,40,0
2024-07-07 08:33:18,582904,40,0
2024-07-07 08:33:52,160,36,0
2024-07-07 08:33:52,3079,28,0
2024-07-07 08:33:52,120,37,0
2024-07-07 08:33:52,1703,37,0
2024-07-07 08:34:03,13040,33,0
2024-07-07 08:34:03,2291,34,0
2024-07-07 08:34:03,800,33,0
2024-07-07 08:34:03,759,30,0
2024-07-07 08:34:03,2640762,40,0
2024-07-07 08:34:03,3383745,40,0
2024-07-07 08:34:03,75170,70,1
2024-07-07 08:34:03,119591,70,1
2024-07-07 08:34:04,16240,32,0
2024-07-07 08:34:04,2285,50,1
2024-07-07 08:34:04,3176428,40,0
2024-07-07 08:34:04,4131984,40,0
2024-07-07 08:34:05,11080,32,0
2024-07-07 08:34:05,3052,27,0
2024-07-07 08:34:05,720,31,0
2024-07-07 08:34:05,755,27,0
2024-07-07 08:34:05,2249808,40,0
2024-07-07 08:34:05,2826496,40,0
2024-07-07 08:34:05,70678,70,1
2024-07-07 08:34:05,76785,70,1
2024-07-07 08:34:06,1400,31,0
2024-07-07 08:34:06,263110,40,0
2024-07-07 08:34:06,305825,40,0
2024-07-07 08:34:51,9360,32,0
2024-07-07 08:34:51,3054,32,0
2024-07-07 08:34:51,920,34,0
2024-07-07 08:34:51,757,30,0
2024-07-07 08:34:51,1626200,40,0
2024-07-07 08:34:51,2174836,40,0
2024-07-07 08:34:51,104658,70,1
2024-07-07 08:34:51,81920,70,1
2024-07-07 08:34:52,11760,33,0
2024-07-07 08:34:52,3050,32,0
2024-07-07 08:34:52,40,46,1
2024-07-07 08:34:52,3076,37,0
2024-07-07 08:34:52,760,37,0
2024-07-07 08:34:52,1512,36,0
2024-07-07 08:34:52,2194764,40,0
2024-07-07 08:34:52,2745222,40,0
2024-07-07 08:34:52,160,37,0
2024-07-07 08:34:52,1572,37,0
2024-07-07 08:34:52,49936,70,1
2024-07-07 08:34:52,85854,70,1
2024-07-07 08:34:53,7280,32,0
2024-07-07 08:34:53,761,30,0
2024-07-07 08:34:53,720,29,0
2024-07-07 08:34:53,1193168,40,0
2024-07-07 08:34:53,1580445,40,0
2024-07-07 08:34:53,72958,70,1
2024-07-07 08:34:53,78144,70,1
2024-07-07 08:35:38,7280,32,0
2024-07-07 08:35:38,1524,34,0
2024-07-07 08:35:38,755,30,0
2024-07-07 08:35:38,1154796,40,0
2024-07-07 08:35:38,1451009,40,0
2024-07-07 08:35:38,40,70,1
2024-07-07 08:35:39,10160,33,0
2024-07-07 08:35:39,2291,32,0
2024-07-07 08:35:39,720,36,0
2024-07-07 08:35:39,759,62,1
2024-07-07 08:35:39,2281922,40,0
2024-07-07 08:35:39,2821966,40,0
2024-07-07 08:35:39,58472,70,1
2024-07-07 08:35:39,98039,70,1
2024-07-07 08:35:40,10880,32,0
2024-07-07 08:35:40,1530,36,0
2024-07-07 08:35:40,760,30,0
2024-07-07 08:35:40,2103074,40,0
2024-07-07 08:35:40,2596083,40,0
2024-07-07 08:35:40,62374,70,1
2024-07-07 08:35:40,111363,70,1
2024-07-07 08:35:52,40,42,0
2024-07-07 08:35:52,3076,31,0
2024-07-07 08:35:52,240,37,0
2024-07-07 08:35:52,1622,37,0
2024-07-07 08:36:25,763,30,0
2024-07-07 08:36:25,25714,40,0
2024-07-07 08:36:25,20596,40,0
2024-07-07 08:36:26,11760,33,0
2024-07-07 08:36:26,1526,37,0
2024-07-07 08:36:26,640,31,0
2024-07-07 08:36:26,757,29,0
2024-07-07 08:36:26,2188233,40,0
2024-07-07 08:36:26,2902908,40,0
2024-07-07 08:36:26,55400,70,1
2024-07-07 08:36:26,83672,70,1
2024-07-07 08:36:27,15360,32,0
2024-07-07 08:36:27,761,46,1
2024-07-07 08:36:27,3004958,40,0
2024-07-07 08:36:27,3971980,40,0
2024-07-07 08:36:52,40,27,0
2024-07-07 08:36:52,3076,32,0
2024-07-07 08:36:52,200,37,0
2024-07-07 08:36:52,1623,37,0
2024-07-07 08:37:10,765,31,0
2024-07-07 08:37:10,759,62,1
2024-07-07 08:37:10,40,40,0
2024-07-07 08:37:10,40,70,1
2024-07-07 08:37:11,18120,33,0
2024-07-07 08:37:11,1526,30,0
2024-07-07 08:37:11,800,32,0
2024-07-07 08:37:11,3230708,40,0
2024-07-07 08:37:11,4200901,40,0
2024-07-07 08:37:11,87730,70,1
2024-07-07 08:37:11,92927,70,1
2024-07-07 08:37:12,17160,33,0
2024-07-07 08:37:12,763,28,0
2024-07-07 08:37:12,680,32,0
2024-07-07 08:37:12,757,27,0
2024-07-07 08:37:12,3121488,40,0
2024-07-07 08:37:12,4120075,40,0
2024-07-07 08:37:12,67720,70,1
2024-07-07 08:37:12,84304,70,1
2024-07-07 08:37:13,11200,32,0
2024-07-07 08:37:13,2289,36,0
2024-07-07 08:37:13,680,33,0
2024-07-07 08:37:13,755,31,0
2024-07-07 08:37:13,2174455,40,0
2024-07-07 08:37:13,2864678,40,0
2024-07-07 08:37:13,55440,70,1
2024-07-07 08:37:13,79185,70,1
2024-07-07 08:37:14,14160,31,0
2024-07-07 08:37:14,2291,28,0
2024-07-07 08:37:14,680,31,0
2024-07-07 08:37:14,757,42,0
2024-07-07 08:37:14,2719786,40,0
2024-07-07 08:37:14,3589788,40,0
2024-07-07 08:37:14,50682,70,1
2024-07-07 08:37:14,104192,70,1
2024-07-07 08:37:15,15800,32,0
2024-07-07 08:37:15,1526,30,0
2024-07-07 08:37:15,3141578,40,0
2024-07-07 08:37:15,3929665,40,0
2024-07-07 08:37:16,16720,32,0
2024-07-07 08:37:16,765,27,0
2024-07-07 08:37:16,680,30,0
2024-07-07 08:37:16,759,35,0
2024-07-07 08:37:16,3300866,40,0
2024-07-07 08:37:16,4346874,40,0
2024-07-07 08:37:16,56504,70,1
2024-07-07 08:37:16,87402,70,1
2024-07-07 08:37:17,4040,31,0
2024-07-07 08:37:17,768490,40,0
2024-07-07 08:37:17,1068466,40,0
2024-07-07 08:37:52,120,28,0
2024-07-07 08:37:52,3076,33,0
2024-07-07 08:37:52,240,37,0
2024-07-07 08:37:52,1732,37,0
2024-07-07 08:38:01,3880,32,0
2024-07-07 08:38:01,1528,29,0
2024-07-07 08:38:01,808826,40,0
2024-07-07 08:38:01,1049866,40,0
2024-07-07 08:38:02,16280,32,0
2024-07-07 08:38:02,2287,28,0
2024-07-07 08:38:02,760,35,0
2024-07-07 08:38:02,755,46,1
2024-07-07 08:38:02,3263692,40,0
2024-07-07 08:38:02,4084692,40,0
2024-07-07 08:38:02,80050,70,1
2024-07-07 08:38:02,87586,70,1
2024-07-07 08:38:03,17760,33,0
2024-07-07 08:38:03,765,27,0
2024-07-07 08:38:03,3151890,40,0
2024-07-07 08:38:03,3988506,40,0
2024-07-07 08:38:04,14520,33,0
2024-07-07 08:38:04,1526,36,0
2024-07-07 08:38:04,640,35,0
2024-07-07 08:38:04,757,30,0
2024-07-07 08:38:04,2790220,40,0
2024-07-07 08:38:04,3607294,40,0
2024-07-07 08:38:04,55086,70,1
2024-07-07 08:38:04,80343,70,1
2024-07-07 08:38:05,15480,33,0
2024-07-07 08:38:05,763,62,1
2024-07-07 08:38:05,3061813,40,0
2024-07-07 08:38:05,4011295,40,0
2024-07-07 08:38:50,920,32,0
2024-07-07 08:38:50,763,31,0
2024-07-07 08:38:50,91954,40,0
2024-07-07 08:38:50,130283,40,0
2024-07-07 08:38:51,11120,32,0
2024-07-07 08:38:51,2289,33,0
2024-07-07 08:38:51,720,32,0
2024-07-07 08:38:51,757,27,0
2024-07-07 08:38:51,2184148,40,0
2024-07-07 08:38:51,2907007,40,0
2024-07-07 08:38:51,51944,70,1
2024-07-07 08:38:51,82070,70,1
2024-07-07 08:38:52,11320,32,0
2024-07-07 08:38:52,2293,32,0
2024-07-07 08:38:52,80,36,0
2024-07-07 08:38:52,3075,36,0
2024-07-07 08:38:52,720,32,0
2024-07-07 08:38:52,757,27,0
2024-07-07 08:38:52,2299042,40,0
2024-07-07 08:38:52,2979520,40,0
2024-07-07 08:38:52,160,37,0
2024-07-07 08:38:52,1588,37,0
2024-07-07 08:38:52,57024,70,1
2024-07-07 08:38:52,107575,70,1
2024-07-07 08:38:53,18520,32,0
2024-07-07 08:38:53,765,27,0
2024-07-07 08:38:53,840,32,0
2024-07-07 08:38:53,759,32,0
2024-07-07 08:38:53,3642282,40,0
2024-07-07 08:38:53,4860801,40,0
2024-07-07 08:38:53,60528,70,1
2024-07-07 08:38:53,111369,70,1
2024-07-07 08:38:54,21040,33,0
2024-07-07 08:38:54,1528,28,0
2024-07-07 08:38:54,4039350,40,0
2024-07-07 08:38:54,5174400,40,0
2024-07-07 08:38:55,15840,32,0
2024-07-07 08:38:55,3064638,40,0
2024-07-07 08:38:55,4024646,40,0
2024-07-07 08:39:40,240,35,0
2024-07-07 08:39:40,761,30,0
2024-07-07 08:39:40,54658,40,0
2024-07-07 08:39:40,69341,40,0
2024-07-07 08:39:41,18200,33,0
2024-07-07 08:39:41,763,30,0
2024-07-07 08:39:41,757,27,0
2024-07-07 08:39:41,3570362,40,0
2024-07-07 08:39:41,4581181,40,0
2024-07-07 08:39:41,40,70,1
2024-07-07 08:39:42,16320,33,0
2024-07-07 08:39:42,761,27,0
2024-07-07 08:39:42,760,35,0
2024-07-07 08:39:42,3222710,40,0
2024-07-07 08:39:42,4067560,40,0
2024-07-07 08:39:42,67812,70,1
2024-07-07 08:39:42,98990,70,1
2024-07-07 08:39:43,17120,32,0
2024-07-07 08:39:43,763,42,0
2024-07-07 08:39:43,3535202,40,0
2024-07-07 08:39:43,4593317,40,0
2024-07-07 08:39:44,15960,32,0
2024-07-07 08:39:44,761,46,1
2024-07-07 08:39:44,3264954,40,0
2024-07-07 08:39:44,4191239,40,0
2024-07-07 08:39:45,15200,31,0
2024-07-07 08:39:45,1524,32,0
2024-07-07 08:39:45,800,28,0
2024-07-07 08:39:45,757,62,1
2024-07-07 08:39:45,3202180,40,0
2024-07-07 08:39:45,4190690,40,0
2024-07-07 08:39:45,72614,70,1
2024-07-07 08:39:45,115231,70,1
2024-07-07 08:39:46,16360,33,0
2024-07-07 08:39:46,1526,29,0
2024-07-07 08:39:46,360,32,0
2024-07-07 08:39:46,757,27,0
2024-07-07 08:39:46,3358686,40,0
2024-07-07 08:39:46,4577224,40,0
2024-07-07 08:39:46,24298,70,1
2024-07-07 08:39:46,42796,70,1
2024-07-07 08:39:47,3320,33,0
2024-07-07 08:39:47,480,34,0
2024-07-07 08:39:47,659248,40,0
2024-07-07 08:39:47,881466,40,0
2024-07-07 08:39:47,39614,70,1
2024-07-07 08:39:47,61565,70,1
2024-07-07 08:39:52,80,29,0
2024-07-07 08:39:52,3076,30,0
2024-07-07 08:39:52,120,37,0
2024-07-07 08:39:52,1698,37,0
2024-07-07 08:40:32,7760,32,0
2024-07-07 08:40:32,2287,27,0
2024-07-07 08:40:32,755,27,0
2024-07-07 08:40:32,1566859,40,0
2024-07-07 08:40:32,2118606,40,0
2024-07-07 08:40:32,40,70,1
2024-07-07 08:40:33,13720,33,0
2024-07-07 08:40:33,1526,29,0
2024-07-07 08:40:33,680,29,0
2024-07-07 08:40:33,2821550,40,0
2024-07-07 08:40:33,3585326,40,0
2024-07-07 08:40:33,60324,70,1
2024-07-07 08:40:33,83740,70,1
2024-07-07 08:40:34,16480,33,0
2024-07-07 08:40:34,3224058,40,0
2024-07-07 08:40:34,4309168,40,0
2024-07-07 08:40:52,120,41,0
2024-07-07 08:40:52,3076,38,0
2024-07-07 08:40:52,240,37,0
2024-07-07 08:40:52,1626,37,0
2024-07-07 08:41:33,80,38,0
2024-07-07 08:41:33,40,70,1
2024-07-07 08:41:33,64,70,1
2024-07-07 08:41:34,100,28,0
2024-07-07 08:41:34,684,29,0
2024-07-07 08:41:34,140,30,0
2024-07-07 08:41:34,684,30,0
2024-07-07 08:41:34,128,40,0
2024-07-07 08:41:34,48,70,1
2024-07-07 08:41:35,10880,33,0
2024-07-07 08:41:35,867,29,0
2024-07-07 08:41:35,680,34,0
2024-07-07 08:41:35,861,44,0
2024-07-07 08:41:35,2014540,40,0
2024-07-07 08:41:35,2556855,40,0
2024-07-07 08:41:35,52189,70,1
2024-07-07 08:41:35,105945,70,1
2024-07-07 08:41:36,19240,32,0
2024-07-07 08:41:36,761,27,0
2024-07-07 08:41:36,3951508,40,0
2024-07-07 08:41:36,5084998,40,0
2024-07-07 08:41:37,15440,32,0
2024-07-07 08:41:37,1526,29,0
2024-07-07 08:41:37,840,33,0
2024-07-07 08:41:37,759,28,0
2024-07-07 08:41:37,3190206,40,0
2024-07-07 08:41:37,4057178,40,0
2024-07-07 08:41:37,57650,70,1
2024-07-07 08:41:37,88079,70,1
2024-07-07 08:41:38,15880,31,0
2024-07-07 08:41:38,1528,36,0
2024-07-07 08:41:38,3341078,40,0
2024-07-07 08:41:38,4415950,40,0
2024-07-07 08:41:39,18880,32,0
2024-07-07 08:41:39,1528,27,0
2024-07-07 08:41:39,3608114,40,0
2024-07-07 08:41:39,4906926,40,0
2024-07-07 08:41:40,12840,32,0
2024-07-07 08:41:40,1528,28,0
2024-07-07 08:41:40,800,33,0
2024-07-07 08:41:40,757,35,0
2024-07-07 08:41:40,2687438,40,0
2024-07-07 08:41:40,3458879,40,0
2024-07-07 08:41:40,67416,70,1
2024-07-07 08:41:40,96358,70,1
2024-07-07 08:41:41,17040,32,0
2024-07-07 08:41:41,1528,27,0
2024-07-07 08:41:41,3547550,40,0
2024-07-07 08:41:41,4474429,40,0
2024-07-07 08:41:42,14720,31,0
2024-07-07 08:41:42,1528,29,0
2024-07-07 08:41:42,800,29,0
2024-07-07 08:41:42,759,32,0
2024-07-07 08:41:42,3083484,40,0
2024-07-07 08:41:42,4040992,40,0
2024-07-07 08:41:42,64700,70,1
2024-07-07 08:41:42,85270,70,1
2024-07-07 08:41:43,17160,34,0
2024-07-07 08:41:43,1528,29,0
2024-07-07 08:41:43,3347682,40,0
2024-07-07 08:41:43,4472886,40,0
2024-07-07 08:41:44,20960,32,0
2024-07-07 08:41:44,4065552,40,0
2024-07-07 08:41:44,5388928,40,0
2024-07-07 08:41:45,15240,32,0
2024-07-07 08:41:45,1528,28,0
2024-07-07 08:41:45,760,31,0
2024-07-07 08:41:45,759,29,0
2024-07-07 08:41:45,2955996,40,0
2024-07-07 08:41:45,3897796,40,0
2024-07-07 08:41:45,53078,70,1
2024-07-07 08:41:45,87210,70,1
2024-07-07 08:41:46,12360,32,0
2024-07-07 08:41:46,763,30,0
2024-07-07 08:41:46,2454974,40,0
2024-07-07 08:41:46,3334290,40,0
2024-07-07 08:41:52,40,28,0
2024-07-07 08:41:52,3076,29,0
2024-07-07 08:41:52,80,37,0
2024-07-07 08:41:52,1665,37,0
2024-07-07 08:42:31,3360,33,0
2024-07-07 08:42:31,761,30,0
2024-07-07 08:42:31,523724,40,0
2024-07-07 08:42:31,648533,40,0
2024-07-07 08:42:32,8800,32,0
2024-07-07 08:42:32,1548670,40,0
2024-07-07 08:42:32,2019510,40,0
2024-07-07 08:42:45,40,70,1
2024-07-07 08:42:52,120,31,0
2024-07-07 08:42:52,3076,31,0
2024-07-07 08:42:52,240,37,0
2024-07-07 08:42:52,1624,37,0
2024-07-07 08:43:03,6360,32,0
2024-07-07 08:43:03,763,62,1
2024-07-07 08:43:03,820,32,0
2024-07-07 08:43:03,1545,28,0
2024-07-07 08:43:03,1137276,40,0
2024-07-07 08:43:03,1452262,40,0
2024-07-07 08:43:03,51923,70,1
2024-07-07 08:43:03,88331,70,1
2024-07-07 08:43:04,22840,32,0
2024-07-07 08:43:04,761,29,0
2024-07-07 08:43:04,3855546,40,0
2024-07-07 08:43:04,5161044,40,0
2024-07-07 08:43:05,18920,32,0
2024-07-07 08:43:05,763,27,0
2024-07-07 08:43:05,3834850,40,0
2024-07-07 08:43:05,5158851,40,0
2024-07-07 08:43:06,18560,31,0
2024-07-07 08:43:06,763,27,0
2024-07-07 08:43:06,720,34,0
2024-07-07 08:43:06,755,46,1
2024-07-07 08:43:06,3782814,40,0
2024-07-07 08:43:06,5006557,40,0
2024-07-07 08:43:06,66190,70,1
2024-07-07 08:43:06,80185,70,1
2024-07-07 08:43:07,17680,32,0
2024-07-07 08:43:07,761,27,0
2024-07-07 08:43:07,3610662,40,0
2024-07-07 08:43:07,4733707,40,0
2024-07-07 08:43:08,17120,32,0
2024-07-07 08:43:08,1528,31,0
2024-07-07 08:43:08,680,32,0
2024-07-07 08:43:08,759,62,1
2024-07-07 08:43:08,3575310,40,0
2024-07-07 08:43:08,4857116,40,0
2024-07-07 08:43:08,55950,70,1
2024-07-07 08:43:08,102687,70,1
2024-07-07 08:43:09,17560,32,0
2024-07-07 08:43:09,765,31,0
2024-07-07 08:43:09,3574080,40,0
2024-07-07 08:43:09,4557027,40,0
2024-07-07 08:43:10,8360,32,0
2024-07-07 08:43:10,1596694,40,0
2024-07-07 08:43:10,2130350,40,0
2024-07-07 08:43:48,9040,32,0
2024-07-07 08:43:48,765,30,0
2024-07-07 08:43:48,1767260,40,0
2024-07-07 08:43:48,2257645,40,0
2024-07-07 08:43:49,13680,31,0
2024-07-07 08:43:49,1534,28,0
2024-07-07 08:43:49,2513809,40,0
2024-07-07 08:43:49,3274759,40,0
2024-07-07 08:43:50,18640,33,0
2024-07-07 08:43:50,767,27,0
2024-07-07 08:43:50,840,32,0
2024-07-07 08:43:50,761,27,0
2024-07-07 08:43:50,3649108,40,0
2024-07-07 08:43:50,4848820,40,0
2024-07-07 08:43:50,65480,70,1
2024-07-07 08:43:50,109600,70,1
2024-07-07 08:43:51,17840,32,0
2024-07-07 08:43:51,763,42,0
2024-07-07 08:43:51,3630958,40,0
2024-07-07 08:43:51,4773302,40,0
2024-07-07 08:43:52,16960,32,0
2024-07-07 08:43:52,120,30,0
2024-07-07 08:43:52,3076,28,0
2024-07-07 08:43:52,3280072,40,0
2024-07-07 08:43:52,4308219,40,0
2024-07-07 08:43:52,200,37,0
2024-07-07 08:43:52,1674,37,0
2024-07-07 08:44:12,720,32,0
2024-07-07 08:44:12,761,30,0
2024-07-07 08:44:12,154210,40,0
2024-07-07 08:44:12,180485,40,0
2024-07-07 08:44:13,20200,32,0
2024-07-07 08:44:13,763,30,0
2024-07-07 08:44:13,757,27,0
2024-07-07 08:44:13,4063416,40,0
2024-07-07 08:44:13,5010460,40,0
2024-07-07 08:44:13,40,70,1
2024-07-07 08:44:14,20400,33,0
2024-07-07 08:44:14,680,33,0
2024-07-07 08:44:14,3445266,40,0
2024-07-07 08:44:14,4420712,40,0
2024-07-07 08:44:14,60000,70,1
2024-07-07 08:44:14,107360,70,1
2024-07-07 08:44:15,11240,32,0
2024-07-07 08:44:15,1526,27,0
2024-07-07 08:44:15,2324852,40,0
2024-07-07 08:44:15,3092952,40,0
2024-07-07 08:44:16,16080,33,0
2024-07-07 08:44:16,765,30,0
2024-07-07 08:44:16,3204212,40,0
2024-07-07 08:44:16,4154612,40,0
2024-07-07 08:44:17,12840,32,0
2024-07-07 08:44:17,1524,31,0
2024-07-07 08:44:17,640,29,0
2024-07-07 08:44:17,757,27,0
2024-07-07 08:44:17,2450144,40,0
2024-07-07 08:44:17,3165302,40,0
2024-07-07 08:44:17,50040,70,1
2024-07-07 08:44:17,103705,70,1
2024-07-07 08:44:18,5840,33,0
2024-07-07 08:44:18,1053210,40,0
2024-07-07 08:44:18,1390946,40,0
2024-07-07 08:44:44,761,30,0
2024-07-07 08:44:44,40,40,0
2024-07-07 08:44:45,17560,32,0
2024-07-07 08:44:45,1526,44,0
2024-07-07 08:44:45,3330704,40,0
2024-07-07 08:44:45,4317943,40,0
2024-07-07 08:44:46,7600,32,0
2024-07-07 08:44:46,1525386,40,0
2024-07-07 08:44:46,1975150,40,0
2024-07-07 08:44:52,220,30,0
2024-07-07 08:44:52,4476,32,0
2024-07-07 08:44:52,368,43,0
2024-07-07 08:44:52,2972,43,0
2024-07-07 08:44:52,40,37,0
2024-07-07 08:44:57,5400,32,0
2024-07-07 08:44:57,763,29,0
2024-07-07 08:44:57,861508,40,0
2024-07-07 08:44:57,1128593,40,0
2024-07-07 08:45:04,920,34,0
2024-07-07 08:45:04,763,27,0
2024-07-07 08:45:04,600,37,0
2024-07-07 08:45:04,757,42,0
2024-07-07 08:45:04,81040,40,0
2024-07-07 08:45:04,85997,40,0
2024-07-07 08:45:04,42176,70,1
2024-07-07 08:45:04,44450,70,1
2024-07-07 08:45:05,17120,32,0
2024-07-07 08:45:05,360,35,0
2024-07-07 08:45:05,3043466,40,0
2024-07-07 08:45:05,3988796,40,0
2024-07-07 08:45:05,30202,70,1
2024-07-07 08:45:05,33405,70,1
2024-07-07 08:45:06,14520,32,0
2024-07-07 08:45:06,2287,30,0
2024-07-07 08:45:06,680,32,0
2024-07-07 08:45:06,757,27,0
2024-07-07 08:45:06,2905052,40,0
2024-07-07 08:45:06,3868195,40,0
2024-07-07 08:45:06,67964,70,1
2024-07-07 08:45:06,87521,70,1
2024-07-07 08:45:07,3960,31,0
2024-07-07 08:45:07,1524,28,0
2024-07-07 08:45:07,920,34,0
2024-07-07 08:45:07,755,62,1
2024-07-07 08:45:07,721094,40,0
2024-07-07 08:45:07,938196,40,0
2024-07-07 08:45:07,55452,70,1
2024-07-07 08:45:07,112299,70,1
2024-07-07 08:45:42,1120,34,0
2024-07-07 08:45:42,761,35,0
2024-07-07 08:45:42,153564,40,0
2024-07-07 08:45:42,124192,40,0
2024-07-07 08:45:43,6640,31,0
2024-07-07 08:45:43,3819,36,0
2024-07-07 08:45:43,1760,32,0
2024-07-07 08:45:43,2273,35,0
2024-07-07 08:45:43,1359794,40,0
2024-07-07 08:45:43,1808759,40,0
2024-07-07 08:45:43,169016,70,1
2024-07-07 08:45:43,319241,70,1
2024-07-07 08:45:44,2480,31,0
2024-07-07 08:45:44,763,42,0
2024-07-07 08:45:44,680,30,0
2024-07-07 08:45:44,757,27,0
2024-07-07 08:45:44,442860,40,0
2024-07-07 08:45:44,617814,40,0
2024-07-07 08:45:44,47256,70,1
2024-07-07 08:45:44,86136,70,1
2024-07-07 08:45:52,40,42,0
2024-07-07 08:45:52,3080,35,0
2024-07-07 08:45:52,160,43,0
2024-07-07 08:45:52,1625,43,0
2024-07-07 08:46:29,2840,31,0
2024-07-07 08:46:29,3056,32,0
2024-07-07 08:46:29,840,29,0
2024-07-07 08:46:29,1516,28,0
2024-07-07 08:46:29,493380,40,0
2024-07-07 08:46:29,620254,40,0
2024-07-07 08:46:29,75005,70,1
2024-07-07 08:46:29,142670,70,1
2024-07-07 08:46:52,80,27,0
2024-07-07 08:46:52,3077,34,0
2024-07-07 08:46:52,200,43,0
2024-07-07 08:46:52,1586,43,0
2024-07-07 08:47:29,40,40,0
2024-07-07 08:47:29,40,70,1
2024-07-07 08:47:32,120,34,0
2024-07-07 08:47:32,2292,34,0
2024-07-07 08:47:32,120,43,0
2024-07-07 08:47:32,3656,43,0
2024-07-07 08:47:33,200,36,0
2024-07-07 08:47:33,5978,34,0
2024-07-07 08:47:33,380,29,0
2024-07-07 08:47:33,3275,35,0
2024-07-07 08:47:33,23139,43,0
2024-07-07 08:47:33,34989,43,0
2024-07-07 08:47:33,1706,45,0
2024-07-07 08:47:33,20782,45,0
2024-07-07 08:47:34,340,30,0
2024-07-07 08:47:34,1974,40,0
2024-07-07 08:47:34,760,36,0
2024-07-07 08:47:34,10202,35,0
2024-07-07 08:47:34,168,35,0
2024-07-07 08:47:34,14369,35,0
2024-07-07 08:47:34,3572,45,0
2024-07-07 08:47:34,65409,45,0
2024-07-07 08:47:35,660,32,0
2024-07-07 08:47:35,2719,30,0
2024-07-07 08:47:35,8040,32,0
2024-07-07 08:47:35,759,32,0
2024-07-07 08:47:35,82506,31,0
2024-07-07 08:47:35,79831,31,0
2024-07-07 08:47:35,977094,45,0
2024-07-07 08:47:35,1241930,45,0
2024-07-07 08:47:36,800,33,0
2024-07-07 08:47:36,754,30,0
2024-07-07 08:47:36,20400,32,0
2024-07-07 08:47:36,761,35,0
2024-07-07 08:47:36,3080,32,0
2024-07-07 08:47:36,56116,31,0
2024-07-07 08:47:36,96954,31,0
2024-07-07 08:47:36,2339744,35,0
2024-07-07 08:47:36,3129195,35,0
2024-07-07 08:47:36,264100,45,0
2024-07-07 08:47:36,332780,45,0
2024-07-07 08:47:37,19080,33,0
2024-07-07 08:47:37,1522,29,0
2024-07-07 08:47:37,3452404,35,0
2024-07-07 08:47:37,4529175,35,0
2024-07-07 08:47:38,19800,32,0
2024-07-07 08:47:38,762,35,0
2024-07-07 08:47:38,4242252,35,0
2024-07-07 08:47:38,5494828,35,0
2024-07-07 08:47:39,800,33,0
2024-07-07 08:47:39,758,27,0
2024-07-07 08:47:39,18680,32,0
2024-07-07 08:47:39,764,32,0
2024-07-07 08:47:39,65450,31,0
2024-07-07 08:47:39,83954,31,0
2024-07-07 08:47:39,3672728,35,0
2024-07-07 08:47:39,4884254,35,0
2024-07-07 08:47:40,19240,32,0
2024-07-07 08:47:40,762,29,0
2024-07-07 08:47:40,3953776,35,0
2024-07-07 08:47:40,5261615,35,0
2024-07-07 08:47:41,880,35,0
2024-07-07 08:47:41,754,27,0
2024-07-07 08:47:41,16760,33,0
2024-07-07 08:47:41,764,62,1
2024-07-07 08:47:41,73038,31,0
2024-07-07 08:47:41,105530,31,0
2024-07-07 08:47:41,3501550,35,0
2024-07-07 08:47:41,4578261,35,0
2024-07-07 08:47:42,17680,33,0
2024-07-07 08:47:42,762,30,0
2024-07-07 08:47:42,3667874,35,0
2024-07-07 08:47:42,4807348,35,0
2024-07-07 08:47:43,19400,32,0
2024-07-07 08:47:43,762,27,0
2024-07-07 08:47:43,3911702,35,0
2024-07-07 08:47:43,5122989,35,0
2024-07-07 08:47:44,840,30,0
2024-07-07 08:47:44,756,27,0
2024-07-07 08:47:44,16080,32,0
2024-07-07 08:47:44,763,30,0
2024-07-07 08:47:44,73748,31,0
2024-07-07 08:47:44,96602,31,0
2024-07-07 08:47:44,3422596,35,0
2024-07-07 08:47:44,4463047,35,0
2024-07-07 08:47:45,17920,33,0
2024-07-07 08:47:45,762,46,1
2024-07-07 08:47:45,3629682,35,0
2024-07-07 08:47:45,4710537,35,0
2024-07-07 08:47:46,19200,33,0
2024-07-07 08:47:46,764,29,0
2024-07-07 08:47:46,3927580,35,0
2024-07-07 08:47:46,5119599,35,0
2024-07-07 08:47:47,880,34,0
2024-07-07 08:47:47,753,35,0
2024-07-07 08:47:47,19360,32,0
2024-07-07 08:47:47,764,29,0
2024-07-07 08:47:47,74620,31,0
2024-07-07 08:47:47,119691,31,0
2024-07-07 08:47:47,3957586,35,0
2024-07-07 08:47:47,5169596,35,0
2024-07-07 08:47:48,20200,32,0
2024-07-07 08:47:48,764,32,0
2024-07-07 08:47:48,3767046,35,0
2024-07-07 08:47:48,4945494,35,0
2024-07-07 08:47:49,18760,32,0
2024-07-07 08:47:49,1530,38,0
2024-07-07 08:47:49,3872436,35,0
2024-07-07 08:47:49,5022714,35,0
2024-07-07 08:47:50,20480,32,0
2024-07-07 08:47:50,4278042,35,0
2024-07-07 08:47:50,5561026,35,0
2024-07-07 08:47:51,6600,33,0
2024-07-07 08:47:51,1460812,35,0
2024-07-07 08:47:51,1896260,35,0
2024-07-07 08:47:52,40,29,0
2024-07-07 08:47:52,3076,39,0
2024-07-07 08:47:52,240,43,0
2024-07-07 08:47:52,1652,43,0
2024-07-07 08:48:34,80,45,0
2024-07-07 08:48:35,40,27,0
2024-07-07 08:48:35,40,45,0
2024-07-07 08:48:35,64,45,0
2024-07-07 08:48:36,40,42,0
2024-07-07 08:48:38,9120,32,0
2024-07-07 08:48:38,754,27,0
2024-07-07 08:48:38,320,33,0
2024-07-07 08:48:38,12460,37,0
2024-07-07 08:48:38,40,27,0
2024-07-07 08:48:38,1584725,35,0
2024-07-07 08:48:38,2075238,35,0
2024-07-07 08:48:38,400,43,0
2024-07-07 08:48:38,31817,43,0
2024-07-07 08:48:39,15920,32,0
2024-07-07 08:48:39,1512,44,0
2024-07-07 08:48:39,80,31,0
2024-07-07 08:48:39,4887,28,0
2024-07-07 08:48:39,3005808,35,0
2024-07-07 08:48:39,4037203,35,0
2024-07-07 08:48:39,80,43,0
2024-07-07 08:48:39,1784,43,0
2024-07-07 08:48:40,23000,33,0
2024-07-07 08:48:40,757,31,0
2024-07-07 08:48:40,40,46,1
2024-07-07 08:48:40,752,28,0
2024-07-07 08:48:40,4328988,35,0
2024-07-07 08:48:40,5758697,35,0
2024-07-07 08:48:40,80,43,0
2024-07-07 08:48:40,313,43,0
2024-07-07 08:48:41,720,31,0
2024-07-07 08:48:41,751,27,0
2024-07-07 08:48:41,15000,33,0
2024-07-07 08:48:41,1520,28,0
2024-07-07 08:48:41,280,36,0
2024-07-07 08:48:41,14600,32,0
2024-07-07 08:48:41,64184,31,0
2024-07-07 08:48:41,86041,31,0
2024-07-07 08:48:41,3144360,35,0
2024-07-07 08:48:41,3963951,35,0
2024-07-07 08:48:41,160,43,0
2024-07-07 08:48:41,5709,43,0
2024-07-07 08:48:42,15040,32,0
2024-07-07 08:48:42,2277,29,0
2024-07-07 08:48:42,2995191,35,0
2024-07-07 08:48:42,3866788,35,0
2024-07-07 08:48:43,760,33,0
2024-07-07 08:48:43,753,30,0
2024-07-07 08:48:43,18440,32,0
2024-07-07 08:48:43,761,30,0
2024-07-07 08:48:43,120,32,0
2024-07-07 08:48:43,14481,28,0
2024-07-07 08:48:43,66778,31,0
2024-07-07 08:48:43,98278,31,0
2024-07-07 08:48:43,3670434,35,0
2024-07-07 08:48:43,4898560,35,0
2024-07-07 08:48:43,240,43,0
2024-07-07 08:48:43,225,43,0
2024-07-07 08:48:44,280,31,0
2024-07-07 08:48:44,751,30,0
2024-07-07 08:48:44,15920,32,0
2024-07-07 08:48:44,2275,28,0
2024-07-07 08:48:44,280,31,0
2024-07-07 08:48:44,4827,32,0
2024-07-07 08:48:44,30040,31,0
2024-07-07 08:48:44,23188,31,0
2024-07-07 08:48:44,2730645,35,0
2024-07-07 08:48:44,3632175,35,0
2024-07-07 08:48:44,120,43,0
2024-07-07 08:48:44,29391,43,0
2024-07-07 08:48:45,480,31,0
2024-07-07 08:48:45,18640,33,0
2024-07-07 08:48:45,1518,28,0
2024-07-07 08:48:45,42370,31,0
2024-07-07 08:48:45,66811,31,0
2024-07-07 08:48:45,3619166,35,0
2024-07-07 08:48:45,4727222,35,0
2024-07-07 08:48:46,840,30,0
2024-07-07 08:48:46,749,42,0
2024-07-07 08:48:46,18480,33,0
2024-07-07 08:48:46,1516,27,0
2024-07-07 08:48:46,65722,31,0
2024-07-07 08:48:46,88232,31,0
2024-07-07 08:48:46,3558738,35,0
2024-07-07 08:48:46,4525840,35,0
2024-07-07 08:48:47,17920,32,0
2024-07-07 08:48:47,759,42,0
2024-07-07 08:48:47,3772614,35,0
2024-07-07 08:48:47,4890369,35,0
2024-07-07 08:48:48,760,30,0
2024-07-07 08:48:48,752,27,0
2024-07-07 08:48:48,11880,32,0
2024-07-07 08:48:48,3036,40,0
2024-07-07 08:48:48,73038,31,0
2024-07-07 08:48:48,72846,31,0
2024-07-07 08:48:48,2267748,35,0
2024-07-07 08:48:48,2944644,35,0
2024-07-07 08:48:49,1360,31,0
2024-07-07 08:48:49,1504,32,0
2024-07-07 08:48:49,11360,33,0
2024-07-07 08:48:49,3044,40,0
2024-07-07 08:48:49,110456,31,0
2024-07-07 08:48:49,182543,31,0
2024-07-07 08:48:49,2266918,35,0
2024-07-07 08:48:49,2932584,35,0
2024-07-07 08:48:50,720,29,0
2024-07-07 08:48:50,752,27,0
2024-07-07 08:48:50,8200,31,0
2024-07-07 08:48:50,3036,27,0
2024-07-07 08:48:50,65724,31,0
2024-07-07 08:48:50,90384,31,0
2024-07-07 08:48:50,1639570,35,0
2024-07-07 08:48:50,2104873,35,0
2024-07-07 08:48:51,40,30,0
2024-07-07 08:48:51,750,46,1
2024-07-07 08:48:51,9800,33,0
2024-07-07 08:48:51,3794,27,0
2024-07-07 08:48:51,40,31,0
2024-07-07 08:48:51,588,31,0
2024-07-07 08:48:51,1877209,35,0
2024-07-07 08:48:51,2452847,35,0
2024-07-07 08:48:52,720,31,0
2024-07-07 08:48:52,3440,32,0
2024-07-07 08:48:52,66706,31,0
2024-07-07 08:48:52,75809,31,0
2024-07-07 08:48:52,677492,35,0
2024-07-07 08:48:52,812591,35,0
2024-07-07 08:49:37,120,30,0
2024-07-07 08:49:37,752,32,0
2024-07-07 08:49:37,8000,33,0
2024-07-07 08:49:37,3796,28,0
2024-07-07 08:49:37,11144,31,0
2024-07-07 08:49:37,588,31,0
2024-07-07 08:49:37,1506092,35,0
2024-07-07 08:49:37,1889860,35,0
2024-07-07 08:49:38,800,31,0
2024-07-07 08:49:38,8880,33,0
2024-07-07 08:49:38,3036,29,0
2024-07-07 08:49:38,80,31,0
2024-07-07 08:49:38,2948,34,0
2024-07-07 08:49:38,66432,31,0
2024-07-07 08:49:38,82134,31,0
2024-07-07 08:49:38,1717752,35,0
2024-07-07 08:49:38,2115866,35,0
2024-07-07 08:49:38,200,43,0
2024-07-07 08:49:38,1602,43,0
2024-07-07 08:49:39,840,31,0
2024-07-07 08:49:39,756,27,0
2024-07-07 08:49:39,10560,32,0
2024-07-07 08:49:39,3046,28,0
2024-07-07 08:49:39,72734,31,0
2024-07-07 08:49:39,95457,31,0
2024-07-07 08:49:39,2233112,35,0
2024-07-07 08:49:39,2840212,35,0
2024-07-07 08:49:40,400,28,0
2024-07-07 08:49:40,752,27,0
2024-07-07 08:49:40,9800,32,0
2024-07-07 08:49:40,3038,32,0
2024-07-07 08:49:40,39452,31,0
2024-07-07 08:49:40,40082,31,0
2024-07-07 08:49:40,1853824,35,0
2024-07-07 08:49:40,2419299,35,0
2024-07-07 08:49:41,360,31,0
2024-07-07 08:49:41,4840,31,0
2024-07-07 08:49:41,31854,31,0
2024-07-07 08:49:41,75589,31,0
2024-07-07 08:49:41,974272,35,0
2024-07-07 08:49:41,1329507,35,0
2024-07-07 08:50:26,6280,32,0
2024-07-07 08:50:26,3044,29,0
2024-07-07 08:50:26,1136846,35,0
2024-07-07 08:50:26,1519572,35,0
2024-07-07 08:50:27,2400,31,0
2024-07-07 08:50:27,475680,35,0
2024-07-07 08:50:27,585285,35,0
2024-07-07 08:50:38,80,29,0
2024-07-07 08:50:38,2873,28,0
2024-07-07 08:50:38,180,36,0
2024-07-07 08:50:38,4351,27,0
2024-07-07 08:50:38,200,43,0
2024-07-07 08:50:38,193,43,0
2024-07-07 08:50:38,248,37,0
2024-07-07 08:50:38,2894,37,0
2024-07-07 08:50:41,80,45,0
2024-07-07 08:50:41,40,31,0
2024-07-07 08:50:41,64,31,0
2024-07-07 08:51:07,420,35,0
2024-07-07 08:51:07,1543,40,0
2024-07-07 08:51:07,3120,34,0
2024-07-07 08:51:07,761,35,0
2024-07-07 08:51:07,34898,31,0
2024-07-07 08:51:07,16477,31,0
2024-07-07 08:51:07,636106,35,0
2024-07-07 08:51:07,799217,35,0
2024-07-07 08:51:08,1200,29,0
2024-07-07 08:51:08,753,30,0
2024-07-07 08:51:08,12240,33,0
2024-07-07 08:51:08,2281,27,0
2024-07-07 08:51:08,99624,31,0
2024-07-07 08:51:08,132250,31,0
2024-07-07 08:51:08,2414685,35,0
2024-07-07 08:51:08,3118473,35,0
2024-07-07 08:51:09,800,29,0
2024-07-07 08:51:09,753,29,0
2024-07-07 08:51:09,10800,32,0
2024-07-07 08:51:09,3040,28,0
2024-07-07 08:51:09,73282,31,0
2024-07-07 08:51:09,78362,31,0
2024-07-07 08:51:09,2090061,35,0
2024-07-07 08:51:09,2636395,35,0
2024-07-07 08:51:10,720,35,0
2024-07-07 08:51:10,753,27,0
2024-07-07 08:51:10,10720,33,0
2024-07-07 08:51:10,3042,28,0
2024-07-07 08:51:10,43636,31,0
2024-07-07 08:51:10,95940,31,0
2024-07-07 08:51:10,2100350,35,0
2024-07-07 08:51:10,2558024,35,0
2024-07-07 08:51:11,17520,32,0
2024-07-07 08:51:11,1520,38,0
2024-07-07 08:51:11,3709852,35,0
2024-07-07 08:51:11,4947774,35,0
2024-07-07 08:51:12,751,35,0
2024-07-07 08:51:12,12600,33,0
2024-07-07 08:51:12,3046,32,0
2024-07-07 08:51:12,40,31,0
2024-07-07 08:51:12,2485216,35,0
2024-07-07 08:51:12,3326748,35,0
2024-07-07 08:51:13,720,33,0
2024-07-07 08:51:13,4080,34,0
2024-07-07 08:51:13,55754,31,0
2024-07-07 08:51:13,85487,31,0
2024-07-07 08:51:13,782436,35,0
2024-07-07 08:51:13,984173,35,0
2024-07-07 08:51:38,80,28,0
2024-07-07 08:51:38,2931,40,0
2024-07-07 08:51:38,240,37,0
2024-07-07 08:51:38,1622,37,0
2024-07-07 08:51:58,840,33,0
2024-07-07 08:51:58,753,27,0
2024-07-07 08:51:58,9240,33,0
2024-07-07 08:51:58,3044,34,0
2024-07-07 08:51:58,70364,31,0
2024-07-07 08:51:58,103502,31,0
2024-07-07 08:51:58,1954214,35,0
2024-07-07 08:51:58,2458754,35,0
2024-07-07 08:51:59,760,32,0
2024-07-07 08:51:59,753,30,0
2024-07-07 08:51:59,13480,32,0
2024-07-07 08:51:59,2281,29,0
2024-07-07 08:51:59,65480,31,0
2024-07-07 08:51:59,81708,31,0
2024-07-07 08:51:59,2497802,35,0
2024-07-07 08:51:59,3068066,35,0
2024-07-07 08:52:00,7520,32,0
2024-07-07 08:52:00,1481861,35,0
2024-07-07 08:52:00,1950683,35,0
2024-07-07 08:52:38,40,29,0
2024-07-07 08:52:38,2932,33,0
2024-07-07 08:52:38,240,37,0
2024-07-07 08:52:38,1627,37,0
2024-07-07 08:52:45,1280,35,0
2024-07-07 08:52:45,751,42,0
2024-07-07 08:52:45,9000,32,0
2024-07-07 08:52:45,1520,27,0
2024-07-07 08:52:45,100888,31,0
2024-07-07 08:52:45,102771,31,0
2024-07-07 08:52:45,1597580,35,0
2024-07-07 08:52:45,2052361,35,0
2024-07-07 08:52:46,680,36,0
2024-07-07 08:52:46,751,35,0
2024-07-07 08:52:46,17600,32,0
2024-07-07 08:52:46,1520,27,0
2024-07-07 08:52:46,64224,31,0
2024-07-07 08:52:46,84150,31,0
2024-07-07 08:52:46,3646172,35,0
2024-07-07 08:52:46,4780790,35,0
2024-07-07 08:52:47,880,32,0
2024-07-07 08:52:47,753,27,0
2024-07-07 08:52:47,18240,33,0
2024-07-07 08:52:47,761,27,0
2024-07-07 08:52:47,67890,31,0
2024-07-07 08:52:47,103183,31,0
2024-07-07 08:52:47,3208408,35,0
2024-07-07 08:52:47,4089380,35,0
2024-07-07 08:52:48,6040,32,0
2024-07-07 08:52:48,1204832,35,0
2024-07-07 08:52:48,1570263,35,0
2024-07-07 08:53:32,3440,33,0
2024-07-07 08:53:32,761,42,0
2024-07-07 08:53:32,638450,35,0
2024-07-07 08:53:32,903139,35,0
2024-07-07 08:53:33,14280,32,0
2024-07-07 08:53:33,761,27,0
2024-07-07 08:53:33,2887100,35,0
2024-07-07 08:53:33,3906852,35,0
2024-07-07 08:53:34,760,33,0
2024-07-07 08:53:34,751,30,0
2024-07-07 08:53:34,13520,32,0
2024-07-07 08:53:34,1520,27,0
2024-07-07 08:53:34,84538,31,0
2024-07-07 08:53:34,82132,31,0
2024-07-07 08:53:34,2618790,35,0
2024-07-07 08:53:34,3473991,35,0
2024-07-07 08:53:35,16800,32,0
2024-07-07 08:53:35,1522,44,0
2024-07-07 08:53:35,3274429,35,0
2024-07-07 08:53:35,4322265,35,0
2024-07-07 08:53:36,720,32,0
2024-07-07 08:53:36,757,27,0
2024-07-07 08:53:36,15000,33,0
2024-07-07 08:53:36,1524,30,0
2024-07-07 08:53:36,72958,31,0
2024-07-07 08:53:36,110527,31,0
2024-07-07 08:53:36,3065296,35,0
2024-07-07 08:53:36,4019561,35,0
2024-07-07 08:53:37,17320,32,0
2024-07-07 08:53:37,1520,31,0
2024-07-07 08:53:37,3437610,35,0
2024-07-07 08:53:37,4254299,35,0
2024-07-07 08:53:38,4760,32,0
2024-07-07 08:53:38,40,42,0
2024-07-07 08:53:38,2932,36,0
2024-07-07 08:53:38,916440,35,0
2024-07-07 08:53:38,1192703,35,0
2024-07-07 08:53:38,200,37,0
2024-07-07 08:53:38,1665,37,0
2024-07-07 08:54:23,13320,32,0
2024-07-07 08:54:23,759,28,0
2024-07-07 08:54:23,2276518,35,0
2024-07-07 08:54:23,2859759,35,0
2024-07-07 08:54:24,720,36,0
2024-07-07 08:54:24,755,46,1
2024-07-07 08:54:24,15120,32,0
2024-07-07 08:54:24,1520,27,0
2024-07-07 08:54:24,60880,31,0
2024-07-07 08:54:24,84641,31,0
2024-07-07 08:54:24,2878110,35,0
2024-07-07 08:54:24,3697283,35,0
2024-07-07 08:54:25,12880,32,0
2024-07-07 08:54:25,1522,31,0
2024-07-07 08:54:25,2497702,35,0
2024-07-07 08:54:25,3173495,35,0
2024-07-07 08:54:26,720,32,0
2024-07-07 08:54:26,755,30,0
2024-07-07 08:54:26,14160,32,0
2024-07-07 08:54:26,2283,28,0
2024-07-07 08:54:26,58510,31,0
2024-07-07 08:54:26,93363,31,0
2024-07-07 08:54:26,2857824,35,0
2024-07-07 08:54:26,3792861,35,0
2024-07-07 08:54:27,18480,33,0
2024-07-07 08:54:27,2279,28,0
2024-07-07 08:54:27,3591628,35,0
2024-07-07 08:54:27,4670787,35,0
2024-07-07 08:54:28,840,35,0
2024-07-07 08:54:28,751,46,1
2024-07-07 08:54:28,6520,33,0
2024-07-07 08:54:28,759,30,0
2024-07-07 08:54:28,63716,31,0
2024-07-07 08:54:28,85118,31,0
2024-07-07 08:54:28,1072722,35,0
2024-07-07 08:54:28,1424553,35,0
2024-07-07 08:54:38,40,42,0
2024-07-07 08:54:38,2933,35,0
2024-07-07 08:54:38,200,37,0
2024-07-07 08:54:38,1587,37,0
2024-07-07 08:55:13,6320,33,0
2024-07-07 08:55:13,2283,27,0
2024-07-07 08:55:13,1202110,35,0
2024-07-07 08:55:13,1518188,35,0
2024-07-07 08:55:14,840,33,0
2024-07-07 08:55:14,755,32,0
2024-07-07 08:55:14,14280,33,0
2024-07-07 08:55:14,2285,45,0
2024-07-07 08:55:14,77182,31,0
2024-07-07 08:55:14,67585,31,0
2024-07-07 08:55:14,2814924,35,0
2024-07-07 08:55:14,3593980,35,0
2024-07-07 08:55:15,9000,33,0
2024-07-07 08:55:15,2283,36,0
2024-07-07 08:55:15,1922700,35,0
2024-07-07 08:55:15,2509465,35,0
2024-07-07 08:55:16,760,34,0
2024-07-07 08:55:16,753,27,0
2024-07-07 08:55:16,8520,31,0
2024-07-07 08:55:16,3797,33,0
2024-07-07 08:55:16,70526,31,0
2024-07-07 08:55:16,68681,31,0
2024-07-07 08:55:16,1764980,35,0
2024-07-07 08:55:16,2209628,35,0
2024-07-07 08:55:17,7880,33,0
2024-07-07 08:55:17,3042,35,0
2024-07-07 08:55:17,1599724,35,0
2024-07-07 08:55:17,1977990,35,0
2024-07-07 08:55:18,800,38,0
2024-07-07 08:55:18,751,46,1
2024-07-07 08:55:18,2520,32,0
2024-07-07 08:55:18,759,29,0
2024-07-07 08:55:18,76624,31,0
2024-07-07 08:55:18,88627,31,0
2024-07-07 08:55:18,468828,35,0
2024-07-07 08:55:18,531550,35,0
2024-07-07 08:55:38,40,35,0
2024-07-07 08:55:38,2932,29,0
2024-07-07 08:55:38,240,37,0
2024-07-07 08:55:38,1662,37,0
2024-07-07 08:56:18,80,29,0
2024-07-07 08:56:18,80,27,0
2024-07-07 08:56:18,40,31,0
2024-07-07 08:56:18,64,31,0
2024-07-07 08:56:18,40,35,0
2024-07-07 08:56:18,64,35,0
2024-07-07 08:56:30,40,29,0
2024-07-07 08:56:30,4160,31,0
2024-07-07 08:56:30,2337,30,0
2024-07-07 08:56:30,691366,35,0
2024-07-07 08:56:30,808952,35,0
2024-07-07 08:56:31,18920,32,0
2024-07-07 08:56:31,759,46,1
2024-07-07 08:56:31,3691076,35,0
2024-07-07 08:56:31,4886319,35,0
2024-07-07 08:56:32,1180,33,0
2024-07-07 08:56:32,1541,30,0
2024-07-07 08:56:32,18240,31,0
2024-07-07 08:56:32,761,27,0
2024-07-07 08:56:32,87896,31,0
2024-07-07 08:56:32,66158,31,0
2024-07-07 08:56:32,3643012,35,0
2024-07-07 08:56:32,4879237,35,0
2024-07-07 08:56:33,14560,32,0
2024-07-07 08:56:33,1522,28,0
2024-07-07 08:56:33,2892389,35,0
2024-07-07 08:56:33,3789120,35,0
2024-07-07 08:56:34,840,31,0
2024-07-07 08:56:34,751,27,0
2024-07-07 08:56:34,13200,32,0
2024-07-07 08:56:34,2281,33,0
2024-07-07 08:56:34,75480,31,0
2024-07-07 08:56:34,87773,31,0
2024-07-07 08:56:34,2638192,35,0
2024-07-07 08:56:34,3375488,35,0
2024-07-07 08:56:35,920,36,0
2024-07-07 08:56:35,753,27,0
2024-07-07 08:56:35,16840,32,0
2024-07-07 08:56:35,1522,29,0
2024-07-07 08:56:35,82532,31,0
2024-07-07 08:56:35,97546,31,0
2024-07-07 08:56:35,3276590,35,0
2024-07-07 08:56:35,4267409,35,0
2024-07-07 08:56:36,1000,33,0
2024-07-07 08:56:36,753,29,0
2024-07-07 08:56:36,14440,32,0
2024-07-07 08:56:36,1520,27,0
2024-07-07 08:56:36,80332,31,0
2024-07-07 08:56:36,89360,31,0
2024-07-07 08:56:36,2763189,35,0
2024-07-07 08:56:36,3486142,35,0
2024-07-07 08:56:38,40,62,1
2024-07-07 08:56:38,2932,28,0
2024-07-07 08:56:38,200,37,0
2024-07-07 08:56:38,1625,37,0
2024-07-07 08:57:21,760,31,0
2024-07-07 08:57:21,761,27,0
2024-07-07 08:57:21,116948,35,0
2024-07-07 08:57:21,119227,35,0
2024-07-07 08:57:22,17920,33,0
2024-07-07 08:57:22,761,29,0
2024-07-07 08:57:22,3508024,35,0
2024-07-07 08:57:22,4695582,35,0
2024-07-07 08:57:23,920,32,0
2024-07-07 08:57:23,755,30,0
2024-07-07 08:57:23,19720,32,0
2024-07-07 08:57:23,763,27,0
2024-07-07 08:57:23,79462,31,0
2024-07-07 08:57:23,99712,31,0
2024-07-07 08:57:23,4143782,35,0
2024-07-07 08:57:23,5466080,35,0
2024-07-07 08:57:24,16840,32,0
2024-07-07 08:57:24,1526,28,0
2024-07-07 08:57:24,3565266,35,0
2024-07-07 08:57:24,4658420,35,0
2024-07-07 08:57:25,751,62,1
2024-07-07 08:57:25,20720,32,0
2024-07-07 08:57:25,759,31,0
2024-07-07 08:57:25,40,31,0
2024-07-07 08:57:25,4128138,35,0
2024-07-07 08:57:25,5425414,35,0
2024-07-07 08:57:26,880,33,0
2024-07-07 08:57:26,15960,33,0
2024-07-07 08:57:26,81854,31,0
2024-07-07 08:57:26,108149,31,0
2024-07-07 08:57:26,3119512,35,0
2024-07-07 08:57:26,4096681,35,0
2024-07-07 08:57:27,16840,32,0
2024-07-07 08:57:27,759,27,0
2024-07-07 08:57:27,3328722,35,0
2024-07-07 08:57:27,4424676,35,0
2024-07-07 08:57:28,5320,33,0
2024-07-07 08:57:28,1085492,35,0
2024-07-07 08:57:28,1453446,35,0
2024-07-07 08:57:30,80,42,0
2024-07-07 08:57:30,40,35,0
2024-07-07 08:57:30,64,35,0
2024-07-07 08:57:38,120,28,0
2024-07-07 08:57:38,2932,31,0
2024-07-07 08:57:38,200,37,0
2024-07-07 08:57:38,1664,37,0
2024-07-07 08:58:13,751,32,0
2024-07-07 08:58:13,12520,32,0
2024-07-07 08:58:13,1520,28,0
2024-07-07 08:58:13,40,31,0
2024-07-07 08:58:13,2034270,35,0
2024-07-07 08:58:13,2678439,35,0
2024-07-07 08:58:14,760,30,0
2024-07-07 08:58:14,13080,32,0
2024-07-07 08:58:14,761,31,0
2024-07-07 08:58:14,68632,31,0
2024-07-07 08:58:14,77364,31,0
2024-07-07 08:58:14,2526361,35,0
2024-07-07 08:58:14,3294664,35,0
2024-07-07 08:58:15,16920,32,0
2024-07-07 08:58:15,761,27,0
2024-07-07 08:58:15,3379702,35,0
2024-07-07 08:58:15,4453869,35,0
2024-07-07 08:58:16,11720,33,0
2024-07-07 08:58:16,2280684,35,0
2024-07-07 08:58:16,2948854,35,0
2024-07-07 08:58:38,40,42,0
2024-07-07 08:58:38,2932,30,0
2024-07-07 08:58:38,240,37,0
2024-07-07 08:58:38,1585,37,0
2024-07-07 08:59:06,760,32,0
2024-07-07 08:59:06,751,62,1
2024-07-07 08:59:06,21040,32,0
2024-07-07 08:59:06,1522,44,0
2024-07-07 08:59:06,77800,31,0
2024-07-07 08:59:06,100795,31,0
2024-07-07 08:59:06,3512142,35,0
2024-07-07 08:59:06,4562165,35,0
2024-07-07 08:59:07,18680,32,0
2024-07-07 08:59:07,761,30,0
2024-07-07 08:59:07,3878600,35,0
2024-07-07 08:59:07,4948903,35,0
2024-07-07 08:59:08,880,31,0
2024-07-07 08:59:08,753,35,0
2024-07-07 08:59:08,18120,32,0
2024-07-07 08:59:08,1520,27,0
2024-07-07 08:59:08,77496,31,0
2024-07-07 08:59:08,119020,31,0
2024-07-07 08:59:08,3789818,35,0
2024-07-07 08:59:08,5002092,35,0
2024-07-07 08:59:09,18120,33,0
2024-07-07 08:59:09,763,31,0
2024-07-07 08:59:09,3556588,35,0
2024-07-07 08:59:09,4701018,35,0
2024-07-07 08:59:10,17920,32,0
2024-07-07 08:59:10,761,30,0
2024-07-07 08:59:10,3685554,35,0
2024-07-07 08:59:10,4807643,35,0
2024-07-07 08:59:11,680,30,0
2024-07-07 08:59:11,751,28,0
2024-07-07 08:59:11,17360,32,0
2024-07-07 08:59:11,759,30,0
2024-07-07 08:59:11,65674,31,0
2024-07-07 08:59:11,82624,31,0
2024-07-07 08:59:11,3399254,35,0
2024-07-07 08:59:11,4520345,35,0
2024-07-07 08:59:12,17320,32,0
2024-07-07 08:59:12,761,30,0
2024-07-07 08:59:12,3606166,35,0
2024-07-07 08:59:12,4666286,35,0
2024-07-07 08:59:13,25200,32,0
2024-07-07 08:59:13,4167152,35,0
2024-07-07 08:59:13,5525636,35,0
2024-07-07 08:59:14,760,34,0
2024-07-07 08:59:14,753,42,0
2024-07-07 08:59:14,15960,33,0
2024-07-07 08:59:14,759,27,0
2024-07-07 08:59:14,76108,31,0
2024-07-07 08:59:14,107275,31,0
2024-07-07 08:59:14,3283098,35,0
2024-07-07 08:59:14,4347299,35,0
2024-07-07 08:59:15,19240,32,0
2024-07-07 08:59:15,761,27,0
2024-07-07 08:59:15,4125184,35,0
2024-07-07 08:59:15,5553914,35,0
2024-07-07 08:59:16,18840,32,0
2024-07-07 08:59:16,761,27,0
2024-07-07 08:59:16,3876850,35,0
2024-07-07 08:59:16,4966874,35,0
2024-07-07 08:59:17,640,32,0
2024-07-07 08:59:17,116726,35,0
2024-07-07 08:59:17,194560,35,0
2024-07-07 08:59:38,220,36,0
2024-07-07 08:59:38,4332,28,0
2024-07-07 08:59:38,368,43,0
2024-07-07 08:59:38,2934,43,0
2024-07-07 08:59:38,40,37,0
2024-07-07 09:00:14,80,44,0
2024-07-07 09:00:14,40,31,0
2024-07-07 09:00:14,64,31,0
2024-07-07 09:00:16,80,28,0
2024-07-07 09:00:16,40,35,0
2024-07-07 09:00:16,64,35,0
2024-07-07 09:00:27,400,29,0
2024-07-07 09:00:27,2329,30,0
2024-07-07 09:00:27,360,32,0
2024-07-07 09:00:27,2337,31,0
2024-07-07 09:00:27,12818,31,0
2024-07-07 09:00:27,1850,31,0
2024-07-07 09:00:27,3065,35,0
2024-07-07 09:00:27,10935,35,0
2024-07-07 09:00:28,920,34,0
2024-07-07 09:00:28,16360,32,0
2024-07-07 09:00:28,70210,31,0
2024-07-07 09:00:28,84290,31,0
2024-07-07 09:00:28,3126922,35,0
2024-07-07 09:00:28,4052762,35,0
2024-07-07 09:00:29,18640,32,0
2024-07-07 09:00:29,761,30,0
2024-07-07 09:00:29,3748658,35,0
2024-07-07 09:00:29,4717709,35,0
2024-07-07 09:00:30,840,32,0
2024-07-07 09:00:30,757,31,0
2024-07-07 09:00:30,15120,32,0
2024-07-07 09:00:30,1526,29,0
2024-07-07 09:00:30,62340,31,0
2024-07-07 09:00:30,102272,31,0
2024-07-07 09:00:30,3118138,35,0
2024-07-07 09:00:30,4157602,35,0
2024-07-07 09:00:31,20560,32,0
2024-07-07 09:00:31,763,27,0
2024-07-07 09:00:31,3919844,35,0
2024-07-07 09:00:31,4998501,35,0
2024-07-07 09:00:32,15200,32,0
2024-07-07 09:00:32,767,27,0
2024-07-07 09:00:32,3080988,35,0
2024-07-07 09:00:32,3812913,35,0
2024-07-07 09:00:33,12600,31,0
2024-07-07 09:00:33,1524,30,0
2024-07-07 09:00:33,2559496,35,0
2024-07-07 09:00:33,3269784,35,0
2024-07-07 09:00:34,720,30,0
2024-07-07 09:00:34,753,27,0
2024-07-07 09:00:34,14280,33,0
2024-07-07 09:00:34,1526,31,0
2024-07-07 09:00:34,61824,31,0
2024-07-07 09:00:34,90113,31,0
2024-07-07 09:00:34,2717098,35,0
2024-07-07 09:00:34,3552630,35,0
2024-07-07 09:00:35,2600,32,0
2024-07-07 09:00:35,376164,35,0
2024-07-07 09:00:35,560987,35,0
2024-07-07 09:00:38,160,33,0
2024-07-07 09:00:38,2936,29,0
2024-07-07 09:00:38,200,43,0
2024-07-07 09:00:38,1703,43,0
2024-07-07 09:00:39,40,27,0
2024-07-07 09:00:39,1858,27,0
2024-07-07 09:00:39,40,43,0
2024-07-07 09:00:39,8178,43,0
2024-07-07 09:01:20,1960,32,0
2024-07-07 09:01:20,763,42,0
2024-07-07 09:01:20,229700,35,0
2024-07-07 09:01:20,286472,35,0
2024-07-07 09:01:21,20000,31,0
2024-07-07 09:01:21,3339030,35,0
2024-07-07 09:01:21,4261412,35,0
2024-07-07 09:01:22,760,34,0
2024-07-07 09:01:22,751,29,0
2024-07-07 09:01:22,21560,32,0
2024-07-07 09:01:22,759,28,0
2024-07-07 09:01:22,55328,31,0
2024-07-07 09:01:22,84235,31,0
2024-07-07 09:01:22,4156304,35,0
2024-07-07 09:01:22,5356586,35,0
2024-07-07 09:01:23,7280,32,0
2024-07-07 09:01:23,1444126,35,0
2024-07-07 09:01:23,1940344,35,0
2024-07-07 09:01:27,40,28,0
2024-07-07 09:01:27,40,30,0
2024-07-07 09:01:27,40,31,0
2024-07-07 09:01:27,64,31,0
2024-07-07 09:01:27,40,35,0
2024-07-07 09:01:27,64,35,0
2024-07-07 09:01:28,40,27,0
2024-07-07 09:01:28,40,27,0
2024-07-07 09:01:34,40,42,0
2024-07-07 09:01:34,1440,31,0
2024-07-07 09:01:34,761,30,0
2024-07-07 09:01:34,40,31,0
2024-07-07 09:01:34,363030,35,0
2024-07-07 09:01:34,468325,35,0
2024-07-07 09:01:35,680,33,0
2024-07-07 09:01:35,753,27,0
2024-07-07 09:01:35,20560,33,0
2024-07-07 09:01:35,761,46,1
2024-07-07 09:01:35,67720,31,0
2024-07-07 09:01:35,76356,31,0
2024-07-07 09:01:35,4143634,35,0
2024-07-07 09:01:35,5246520,35,0
2024-07-07 09:01:36,18360,32,0
2024-07-07 09:01:36,3602846,35,0
2024-07-07 09:01:36,4591446,35,0
2024-07-07 09:01:38,40,30,0
2024-07-07 09:01:38,2932,33,0
2024-07-07 09:01:38,240,43,0
2024-07-07 09:01:38,1586,43,0
2024-07-07 09:01:51,3360,31,0
2024-07-07 09:01:51,761,35,0
2024-07-07 09:01:51,794823,35,0
2024-07-07 09:01:51,1112118,35,0
2024-07-07 09:01:52,18240,31,0
2024-07-07 09:01:52,763,27,0
2024-07-07 09:01:52,3497550,35,0
2024-07-07 09:01:52,4629527,35,0
2024-07-07 09:01:53,3800,33,0
2024-07-07 09:01:53,743464,35,0
2024-07-07 09:01:53,1016423,35,0
2024-07-07 09:02:01,920,30,0
2024-07-07 09:02:01,755,42,0
2024-07-07 09:02:01,12520,32,0
2024-07-07 09:02:01,761,28,0
2024-07-07 09:02:01,77416,31,0
2024-07-07 09:02:01,106836,31,0
2024-07-07 09:02:01,2503962,35,0
2024-07-07 09:02:01,3477096,35,0
2024-07-07 09:02:02,9920,32,0
2024-07-07 09:02:02,2031912,35,0
2024-07-07 09:02:02,2551752,35,0
2024-07-07 09:02:08,1800,33,0
2024-07-07 09:02:08,763,27,0
2024-07-07 09:02:08,262928,35,0
2024-07-07 09:02:08,355175,35,0
2024-07-07 09:02:09,18200,32,0
2024-07-07 09:02:09,3160704,35,0
2024-07-07 09:02:09,4253366,35,0
2024-07-07 09:02:10,3480,31,0
2024-07-07 09:02:10,604412,35,0
2024-07-07 09:02:10,827448,35,0
2024-07-07 09:02:16,11800,32,0
2024-07-07 09:02:16,765,27,0
2024-07-07 09:02:16,2029572,35,0
2024-07-07 09:02:16,2607903,35,0
2024-07-07 09:02:17,960,30,0
2024-07-07 09:02:17,757,27,0
2024-07-07 09:02:17,12280,32,0
2024-07-07 09:02:17,765,27,0
2024-07-07 09:02:17,74426,31,0
2024-07-07 09:02:17,94530,31,0
2024-07-07 09:02:17,2064078,35,0
2024-07-07 09:02:17,2847888,35,0
2024-07-07 09:02:31,751,27,0
2024-07-07 09:02:31,15600,32,0
2024-07-07 09:02:31,2283,32,0
2024-07-07 09:02:31,40,31,0
2024-07-07 09:02:31,2996676,35,0
2024-07-07 09:02:31,3769367,35,0
2024-07-07 09:02:32,1680,33,0
2024-07-07 09:02:32,751,31,0
2024-07-07 09:02:32,11680,32,0
2024-07-07 09:02:32,2283,33,0
2024-07-07 09:02:32,145652,31,0
2024-07-07 09:02:32,199351,31,0
2024-07-07 09:02:32,2364614,35,0
2024-07-07 09:02:32,3068447,35,0
2024-07-07 09:02:33,10000,33,0
2024-07-07 09:02:33,761,31,0
2024-07-07 09:02:33,2009276,35,0
2024-07-07 09:02:33,2643217,35,0
2024-07-07 09:02:38,2932,30,0
2024-07-07 09:02:38,240,43,0
2024-07-07 09:02:38,1577,43,0
2024-07-07 09:03:23,5640,32,0
2024-07-07 09:03:23,761,30,0
2024-07-07 09:03:23,854344,35,0
2024-07-07 09:03:23,1068075,35,0
2024-07-07 09:03:24,800,39,0
2024-07-07 09:03:24,751,27,0
2024-07-07 09:03:24,13400,32,0
2024-07-07 09:03:24,2279,34,0
2024-07-07 09:03:24,81426,31,0
2024-07-07 09:03:24,67424,31,0
2024-07-07 09:03:24,2391990,35,0
2024-07-07 09:03:24,2907373,35,0
2024-07-07 09:03:25,680,31,0
2024-07-07 09:03:25,755,29,0
2024-07-07 09:03:25,8440,34,0
2024-07-07 09:03:25,3044,27,0
2024-07-07 09:03:25,67800,31,0
2024-07-07 09:03:25,70158,31,0
2024-07-07 09:03:25,1689108,35,0
2024-07-07 09:03:25,2017281,35,0
2024-07-07 09:03:26,800,32,0
2024-07-07 09:03:26,753,27,0
2024-07-07 09:03:26,15880,32,0
2024-07-07 09:03:26,2281,30,0
2024-07-07 09:03:26,72258,31,0
2024-07-07 09:03:26,90768,31,0
2024-07-07 09:03:26,2962060,35,0
2024-07-07 09:03:26,3657164,35,0
2024-07-07 09:03:27,13840,33,0
2024-07-07 09:03:27,2281,36,0
2024-07-07 09:03:27,2602423,35,0
2024-07-07 09:03:27,3484789,35,0
2024-07-07 09:03:28,760,31,0
2024-07-07 09:03:28,755,31,0
2024-07-07 09:03:28,10400,32,0
2024-07-07 09:03:28,3044,28,0
2024-07-07 09:03:28,66868,31,0
2024-07-07 09:03:28,97916,31,0
2024-07-07 09:03:28,2073558,35,0
2024-07-07 09:03:28,2693067,35,0
2024-07-07 09:03:29,800,31,0
2024-07-07 09:03:29,753,27,0
2024-07-07 09:03:29,16320,32,0
2024-07-07 09:03:29,1520,27,0
2024-07-07 09:03:29,75682,31,0
2024-07-07 09:03:29,73054,31,0
2024-07-07 09:03:29,3159844,35,0
2024-07-07 09:03:29,4194175,35,0
2024-07-07 09:03:30,9880,31,0
2024-07-07 09:03:30,1850770,35,0
2024-07-07 09:03:30,2462757,35,0
2024-07-07 09:03:38,40,30,0
2024-07-07 09:03:38,2932,37,0
2024-07-07 09:03:38,200,43,0
2024-07-07 09:03:38,1629,43,0
2024-07-07 09:04:14,761,29,0
2024-07-07 09:04:14,40,35,0
2024-07-07 09:04:15,12960,33,0
2024-07-07 09:04:15,763,27,0
2024-07-07 09:04:15,2589874,35,0
2024-07-07 09:04:15,3343894,35,0
2024-07-07 09:04:16,4560,31,0
2024-07-07 09:04:16,894030,35,0
2024-07-07 09:04:16,1208791,35,0
2024-07-07 09:04:29,40,30,0
2024-07-07 09:04:29,40,31,0
2024-07-07 09:04:29,64,31,0
2024-07-07 09:04:30,40,28,0
2024-07-07 09:04:37,40,43,0
2024-07-07 09:04:38,180,27,0
2024-07-07 09:04:38,4333,33,0
2024-07-07 09:04:38,368,43,0
2024-07-07 09:04:38,2893,43,0
2024-07-07 09:04:52,40,30,0
2024-07-07 09:04:52,761,27,0
2024-07-07 09:04:52,40,35,0
2024-07-07 09:04:53,15000,33,0
2024-07-07 09:04:53,763,30,0
2024-07-07 09:04:53,2977090,35,0
2024-07-07 09:04:53,3932672,35,0
2024-07-07 09:04:54,900,32,0
2024-07-07 09:04:54,1542,32,0
2024-07-07 09:04:54,17760,32,0
2024-07-07 09:04:54,1522,31,0
2024-07-07 09:04:54,71910,31,0
2024-07-07 09:04:54,83208,31,0
2024-07-07 09:04:54,3554120,35,0
2024-07-07 09:04:54,4650156,35,0
2024-07-07 09:04:55,17560,33,0
2024-07-07 09:04:55,1522,31,0
2024-07-07 09:04:55,3446604,35,0
2024-07-07 09:04:55,4580931,35,0
2024-07-07 09:04:56,18720,32,0
2024-07-07 09:04:56,761,62,1
2024-07-07 09:04:56,3839226,35,0
2024-07-07 09:04:56,4805047,35,0
2024-07-07 09:04:57,800,28,0
2024-07-07 09:04:57,753,42,0
2024-07-07 09:04:57,12760,32,0
2024-07-07 09:04:57,3042,33,0
2024-07-07 09:04:57,59502,31,0
2024-07-07 09:04:57,81914,31,0
2024-07-07 09:04:57,2424234,35,0
2024-07-07 09:04:57,3110455,35,0
2024-07-07 09:04:58,1040,33,0
2024-07-07 09:04:58,755,27,0
2024-07-07 09:04:58,10560,32,0
2024-07-07 09:04:58,2281,34,0
2024-07-07 09:04:58,76394,31,0
2024-07-07 09:04:58,114225,31,0
2024-07-07 09:04:58,1993360,35,0
2024-07-07 09:04:58,2579888,35,0
2024-07-07 09:04:59,10160,33,0
2024-07-07 09:04:59,3042,34,0
2024-07-07 09:04:59,2054856,35,0
2024-07-07 09:04:59,2659522,35,0
2024-07-07 09:05:00,680,35,0
2024-07-07 09:05:00,753,27,0
2024-07-07 09:05:00,12560,33,0
2024-07-07 09:05:00,1518,30,0
2024-07-07 09:05:00,51428,31,0
2024-07-07 09:05:00,84558,31,0
2024-07-07 09:05:00,2555718,35,0
2024-07-07 09:05:00,3283836,35,0
2024-07-07 09:05:01,12040,32,0
2024-07-07 09:05:01,2283,31,0
2024-07-07 09:05:01,2394737,35,0
2024-07-07 09:05:01,3232632,35,0
2024-07-07 09:05:02,680,32,0
2024-07-07 09:05:02,129896,35,0
2024-07-07 09:05:02,147425,35,0
2024-07-07 09:05:38,40,62,1
2024-07-07 09:05:38,2934,27,0
2024-07-07 09:05:38,160,43,0
2024-07-07 09:05:38,1665,43,0
2024-07-07 09:05:47,760,35,0
2024-07-07 09:05:47,754,27,0
2024-07-07 09:05:47,8840,32,0
2024-07-07 09:05:47,3042,27,0
2024-07-07 09:05:47,70992,31,0
2024-07-07 09:05:47,77830,31,0
2024-07-07 09:05:47,1740154,35,0
2024-07-07 09:05:47,2124361,35,0
2024-07-07 09:05:48,15880,32,0
2024-07-07 09:05:48,1520,38,0
2024-07-07 09:05:48,3154624,35,0
2024-07-07 09:05:48,4213354,35,0
2024-07-07 09:05:49,760,31,0
2024-07-07 09:05:49,756,42,0
2024-07-07 09:05:49,11160,32,0
2024-07-07 09:05:49,2284,40,0
2024-07-07 09:05:49,55210,31,0
2024-07-07 09:05:49,101236,31,0
2024-07-07 09:05:49,2255936,35,0
2024-07-07 09:05:49,2931102,35,0
2024-07-07 09:05:50,10160,32,0
2024-07-07 09:05:50,3048,29,0
2024-07-07 09:05:50,2108014,35,0
2024-07-07 09:05:50,2628772,35,0
2024-07-07 09:05:51,17040,32,0
2024-07-07 09:05:51,1522,47,1
2024-07-07 09:05:51,3425934,35,0
2024-07-07 09:05:51,4487779,35,0
2024-07-07 09:05:52,760,33,0
2024-07-07 09:05:52,756,46,1
2024-07-07 09:05:52,11720,32,0
2024-07-07 09:05:52,3052,33,0
2024-07-07 09:05:52,53038,31,0
2024-07-07 09:05:52,103390,31,0
2024-07-07 09:05:52,2198426,35,0
2024-07-07 09:05:52,2858921,35,0
2024-07-07 09:05:53,10320,32,0
2024-07-07 09:05:53,3814,37,0
2024-07-07 09:05:53,2099452,35,0
2024-07-07 09:05:53,2635886,35,0
2024-07-07 09:05:54,1800,32,0
2024-07-07 09:05:54,306450,35,0
2024-07-07 09:05:54,406058,35,0
2024-07-07 09:06:38,40,27,0
2024-07-07 09:06:38,2932,30,0
2024-07-07 09:06:38,240,43,0
2024-07-07 09:06:38,1627,43,0
2024-07-07 09:06:39,800,32,0
2024-07-07 09:06:39,756,29,0
2024-07-07 09:06:39,6640,32,0
2024-07-07 09:06:39,3042,32,0
2024-07-07 09:06:39,63038,31,0
2024-07-07 09:06:39,96140,31,0
2024-07-07 09:06:39,1371843,35,0
2024-07-07 09:06:39,1827351,35,0
2024-07-07 09:06:40,7480,32,0
2024-07-07 09:06:40,762,32,0
2024-07-07 09:06:40,1667104,35,0
2024-07-07 09:06:40,2154244,35,0
2024-07-07 09:07:21,680,37,0
2024-07-07 09:07:21,756,27,0
2024-07-07 09:07:21,9120,32,0
2024-07-07 09:07:21,2288,38,0
2024-07-07 09:07:21,53078,31,0
2024-07-07 09:07:21,80010,31,0
2024-07-07 09:07:21,1842378,35,0
2024-07-07 09:07:21,2277234,35,0
2024-07-07 09:07:22,14920,31,0
2024-07-07 09:07:22,3120118,35,0
2024-07-07 09:07:22,4218700,35,0
2024-07-07 09:07:23,720,31,0
2024-07-07 09:07:23,758,27,0
2024-07-07 09:07:23,18000,32,0
2024-07-07 09:07:23,1528,52,1
2024-07-07 09:07:23,60880,31,0
2024-07-07 09:07:23,82872,31,0
2024-07-07 09:07:23,3444040,35,0
2024-07-07 09:07:23,4462159,35,0
2024-07-07 09:07:24,680,31,0
2024-07-07 09:07:24,758,27,0
2024-07-07 09:07:24,15000,33,0
2024-07-07 09:07:24,1528,38,0
2024-07-07 09:07:24,51582,31,0
2024-07-07 09:07:24,91473,31,0
2024-07-07 09:07:24,3075756,35,0
2024-07-07 09:07:24,4068033,35,0
2024-07-07 09:07:25,19080,32,0
2024-07-07 09:07:25,3767314,35,0
2024-07-07 09:07:25,5096682,35,0
2024-07-07 09:07:26,680,32,0
2024-07-07 09:07:26,756,28,0
2024-07-07 09:07:26,15640,32,0
2024-07-07 09:07:26,1524,30,0
2024-07-07 09:07:26,56230,31,0
2024-07-07 09:07:26,86753,31,0
2024-07-07 09:07:26,3117900,35,0
2024-07-07 09:07:26,4098902,35,0
2024-07-07 09:07:27,720,31,0
2024-07-07 09:07:27,756,28,0
2024-07-07 09:07:27,8920,32,0
2024-07-07 09:07:27,2288,38,0
2024-07-07 09:07:27,71346,31,0
2024-07-07 09:07:27,66765,31,0
2024-07-07 09:07:27,1607630,35,0
2024-07-07 09:07:27,2077190,35,0
2024-07-07 09:07:38,40,42,0
2024-07-07 09:07:38,2932,29,0
2024-07-07 09:07:38,120,43,0
2024-07-07 09:07:38,1658,43,0
2024-07-07 09:08:12,1280,33,0
2024-07-07 09:08:12,764,27,0
2024-07-07 09:08:12,163220,35,0
2024-07-07 09:08:12,180918,35,0
2024-07-07 09:08:13,760,31,0
2024-07-07 09:08:13,758,42,0
2024-07-07 09:08:13,11920,33,0
2024-07-07 09:08:13,3058,37,0
2024-07-07 09:08:13,69340,31,0
2024-07-07 09:08:13,66949,31,0
2024-07-07 09:08:13,2247330,35,0
2024-07-07 09:08:13,2873149,35,0
2024-07-07 09:08:14,840,30,0
2024-07-07 09:08:14,760,27,0
2024-07-07 09:08:14,15280,33,0
2024-07-07 09:08:14,1530,31,0
2024-07-07 09:08:14,78518,31,0
2024-07-07 09:08:14,63522,31,0
2024-07-07 09:08:14,3069644,35,0
2024-07-07 09:08:14,4092463,35,0
2024-07-07 09:08:15,17520,31,0
2024-07-07 09:08:15,1533,27,0
2024-07-07 09:08:15,3362912,35,0
2024-07-07 09:08:15,4369531,35,0
2024-07-07 09:08:16,720,31,0
2024-07-07 09:08:16,756,46,1
2024-07-07 09:08:16,12440,33,0
2024-07-07 09:08:16,2296,34,0
2024-07-07 09:08:16,60840,31,0
2024-07-07 09:08:16,84350,31,0
2024-07-07 09:08:16,2381064,35,0
2024-07-07 09:08:16,3050780,35,0
2024-07-07 09:08:17,560,32,0
2024-07-07 09:08:17,91874,35,0
2024-07-07 09:08:17,123835,35,0
2024-07-07 09:08:38,40,30,0
2024-07-07 09:08:38,2932,30,0
2024-07-07 09:08:38,80,43,0
2024-07-07 09:08:38,1628,43,0
2024-07-07 09:09:02,880,32,0
2024-07-07 09:09:02,758,30,0
2024-07-07 09:09:02,9640,32,0
2024-07-07 09:09:02,3062,42,0
2024-07-07 09:09:02,65884,31,0
2024-07-07 09:09:02,93574,31,0
2024-07-07 09:09:02,1922870,35,0
2024-07-07 09:09:02,2410862,35,0
2024-07-07 09:09:03,15160,32,0
2024-07-07 09:09:03,1530,28,0
2024-07-07 09:09:03,3116822,35,0
2024-07-07 09:09:03,3998957,35,0
2024-07-07 09:09:04,640,30,0
2024-07-07 09:09:04,758,42,0
2024-07-07 09:09:04,18200,32,0
2024-07-07 09:09:04,1530,29,0
2024-07-07 09:09:04,51072,31,0
2024-07-07 09:09:04,60398,31,0
2024-07-07 09:09:04,3487946,35,0
2024-07-07 09:09:04,4303318,35,0
2024-07-07 09:09:05,80,27,0
2024-07-07 09:09:05,20280,33,0
2024-07-07 09:09:05,764,27,0
2024-07-07 09:09:05,22420,31,0
2024-07-07 09:09:05,3870838,35,0
2024-07-07 09:09:05,4854689,35,0
2024-07-07 09:09:06,1360,33,0
2024-07-07 09:09:06,286504,35,0
2024-07-07 09:09:06,356657,35,0
2024-07-07 09:09:38,80,27,0
2024-07-07 09:09:38,2858,36,0
2024-07-07 09:09:38,180,28,0
2024-07-07 09:09:38,4349,39,0
2024-07-07 09:09:38,280,43,0
2024-07-07 09:09:38,158,43,0
2024-07-07 09:09:38,288,37,0
2024-07-07 09:09:38,603,37,0
2024-07-07 09:09:39,40,29,0
2024-07-07 09:09:39,2269,37,0
2024-07-07 09:10:05,120,50,1
2024-07-07 09:10:05,2980,33,0
2024-07-07 09:10:05,2316,29,0
2024-07-07 09:10:05,40,31,0
2024-07-07 09:10:05,64,31,0
2024-07-07 09:10:05,441254,35,0
2024-07-07 09:10:05,613563,35,0
2024-07-07 09:10:06,24040,32,0
2024-07-07 09:10:06,3690372,35,0
2024-07-07 09:10:06,5034540,35,0
2024-07-07 09:10:07,700,30,0
2024-07-07 09:10:07,1542,28,0
2024-07-07 09:10:07,16080,33,0
2024-07-07 09:10:07,1524,46,1
2024-07-07 09:10:07,82110,31,0
2024-07-07 09:10:07,73275,31,0
2024-07-07 09:10:07,3056912,35,0
2024-07-07 09:10:07,3949429,35,0
2024-07-07 09:10:08,15280,32,0
2024-07-07 09:10:08,762,30,0
2024-07-07 09:10:08,3096396,35,0
2024-07-07 09:10:08,4035332,35,0
2024-07-07 09:10:09,960,33,0
2024-07-07 09:10:09,756,29,0
2024-07-07 09:10:09,16120,32,0
2024-07-07 09:10:09,2292,29,0
2024-07-07 09:10:09,58044,31,0
2024-07-07 09:10:09,104396,31,0
2024-07-07 09:10:09,3213160,35,0
2024-07-07 09:10:09,4095087,35,0
2024-07-07 09:10:10,17120,33,0
2024-07-07 09:10:10,764,32,0
2024-07-07 09:10:10,3427730,35,0
2024-07-07 09:10:10,4478665,35,0
2024-07-07 09:10:11,680,32,0
2024-07-07 09:10:11,756,27,0
2024-07-07 09:10:11,14520,33,0
2024-07-07 09:10:11,1526,27,0
2024-07-07 09:10:11,44814,31,0
2024-07-07 09:10:11,89851,31,0
2024-07-07 09:10:11,2967602,35,0
2024-07-07 09:10:11,3866443,35,0
2024-07-07 09:10:12,1080,33,0
2024-07-07 09:10:12,756,62,1
2024-07-07 09:10:12,14760,32,0
2024-07-07 09:10:12,2292,28,0
2024-07-07 09:10:12,84426,31,0
2024-07-07 09:10:12,116042,31,0
2024-07-07 09:10:12,2830630,35,0
2024-07-07 09:10:12,3583991,35,0
2024-07-07 09:10:13,13520,33,0
2024-07-07 09:10:13,1528,36,0
2024-07-07 09:10:13,2609910,35,0
2024-07-07 09:10:13,3366084,35,0
2024-07-07 09:10:38,200,38,0
2024-07-07 09:10:38,2935,35,0
2024-07-07 09:10:38,160,37,0
2024-07-07 09:10:38,1737,37,0
2024-07-07 09:10:58,40,42,0
2024-07-07 09:10:58,756,27,0
2024-07-07 09:10:58,40,29,0
2024-07-07 09:10:58,764,31,0
2024-07-07 09:10:58,40,31,0
2024-07-07 09:10:58,590,31,0
2024-07-07 09:10:58,27172,35,0
2024-07-07 09:10:58,28905,35,0
2024-07-07 09:10:59,1440,34,0
2024-07-07 09:10:59,756,27,0
2024-07-07 09:10:59,17000,32,0
2024-07-07 09:10:59,1526,44,0
2024-07-07 09:10:59,124944,31,0
2024-07-07 09:10:59,167161,31,0
2024-07-07 09:10:59,3016408,35,0
2024-07-07 09:10:59,3792382,35,0
2024-07-07 09:11:00,16880,32,0
2024-07-07 09:11:00,1528,32,0
2024-07-07 09:11:00,3340556,35,0
2024-07-07 09:11:00,4410835,35,0
2024-07-07 09:11:01,1120,34,0
2024-07-07 09:11:01,758,27,0
2024-07-07 09:11:01,15960,32,0
2024-07-07 09:11:01,1528,31,0
2024-07-07 09:11:01,82338,31,0
2024-07-07 09:11:01,129469,31,0
2024-07-07 09:11:01,3186970,35,0
2024-07-07 09:11:01,4092096,35,0
2024-07-07 09:11:02,10480,32,0
2024-07-07 09:11:02,2035360,35,0
2024-07-07 09:11:02,2703187,35,0
2024-07-07 09:11:38,180,33,0
2024-07-07 09:11:38,4332,31,0
2024-07-07 09:11:38,408,37,0
2024-07-07 09:11:38,2872,37,0
2024-07-07 09:11:47,5080,32,0
2024-07-07 09:11:47,762,27,0
2024-07-07 09:11:47,765137,35,0
2024-07-07 09:11:47,1051338,35,0
2024-07-07 09:11:48,760,36,0
2024-07-07 09:11:48,754,31,0
2024-07-07 09:11:48,15360,32,0
2024-07-07 09:11:48,2286,28,0
2024-07-07 09:11:48,75916,31,0
2024-07-07 09:11:48,92664,31,0
2024-07-07 09:11:48,3095485,35,0
2024-07-07 09:11:48,4143497,35,0
2024-07-07 09:11:49,760,31,0
2024-07-07 09:11:49,756,30,0
2024-07-07 09:11:49,12640,33,0
2024-07-07 09:11:49,2294,29,0
2024-07-07 09:11:49,80678,31,0
2024-07-07 09:11:49,90728,31,0
2024-07-07 09:11:49,2739110,35,0
2024-07-07 09:11:49,3537779,35,0
2024-07-07 09:11:50,3280,32,0
2024-07-07 09:11:50,660696,35,0
2024-07-07 09:11:50,854915,35,0
2024-07-07 09:12:35,800,32,0
2024-07-07 09:12:35,758,35,0
2024-07-07 09:12:35,8640,32,0
2024-07-07 09:12:35,1530,28,0
2024-07-07 09:12:35,74538,31,0
2024-07-07 09:12:35,86418,31,0
2024-07-07 09:12:35,1846246,35,0
2024-07-07 09:12:35,2429119,35,0
2024-07-07 09:12:36,12360,32,0
2024-07-07 09:12:36,2288,29,0
2024-07-07 09:12:36,2349306,35,0
2024-07-07 09:12:36,2937765,35,0
2024-07-07 09:12:37,840,31,0
2024-07-07 09:12:37,756,27,0
2024-07-07 09:12:37,12760,33,0
2024-07-07 09:12:37,1526,28,0
2024-07-07 09:12:37,77062,31,0
2024-07-07 09:12:37,93848,31,0
2024-07-07 09:12:37,2412066,35,0
2024-07-07 09:12:37,3018462,35,0
2024-07-07 09:12:38,40,30,0
2024-07-07 09:12:38,2935,38,0
2024-07-07 09:12:38,240,37,0
2024-07-07 09:12:38,1661,37,0
2024-07-07 09:13:37,80,29,0
2024-07-07 09:13:37,80,27,0
2024-07-07 09:13:37,40,31,0
2024-07-07 09:13:37,64,31,0
2024-07-07 09:13:37,40,35,0
2024-07-07 09:13:37,64,35,0
2024-07-07 09:13:38,40,62,1
2024-07-07 09:13:38,2932,37,0
2024-07-07 09:13:38,240,37,0
2024-07-07 09:13:38,1668,37,0
2024-07-07 09:14:38,260,28,0
2024-07-07 09:14:38,7203,32,0
2024-07-07 09:14:38,528,37,0
2024-07-07 09:14:38,3024,37,0
2024-07-07 09:14:55,18020,32,0
2024-07-07 09:14:55,1554,28,0
2024-07-07 09:14:55,2112442,35,0
2024-07-07 09:14:55,2663289,35,0
2024-07-07 09:14:56,540,32,0
2024-07-07 09:14:56,1542,28,0
2024-07-07 09:14:56,18840,32,0
2024-07-07 09:14:56,1526,29,0
2024-07-07 09:14:56,51636,31,0
2024-07-07 09:14:56,86287,31,0
2024-07-07 09:14:56,3507764,35,0
2024-07-07 09:14:56,4676283,35,0
2024-07-07 09:14:57,840,32,0
2024-07-07 09:14:57,754,46,1
2024-07-07 09:14:57,15560,33,0
2024-07-07 09:14:57,1524,29,0
2024-07-07 09:14:57,66392,31,0
2024-07-07 09:14:57,88804,31,0
2024-07-07 09:14:57,3118166,35,0
2024-07-07 09:14:57,4214759,35,0
2024-07-07 09:14:58,19440,32,0
2024-07-07 09:14:58,762,62,1
2024-07-07 09:14:58,3976318,35,0
2024-07-07 09:14:58,5324430,35,0
2024-07-07 09:14:59,19640,31,0
2024-07-07 09:14:59,762,27,0
2024-07-07 09:14:59,3864062,35,0
2024-07-07 09:14:59,4931378,35,0
2024-07-07 09:15:00,840,31,0
2024-07-07 09:15:00,758,27,0
2024-07-07 09:15:00,13840,32,0
2024-07-07 09:15:00,1532,38,0
2024-07-07 09:15:00,77446,31,0
2024-07-07 09:15:00,104900,31,0
2024-07-07 09:15:00,2697728,35,0
2024-07-07 09:15:00,3534804,35,0
2024-07-07 09:15:01,880,34,0
2024-07-07 09:15:01,756,62,1
2024-07-07 09:15:01,18160,32,0
2024-07-07 09:15:01,1526,31,0
2024-07-07 09:15:01,75520,31,0
2024-07-07 09:15:01,81714,31,0
2024-07-07 09:15:01,3420614,35,0
2024-07-07 09:15:01,4409439,35,0
2024-07-07 09:15:02,6720,33,0
2024-07-07 09:15:02,1174960,35,0
2024-07-07 09:15:02,1643330,35,0
2024-07-07 09:15:38,120,41,0
2024-07-07 09:15:38,2936,29,0
2024-07-07 09:15:38,200,37,0
2024-07-07 09:15:38,1667,37,0
2024-07-07 09:15:47,18480,32,0
2024-07-07 09:15:47,1530,28,0
2024-07-07 09:15:47,3363274,35,0
2024-07-07 09:15:47,4266505,35,0
2024-07-07 09:15:48,680,31,0
2024-07-07 09:15:48,754,31,0
2024-07-07 09:15:48,15120,32,0
2024-07-07 09:15:48,2290,42,0
2024-07-07 09:15:48,61458,31,0
2024-07-07 09:15:48,81239,31,0
2024-07-07 09:15:48,3029459,35,0
2024-07-07 09:15:48,3888468,35,0
2024-07-07 09:15:49,680,29,0
2024-07-07 09:15:49,758,30,0
2024-07-07 09:15:49,10360,33,0
2024-07-07 09:15:49,2290,28,0
2024-07-07 09:15:49,55562,31,0
2024-07-07 09:15:49,82702,31,0
2024-07-07 09:15:49,2120926,35,0
2024-07-07 09:15:49,2753177,35,0
2024-07-07 09:15:50,920,31,0
2024-07-07 09:15:50,756,27,0
2024-07-07 09:15:50,4640,32,0
2024-07-07 09:15:50,764,46,1
2024-07-07 09:15:50,59308,31,0
2024-07-07 09:15:50,93794,31,0
2024-07-07 09:15:50,861518,35,0
2024-07-07 09:15:50,1128278,35,0
2024-07-07 09:16:35,2080,32,0
2024-07-07 09:16:35,1530,38,0
2024-07-07 09:16:35,459406,35,0
2024-07-07 09:16:35,651541,35,0
2024-07-07 09:16:36,800,30,0
2024-07-07 09:16:36,754,27,0
2024-07-07 09:16:36,14120,33,0
2024-07-07 09:16:36,1524,30,0
2024-07-07 09:16:36,61154,31,0
2024-07-07 09:16:36,95438,31,0
2024-07-07 09:16:36,3025597,35,0
2024-07-07 09:16:36,3981709,35,0
2024-07-07 09:16:37,680,33,0
2024-07-07 09:16:37,754,27,0
2024-07-07 09:16:37,11680,32,0
2024-07-07 09:16:37,2288,30,0
2024-07-07 09:16:37,62998,31,0
2024-07-07 09:16:37,84446,31,0
2024-07-07 09:16:37,2520172,35,0
2024-07-07 09:16:37,3112862,35,0
2024-07-07 09:16:37,40,37,0
2024-07-07 09:16:38,11160,34,0
2024-07-07 09:16:38,762,27,0
2024-07-07 09:16:38,180,30,0
2024-07-07 09:16:38,4332,27,0
2024-07-07 09:16:38,2123332,35,0
2024-07-07 09:16:38,2746820,35,0
2024-07-07 09:16:38,288,37,0
2024-07-07 09:16:38,2831,37,0
2024-07-07 09:17:34,120,39,0
2024-07-07 09:17:34,2936,36,0
2024-07-07 09:17:34,200,37,0
2024-07-07 09:17:34,1665,37,0
2024-07-07 09:17:37,80,30,0
2024-07-07 09:17:37,40,31,0
2024-07-07 09:17:37,64,31,0
2024-07-07 09:17:38,80,36,0
2024-07-07 09:17:38,40,35,0
2024-07-07 09:17:38,64,35,0
2024-07-07 09:17:48,180,31,0
2024-07-07 09:17:48,684,30,0
2024-07-07 09:17:48,5860,32,0
2024-07-07 09:17:48,2314,38,0
2024-07-07 09:17:48,88,31,0
2024-07-07 09:17:48,284,31,0
2024-07-07 09:17:48,973098,35,0
2024-07-07 09:17:48,1285493,35,0
2024-07-07 09:17:49,1440,31,0
2024-07-07 09:17:49,1616,29,0
2024-07-07 09:17:49,13640,31,0
2024-07-07 09:17:49,2290,33,0
2024-07-07 09:17:49,151244,31,0
2024-07-07 09:17:49,162853,31,0
2024-07-07 09:17:49,2657428,35,0
2024-07-07 09:17:49,3468373,35,0
2024-07-07 09:17:50,80,28,0
2024-07-07 09:17:50,11960,32,0
2024-07-07 09:17:50,2292,38,0
2024-07-07 09:17:50,10000,31,0
2024-07-07 09:17:50,100,31,0
2024-07-07 09:17:50,2367996,35,0
2024-07-07 09:17:50,2985772,35,0
2024-07-07 09:17:51,640,30,0
2024-07-07 09:17:51,754,27,0
2024-07-07 09:17:51,13040,32,0
2024-07-07 09:17:51,762,28,0
2024-07-07 09:17:51,47368,31,0
2024-07-07 09:17:51,97468,31,0
2024-07-07 09:17:51,2558649,35,0
2024-07-07 09:17:51,3407238,35,0
2024-07-07 09:18:34,40,30,0
2024-07-07 09:18:34,2933,37,0
2024-07-07 09:18:34,240,37,0
2024-07-07 09:18:34,1627,37,0
2024-07-07 09:18:36,9520,31,0
2024-07-07 09:18:36,1524,31,0
2024-07-07 09:18:36,1744844,35,0
2024-07-07 09:18:36,2301228,35,0
2024-07-07 09:18:37,760,34,0
2024-07-07 09:18:37,754,30,0
2024-07-07 09:18:37,18040,33,0
2024-07-07 09:18:37,2290,29,0
2024-07-07 09:18:37,65480,31,0
2024-07-07 09:18:37,73001,31,0
2024-07-07 09:18:37,3470798,35,0
2024-07-07 09:18:37,4552814,35,0
2024-07-07 09:18:38,640,32,0
2024-07-07 09:18:38,754,27,0
2024-07-07 09:18:38,12640,32,0
2024-07-07 09:18:38,1524,34,0
2024-07-07 09:18:38,53630,31,0
2024-07-07 09:18:38,96574,31,0
2024-07-07 09:18:38,2388902,35,0
2024-07-07 09:18:38,3139200,35,0
2024-07-07 09:19:34,40,32,0
2024-07-07 09:19:34,2932,36,0
2024-07-07 09:19:34,80,37,0
2024-07-07 09:19:34,1663,37,0
2024-07-07 09:19:38,80,28,0
2024-07-07 09:19:38,80,37,0
2024-07-07 09:19:38,40,31,0
2024-07-07 09:19:38,64,31,0
2024-07-07 09:19:38,40,35,0
2024-07-07 09:19:38,64,35,0
2024-07-07 09:19:39,40,30,0
2024-07-07 09:19:39,540,32,0
2024-07-07 09:19:39,1550,40,0
2024-07-07 09:19:39,45140,35,0
2024-07-07 09:19:39,47864,35,0
2024-07-07 09:19:40,820,31,0
2024-07-07 09:19:40,1544,36,0
2024-07-07 09:19:40,15600,33,0
2024-07-07 09:19:40,1530,28,0
2024-07-07 09:19:40,68212,31,0
2024-07-07 09:19:40,77189,31,0
2024-07-07 09:19:40,2933204,35,0
2024-07-07 09:19:40,3847819,35,0
2024-07-07 09:19:41,40,31,0
2024-07-07 09:19:41,17720,32,0
2024-07-07 09:19:41,1524,32,0
2024-07-07 09:19:41,8307,31,0
2024-07-07 09:19:41,3542432,35,0
2024-07-07 09:19:41,4753424,35,0
2024-07-07 09:19:42,800,36,0
2024-07-07 09:19:42,756,62,1
2024-07-07 09:19:42,15440,33,0
2024-07-07 09:19:42,1532,38,0
2024-07-07 09:19:42,63082,31,0
2024-07-07 09:19:42,94693,31,0
2024-07-07 09:19:42,3095854,35,0
2024-07-07 09:19:42,4122223,35,0
2024-07-07 09:19:43,17960,32,0
2024-07-07 09:19:43,764,62,1
2024-07-07 09:19:43,3485902,35,0
2024-07-07 09:19:43,4478011,35,0
2024-07-07 09:19:44,800,35,0
2024-07-07 09:19:44,756,46,1
2024-07-07 09:19:44,16520,33,0
2024-07-07 09:19:44,1528,29,0
2024-07-07 09:19:44,66504,31,0
2024-07-07 09:19:44,99055,31,0
2024-07-07 09:19:44,3342000,35,0
2024-07-07 09:19:44,4443848,35,0
2024-07-07 09:19:45,640,32,0
2024-07-07 09:19:45,756,42,0
2024-07-07 09:19:45,14440,33,0
2024-07-07 09:19:45,1528,42,0
2024-07-07 09:19:45,55440,31,0
2024-07-07 09:19:45,78150,31,0
2024-07-07 09:19:45,2924602,35,0
2024-07-07 09:19:45,3929951,35,0
2024-07-07 09:19:46,14880,33,0
2024-07-07 09:19:46,762,27,0
2024-07-07 09:19:46,3013468,35,0
2024-07-07 09:19:46,4088728,35,0
2024-07-07 09:20:31,1040,30,0
2024-07-07 09:20:31,756,27,0
2024-07-07 09:20:31,200,35,0
2024-07-07 09:20:31,764,27,0
2024-07-07 09:20:31,95996,31,0
2024-07-07 09:20:31,79818,31,0
2024-07-07 09:20:31,50880,35,0
2024-07-07 09:20:31,78591,35,0
2024-07-07 09:20:32,600,32,0
2024-07-07 09:20:32,756,29,0
2024-07-07 09:20:32,12480,33,0
2024-07-07 09:20:32,2292,41,0
2024-07-07 09:20:32,59534,31,0
2024-07-07 09:20:32,75231,31,0
2024-07-07 09:20:32,2603489,35,0
2024-07-07 09:20:32,3319258,35,0
2024-07-07 09:20:33,758,27,0
2024-07-07 09:20:33,16160,32,0
2024-07-07 09:20:33,1530,30,0
2024-07-07 09:20:33,40,31,0
2024-07-07 09:20:33,3363626,35,0
2024-07-07 09:20:33,4363757,35,0
2024-07-07 09:20:34,760,31,0
2024-07-07 09:20:34,12920,33,0
2024-07-07 09:20:34,40,27,0
2024-07-07 09:20:34,2932,32,0
2024-07-07 09:20:34,58318,31,0
2024-07-07 09:20:34,93004,31,0
2024-07-07 09:20:34,2248582,35,0
2024-07-07 09:20:34,3062817,35,0
2024-07-07 09:20:34,120,37,0
2024-07-07 09:20:34,1622,37,0
2024-07-07 09:21:19,15880,32,0
2024-07-07 09:21:19,2290,39,0
2024-07-07 09:21:19,2620907,35,0
2024-07-07 09:21:19,3399917,35,0
2024-07-07 09:21:20,880,31,0
2024-07-07 09:21:20,758,30,0
2024-07-07 09:21:20,13320,32,0
2024-07-07 09:21:20,1530,36,0
2024-07-07 09:21:20,80486,31,0
2024-07-07 09:21:20,95393,31,0
2024-07-07 09:21:20,2566905,35,0
2024-07-07 09:21:20,3292196,35,0
2024-07-07 09:21:21,14360,32,0
2024-07-07 09:21:21,2290,40,0
2024-07-07 09:21:21,2820513,35,0
2024-07-07 09:21:21,3655269,35,0
2024-07-07 09:21:22,680,31,0
2024-07-07 09:21:22,756,46,1
2024-07-07 09:21:22,16560,32,0
2024-07-07 09:21:22,1528,31,0
2024-07-07 09:21:22,65126,31,0
2024-07-07 09:21:22,76122,31,0
2024-07-07 09:21:22,3242148,35,0
2024-07-07 09:21:22,4202395,35,0
2024-07-07 09:21:23,16200,32,0
2024-07-07 09:21:23,1528,30,0
2024-07-07 09:21:23,3285548,35,0
2024-07-07 09:21:23,4326635,35,0
2024-07-07 09:21:24,8080,31,0
2024-07-07 09:21:24,764,27,0
2024-07-07 09:21:24,1638039,35,0
2024-07-07 09:21:24,2227059,35,0
2024-07-07 09:21:34,80,36,0
2024-07-07 09:21:34,2932,29,0
2024-07-07 09:21:34,160,37,0
2024-07-07 09:21:34,1658,37,0
2024-07-07 09:22:09,720,36,0
2024-07-07 09:22:09,754,27,0
2024-07-07 09:22:09,4000,32,0
2024-07-07 09:22:09,1528,36,0
2024-07-07 09:22:09,62654,31,0
2024-07-07 09:22:09,87025,31,0
2024-07-07 09:22:09,662004,35,0
2024-07-07 09:22:09,827465,35,0
2024-07-07 09:22:10,18200,32,0
2024-07-07 09:22:10,1528,35,0
2024-07-07 09:22:10,3626792,35,0
2024-07-07 09:22:10,4669779,35,0
2024-07-07 09:22:11,680,31,0
2024-07-07 09:22:11,754,30,0
2024-07-07 09:22:11,14160,32,0
2024-07-07 09:22:11,2288,41,0
2024-07-07 09:22:11,57720,31,0
2024-07-07 09:22:11,91225,31,0
2024-07-07 09:22:11,2831512,35,0
2024-07-07 09:22:11,3604959,35,0
2024-07-07 09:22:12,16000,32,0
2024-07-07 09:22:12,764,27,0
2024-07-07 09:22:12,3297344,35,0
2024-07-07 09:22:12,4106998,35,0
2024-07-07 09:22:13,12280,32,0
2024-07-07 09:22:13,2294,27,0
2024-07-07 09:22:13,2656658,35,0
2024-07-07 09:22:13,3366748,35,0
2024-07-07 09:22:14,800,35,0
2024-07-07 09:22:14,756,30,0
2024-07-07 09:22:14,13840,32,0
2024-07-07 09:22:14,1530,29,0
2024-07-07 09:22:14,65918,31,0
2024-07-07 09:22:14,96216,31,0
2024-07-07 09:22:14,2835234,35,0
2024-07-07 09:22:14,3627639,35,0
2024-07-07 09:22:15,11120,32,0
2024-07-07 09:22:15,1528,33,0
2024-07-07 09:22:15,2170916,35,0
2024-07-07 09:22:15,2752099,35,0
2024-07-07 09:22:34,80,27,0
2024-07-07 09:22:34,2931,35,0
2024-07-07 09:22:34,240,37,0
2024-07-07 09:22:34,1586,37,0
2024-07-07 09:23:14,80,44,0
2024-07-07 09:23:14,40,31,0
2024-07-07 09:23:14,64,31,0
2024-07-07 09:23:15,40,27,0
2024-07-07 09:23:15,40,35,0
2024-07-07 09:23:15,64,35,0
2024-07-07 09:23:26,40,27,0
2024-07-07 09:23:26,6580,32,0
2024-07-07 09:23:26,2314,33,0
2024-07-07 09:23:26,579746,35,0
2024-07-07 09:23:26,665684,35,0
2024-07-07 09:23:27,820,30,0
2024-07-07 09:23:27,1546,38,0
2024-07-07 09:23:27,12360,32,0
2024-07-07 09:23:27,3818,35,0
2024-07-07 09:23:27,61910,31,0
2024-07-07 09:23:27,78198,31,0
2024-07-07 09:23:27,2366964,35,0
2024-07-07 09:23:27,3096865,35,0
2024-07-07 09:23:28,760,31,0
2024-07-07 09:23:28,756,27,0
2024-07-07 09:23:28,13600,31,0
2024-07-07 09:23:28,1528,27,0
2024-07-07 09:23:28,67730,31,0
2024-07-07 09:23:28,82514,31,0
2024-07-07 09:23:28,2640774,35,0
2024-07-07 09:23:28,3442074,35,0
2024-07-07 09:23:29,14800,31,0
2024-07-07 09:23:29,2288,29,0
2024-07-07 09:23:29,2895080,35,0
2024-07-07 09:23:29,3637964,35,0
2024-07-07 09:23:30,800,31,0
2024-07-07 09:23:30,756,35,0
2024-07-07 09:23:30,20760,32,0
2024-07-07 09:23:30,764,42,0
2024-07-07 09:23:30,51984,31,0
2024-07-07 09:23:30,83920,31,0
2024-07-07 09:23:30,4008174,35,0
2024-07-07 09:23:30,5238106,35,0
2024-07-07 09:23:31,15720,32,0
2024-07-07 09:23:31,1524,28,0
2024-07-07 09:23:31,3268655,35,0
2024-07-07 09:23:31,4038560,35,0
2024-07-07 09:23:32,760,34,0
2024-07-07 09:23:32,756,27,0
2024-07-07 09:23:32,17280,33,0
2024-07-07 09:23:32,1532,32,0
2024-07-07 09:23:32,61582,31,0
2024-07-07 09:23:32,88943,31,0
2024-07-07 09:23:32,3517274,35,0
2024-07-07 09:23:32,4412434,35,0
2024-07-07 09:23:33,13200,32,0
2024-07-07 09:23:33,2292,31,0
2024-07-07 09:23:33,2514698,35,0
2024-07-07 09:23:33,3343933,35,0
2024-07-07 09:23:34,1000,30,0
2024-07-07 09:23:34,756,29,0
2024-07-07 09:23:34,17440,32,0
2024-07-07 09:23:34,1528,27,0
2024-07-07 09:23:34,40,35,0
2024-07-07 09:23:34,2932,29,0
2024-07-07 09:23:34,76664,31,0
2024-07-07 09:23:34,96858,31,0
2024-07-07 09:23:34,3257006,35,0
2024-07-07 09:23:34,4024771,35,0
2024-07-07 09:23:34,160,37,0
2024-07-07 09:23:34,1658,37,0
2024-07-07 09:23:35,2080,33,0
2024-07-07 09:23:35,439768,35,0
2024-07-07 09:23:35,602696,35,0
2024-07-07 09:24:20,760,27,0
2024-07-07 09:24:20,11120,32,0
2024-07-07 09:24:20,3070,30,0
2024-07-07 09:24:20,40,31,0
2024-07-07 09:24:20,1864296,35,0
2024-07-07 09:24:20,2394204,35,0
2024-07-07 09:24:21,1800,31,0
2024-07-07 09:24:21,758,46,1
2024-07-07 09:24:21,11280,33,0
2024-07-07 09:24:21,2294,29,0
2024-07-07 09:24:21,143372,31,0
2024-07-07 09:24:21,213137,31,0
2024-07-07 09:24:21,2361809,35,0
2024-07-07 09:24:21,3009867,35,0
2024-07-07 09:24:22,20280,32,0
2024-07-07 09:24:22,766,32,0
2024-07-07 09:24:22,4083379,35,0
2024-07-07 09:24:22,5250701,35,0
2024-07-07 09:24:23,10920,32,0
2024-07-07 09:24:23,768,28,0
2024-07-07 09:24:23,2257936,35,0
2024-07-07 09:24:23,2997843,35,0
2024-07-07 09:24:34,80,44,0
2024-07-07 09:24:34,2931,30,0
2024-07-07 09:24:34,240,37,0
2024-07-07 09:24:34,1584,37,0
2024-07-07 09:25:08,880,35,0
2024-07-07 09:25:08,756,31,0
2024-07-07 09:25:08,8440,33,0
2024-07-07 09:25:08,764,42,0
2024-07-07 09:25:08,86422,31,0
2024-07-07 09:25:08,77049,31,0
2024-07-07 09:25:08,1353142,35,0
2024-07-07 09:25:08,1694473,35,0
2024-07-07 09:25:09,16000,32,0
2024-07-07 09:25:09,764,42,0
2024-07-07 09:25:09,2967750,35,0
2024-07-07 09:25:09,4040509,35,0
2024-07-07 09:25:10,840,31,0
2024-07-07 09:25:10,758,35,0
2024-07-07 09:25:10,15360,33,0
2024-07-07 09:25:10,1532,29,0
2024-07-07 09:25:10,77374,31,0
2024-07-07 09:25:10,106446,31,0
2024-07-07 09:25:10,3076658,35,0
2024-07-07 09:25:10,4097646,35,0
2024-07-07 09:25:11,11800,33,0
2024-07-07 09:25:11,1530,44,0
2024-07-07 09:25:11,2332370,35,0
2024-07-07 09:25:11,2932331,35,0
2024-07-07 09:25:34,80,27,0
2024-07-07 09:25:34,2932,30,0
2024-07-07 09:25:34,240,37,0
2024-07-07 09:25:34,1707,37,0
2024-07-07 09:25:56,760,30,0
2024-07-07 09:25:56,754,32,0
2024-07-07 09:25:56,1080,32,0
2024-07-07 09:25:56,762,30,0
2024-07-07 09:25:56,57182,31,0
2024-07-07 09:25:56,86019,31,0
2024-07-07 09:25:56,216066,35,0
2024-07-07 09:25:56,258287,35,0
2024-07-07 09:25:57,7640,32,0
2024-07-07 09:25:57,1524,27,0
2024-07-07 09:25:57,1545160,35,0
2024-07-07 09:25:57,2019350,35,0
2024-07-07 09:26:34,40,27,0
2024-07-07 09:26:34,2932,28,0
2024-07-07 09:26:34,240,37,0
2024-07-07 09:26:34,1627,37,0
2024-07-07 09:26:40,920,32,0
2024-07-07 09:26:40,758,27,0
2024-07-07 09:26:40,1600,31,0
2024-07-07 09:26:40,1530,36,0
2024-07-07 09:26:40,81040,31,0
2024-07-07 09:26:40,59429,31,0
2024-07-07 09:26:40,333976,35,0
2024-07-07 09:26:40,459614,35,0
2024-07-07 09:26:41,920,31,0
2024-07-07 09:26:41,754,32,0
2024-07-07 09:26:41,7120,32,0
2024-07-07 09:26:41,3814,29,0
2024-07-07 09:26:41,88560,31,0
2024-07-07 09:26:41,81224,31,0
2024-07-07 09:26:41,1416424,35,0
2024-07-07 09:26:41,1880655,35,0
2024-07-07 09:26:42,680,29,0
2024-07-07 09:26:42,756,29,0
2024-07-07 09:26:42,11720,33,0
2024-07-07 09:26:42,2294,27,0
2024-07-07 09:26:42,53710,31,0
2024-07-07 09:26:42,80830,31,0
2024-07-07 09:26:42,2348870,35,0
2024-07-07 09:26:42,3019864,35,0
2024-07-07 09:26:43,920,34,0
2024-07-07 09:26:43,756,27,0
2024-07-07 09:26:43,15280,32,0
2024-07-07 09:26:43,1528,27,0
2024-07-07 09:26:43,96552,31,0
2024-07-07 09:26:43,82363,31,0
2024-07-07 09:26:43,3078335,35,0
2024-07-07 09:26:43,3989989,35,0
2024-07-07 09:26:44,16840,32,0
2024-07-07 09:26:44,1528,32,0
2024-07-07 09:26:44,3535722,35,0
2024-07-07 09:26:44,4407434,35,0
2024-07-07 09:26:45,280,29,0
2024-07-07 09:26:45,760,28,0
2024-07-07 09:26:45,16160,33,0
2024-07-07 09:26:45,1532,28,0
2024-07-07 09:26:45,26342,31,0
2024-07-07 09:26:45,29648,31,0
2024-07-07 09:26:45,3305142,35,0
2024-07-07 09:26:45,4244131,35,0
2024-07-07 09:26:46,440,36,0
2024-07-07 09:26:46,8800,32,0
2024-07-07 09:26:46,30242,31,0
2024-07-07 09:26:46,48706,31,0
2024-07-07 09:26:46,1757118,35,0
2024-07-07 09:26:46,2294280,35,0
2024-07-07 09:27:31,10560,32,0
2024-07-07 09:27:31,1534,31,0
2024-07-07 09:27:31,2002702,35,0
2024-07-07 09:27:31,2767282,35,0
2024-07-07 09:27:32,840,29,0
2024-07-07 09:27:32,758,42,0
2024-07-07 09:27:32,11000,33,0
2024-07-07 09:27:32,3064,29,0
2024-07-07 09:27:32,70292,31,0
2024-07-07 09:27:32,91979,31,0
2024-07-07 09:27:32,2136548,35,0
2024-07-07 09:27:32,2627616,35,0
2024-07-07 09:27:33,760,32,0
2024-07-07 09:27:33,758,32,0
2024-07-07 09:27:33,14160,33,0
2024-07-07 09:27:33,1530,28,0
2024-07-07 09:27:33,70840,31,0
2024-07-07 09:27:33,83641,31,0
2024-07-07 09:27:33,2551634,35,0
2024-07-07 09:27:33,3303785,35,0
2024-07-07 09:27:34,8000,33,0
2024-07-07 09:27:34,766,30,0
2024-07-07 09:27:34,80,27,0
2024-07-07 09:27:34,2932,31,0
2024-07-07 09:27:34,1613444,35,0
2024-07-07 09:27:34,2052154,35,0
2024-07-07 09:27:34,240,37,0
2024-07-07 09:27:34,1717,37,0
2024-07-07 09:28:19,720,33,0
2024-07-07 09:28:19,754,30,0
2024-07-07 09:28:19,8640,33,0
2024-07-07 09:28:19,1526,31,0
2024-07-07 09:28:19,65328,31,0
2024-07-07 09:28:19,73873,31,0
2024-07-07 09:28:19,1403075,35,0
2024-07-07 09:28:19,1746718,35,0
2024-07-07 09:28:20,840,34,0
2024-07-07 09:28:20,756,27,0
2024-07-07 09:28:20,11080,32,0
2024-07-07 09:28:20,3060,40,0
2024-07-07 09:28:20,89816,31,0
2024-07-07 09:28:20,79233,31,0
2024-07-07 09:28:20,2108500,35,0
2024-07-07 09:28:20,2715738,35,0
2024-07-07 09:28:21,9560,33,0
2024-07-07 09:28:21,3056,28,0
2024-07-07 09:28:21,1901222,35,0
2024-07-07 09:28:21,2379621,35,0
2024-07-07 09:28:22,720,31,0
2024-07-07 09:28:22,756,30,0
2024-07-07 09:28:22,9720,32,0
2024-07-07 09:28:22,2292,28,0
2024-07-07 09:28:22,61744,31,0
2024-07-07 09:28:22,93401,31,0
2024-07-07 09:28:22,1900584,35,0
2024-07-07 09:28:22,2406769,35,0
2024-07-07 09:28:23,1000,31,0
2024-07-07 09:28:23,204174,35,0
2024-07-07 09:28:23,306532,35,0
2024-07-07 09:28:34,260,33,0
2024-07-07 09:28:34,7205,37,0
2024-07-07 09:28:34,608,37,0
2024-07-07 09:28:34,3030,37,0
2024-07-07 09:29:08,840,31,0
2024-07-07 09:29:08,754,62,1
2024-07-07 09:29:08,11920,33,0
2024-07-07 09:29:08,1524,48,1
2024-07-07 09:29:08,72106,31,0
2024-07-07 09:29:08,94111,31,0
2024-07-07 09:29:08,2361310,35,0
2024-07-07 09:29:08,3089858,35,0
2024-07-07 09:29:09,17680,33,0
2024-07-07 09:29:09,3204618,35,0
2024-07-07 09:29:09,4120860,35,0
2024-07-07 09:29:10,15840,32,0
2024-07-07 09:29:10,764,46,1
2024-07-07 09:29:10,2737226,35,0
2024-07-07 09:29:10,3553912,35,0
2024-07-07 09:29:11,758,35,0
2024-07-07 09:29:11,20080,32,0
2024-07-07 09:29:11,1526,28,0
2024-07-07 09:29:11,40,31,0
2024-07-07 09:29:11,3630214,35,0
2024-07-07 09:29:11,4794540,35,0
2024-07-07 09:29:12,920,30,0
2024-07-07 09:29:12,17000,32,0
2024-07-07 09:29:12,766,29,0
2024-07-07 09:29:12,81670,31,0
2024-07-07 09:29:12,116692,31,0
2024-07-07 09:29:12,3444338,35,0
2024-07-07 09:29:12,4482021,35,0
2024-07-07 09:29:13,760,38,0
2024-07-07 09:29:13,756,28,0
2024-07-07 09:29:13,11600,33,0
2024-07-07 09:29:13,2294,27,0
2024-07-07 09:29:13,67172,31,0
2024-07-07 09:29:13,88772,31,0
2024-07-07 09:29:13,2351674,35,0
2024-07-07 09:29:13,3002720,35,0
2024-07-07 09:29:34,40,42,0
2024-07-07 09:29:34,2920,30,0
2024-07-07 09:29:34,80,37,0
2024-07-07 09:29:34,1663,37,0
2024-07-07 09:29:58,5360,33,0
2024-07-07 09:29:58,1528,40,0
2024-07-07 09:29:58,1101690,35,0
2024-07-07 09:29:58,1414999,35,0
2024-07-07 09:29:59,760,33,0
2024-07-07 09:29:59,756,42,0
2024-07-07 09:29:59,13920,32,0
2024-07-07 09:29:59,1528,28,0
2024-07-07 09:29:59,64304,31,0
2024-07-07 09:29:59,91053,31,0
2024-07-07 09:29:59,2727694,35,0
2024-07-07 09:29:59,3548570,35,0
2024-07-07 09:30:00,6200,33,0
2024-07-07 09:30:00,1130686,35,0
2024-07-07 09:30:00,1442980,35,0
2024-07-07 09:30:34,80,27,0
2024-07-07 09:30:34,2931,34,0
2024-07-07 09:30:34,120,37,0
2024-07-07 09:30:34,1591,37,0
2024-07-07 09:30:58,680,34,0
2024-07-07 09:30:58,756,42,0
2024-07-07 09:30:58,13920,33,0
2024-07-07 09:30:58,1526,31,0
2024-07-07 09:30:58,68318,31,0
2024-07-07 09:30:58,79746,31,0
2024-07-07 09:30:58,2364148,35,0
2024-07-07 09:30:58,3047545,35,0
2024-07-07 09:30:59,17840,32,0
2024-07-07 09:30:59,1526,29,0
2024-07-07 09:30:59,3597644,35,0
2024-07-07 09:30:59,4633220,35,0
2024-07-07 09:31:00,1000,31,0
2024-07-07 09:31:00,756,32,0
2024-07-07 09:31:00,13600,33,0
2024-07-07 09:31:00,2294,41,0
2024-07-07 09:31:00,87576,31,0
2024-07-07 09:31:00,107813,31,0
2024-07-07 09:31:00,2774022,35,0
2024-07-07 09:31:00,3531304,35,0
2024-07-07 09:31:01,640,31,0
2024-07-07 09:31:01,754,27,0
2024-07-07 09:31:01,13560,32,0
2024-07-07 09:31:01,1526,32,0
2024-07-07 09:31:01,51350,31,0
2024-07-07 09:31:01,83670,31,0
2024-07-07 09:31:01,2856000,35,0
2024-07-07 09:31:01,3598898,35,0
2024-07-07 09:31:02,758,28,0
2024-07-07 09:31:02,13320,32,0
2024-07-07 09:31:02,2298,29,0
2024-07-07 09:31:02,40,31,0
2024-07-07 09:31:02,2725570,35,0
2024-07-07 09:31:02,3698589,35,0
2024-07-07 09:31:03,880,33,0
2024-07-07 09:31:03,13280,32,0
2024-07-07 09:31:03,1528,29,0
2024-07-07 09:31:03,87102,31,0
2024-07-07 09:31:03,93381,31,0
2024-07-07 09:31:03,2728966,35,0
2024-07-07 09:31:03,3543217,35,0
2024-07-07 09:31:04,16720,32,0
2024-07-07 09:31:04,3477914,35,0
2024-07-07 09:31:04,4623120,35,0
2024-07-07 09:31:34,40,46,1
2024-07-07 09:31:34,2931,33,0
2024-07-07 09:31:34,160,37,0
2024-07-07 09:31:34,1660,37,0
2024-07-07 09:31:49,600,33,0
2024-07-07 09:31:49,754,27,0
2024-07-07 09:31:49,920,34,0
2024-07-07 09:31:49,762,27,0
2024-07-07 09:31:49,50840,31,0
2024-07-07 09:31:49,60590,31,0
2024-07-07 09:31:49,186086,35,0
2024-07-07 09:31:49,209321,35,0
2024-07-07 09:31:50,320,34,0
2024-07-07 09:31:50,17720,32,0
2024-07-07 09:31:50,764,27,0
2024-07-07 09:31:50,20000,31,0
2024-07-07 09:31:50,53266,31,0
2024-07-07 09:31:50,3262496,35,0
2024-07-07 09:31:50,4364867,35,0
2024-07-07 09:31:51,880,31,0
2024-07-07 09:31:51,756,28,0
2024-07-07 09:31:51,17880,32,0
2024-07-07 09:31:51,1526,44,0
2024-07-07 09:31:51,72106,31,0
2024-07-07 09:31:51,117446,31,0
2024-07-07 09:31:51,3644812,35,0
2024-07-07 09:31:51,4837796,35,0
2024-07-07 09:31:52,13440,32,0
2024-07-07 09:31:52,1530,27,0
2024-07-07 09:31:52,2704574,35,0
2024-07-07 09:31:52,3448163,35,0
2024-07-07 09:31:53,10120,32,0
2024-07-07 09:31:53,764,27,0
2024-07-07 09:31:53,1975648,35,0
2024-07-07 09:31:53,2491541,35,0
2024-07-07 09:32:34,40,27,0
2024-07-07 09:32:34,2931,34,0
2024-07-07 09:32:34,160,37,0
2024-07-07 09:32:34,1627,37,0
2024-07-07 09:32:38,680,29,0
2024-07-07 09:32:38,754,28,0
2024-07-07 09:32:38,2880,32,0
2024-07-07 09:32:38,762,62,1
2024-07-07 09:32:38,58236,31,0
2024-07-07 09:32:38,83596,31,0
2024-07-07 09:32:38,599164,35,0
2024-07-07 09:32:38,732411,35,0
2024-07-07 09:32:39,16080,32,0
2024-07-07 09:32:39,2286,34,0
2024-07-07 09:32:39,3083306,35,0
2024-07-07 09:32:39,3764878,35,0
2024-07-07 09:32:40,720,35,0
2024-07-07 09:32:40,758,27,0
2024-07-07 09:32:40,13640,32,0
2024-07-07 09:32:40,2294,29,0
2024-07-07 09:32:40,61076,31,0
2024-07-07 09:32:40,89863,31,0
2024-07-07 09:32:40,2771078,35,0
2024-07-07 09:32:40,3628643,35,0
2024-07-07 09:32:41,9920,32,0
2024-07-07 09:32:41,2286,34,0
2024-07-07 09:32:41,1950428,35,0
2024-07-07 09:32:41,2398072,35,0
2024-07-07 09:32:42,880,31,0
2024-07-07 09:32:42,756,27,0
2024-07-07 09:32:42,9760,33,0
2024-07-07 09:32:42,3060,33,0
2024-07-07 09:32:42,81276,31,0
2024-07-07 09:32:42,125404,31,0
2024-07-07 09:32:42,2015886,35,0
2024-07-07 09:32:42,2416615,35,0
2024-07-07 09:32:43,5680,31,0
2024-07-07 09:32:43,1528,28,0
2024-07-07 09:32:43,1114254,35,0
2024-07-07 09:32:43,1453337,35,0
2024-07-07 09:33:28,4960,33,0
2024-07-07 09:33:28,1524,35,0
2024-07-07 09:33:28,845532,35,0
2024-07-07 09:33:28,1015266,35,0
2024-07-07 09:33:29,840,32,0
2024-07-07 09:33:29,756,31,0
2024-07-07 09:33:29,17040,32,0
2024-07-07 09:33:29,1528,27,0
2024-07-07 09:33:29,78520,31,0
2024-07-07 09:33:29,89519,31,0
2024-07-07 09:33:29,3433772,35,0
2024-07-07 09:33:29,4513835,35,0
2024-07-07 09:33:30,760,34,0
2024-07-07 09:33:30,758,32,0
2024-07-07 09:33:30,11480,31,0
2024-07-07 09:33:30,2294,29,0
2024-07-07 09:33:30,67334,31,0
2024-07-07 09:33:30,92023,31,0
2024-07-07 09:33:30,2254812,35,0
2024-07-07 09:33:30,2821698,35,0
2024-07-07 09:33:31,5640,32,0
2024-07-07 09:33:31,766,27,0
2024-07-07 09:33:31,1180162,35,0
2024-07-07 09:33:31,1568198,35,0
2024-07-07 09:33:34,80,30,0
2024-07-07 09:33:34,2932,33,0
2024-07-07 09:33:34,200,37,0
2024-07-07 09:33:34,1703,37,0
2024-07-07 09:34:16,840,30,0
2024-07-07 09:34:16,754,31,0
2024-07-07 09:34:16,6920,32,0
2024-07-07 09:34:16,1526,34,0
2024-07-07 09:34:16,78792,31,0
2024-07-07 09:34:16,69049,31,0
2024-07-07 09:34:16,1113782,35,0
2024-07-07 09:34:16,1509472,35,0
2024-07-07 09:34:17,640,32,0
2024-07-07 09:34:17,756,27,0
2024-07-07 09:34:17,7160,32,0
2024-07-07 09:34:17,3056,29,0
2024-07-07 09:34:17,52886,31,0
2024-07-07 09:34:17,58584,31,0
2024-07-07 09:34:17,1466992,35,0
2024-07-07 09:34:17,1948304,35,0
2024-07-07 09:34:18,120,38,0
2024-07-07 09:34:18,8200,32,0
2024-07-07 09:34:18,4578,31,0
2024-07-07 09:34:18,5238,31,0
2024-07-07 09:34:18,22025,31,0
2024-07-07 09:34:18,1589756,35,0
2024-07-07 09:34:18,2020552,35,0
2024-07-07 09:34:19,680,34,0
2024-07-07 09:34:19,754,30,0
2024-07-07 09:34:19,6640,33,0
2024-07-07 09:34:19,3814,32,0
2024-07-07 09:34:19,61036,31,0
2024-07-07 09:34:19,105501,31,0
2024-07-07 09:34:19,1329292,35,0
2024-07-07 09:34:19,1725481,35,0
2024-07-07 09:34:20,2760,32,0
2024-07-07 09:34:20,764,62,1
2024-07-07 09:34:20,511328,35,0
2024-07-07 09:34:20,694143,35,0
2024-07-07 09:34:34,220,35,0
2024-07-07 09:34:34,4347,41,0
2024-07-07 09:34:34,80,35,0
2024-07-07 09:34:34,2856,29,0
2024-07-07 09:34:34,368,43,0
2024-07-07 09:34:34,2895,43,0
2024-07-07 09:34:34,200,37,0
2024-07-07 09:34:34,158,37,0
2024-07-07 09:35:05,5480,32,0
2024-07-07 09:35:05,766,30,0
2024-07-07 09:35:05,827278,35,0
2024-07-07 09:35:05,1065070,35,0
2024-07-07 09:35:19,80,33,0
2024-07-07 09:35:19,40,31,0
2024-07-07 09:35:19,64,31,0
2024-07-07 09:35:34,120,32,0
2024-07-07 09:35:34,2937,28,0
2024-07-07 09:35:34,200,43,0
2024-07-07 09:35:34,1664,43,0
2024-07-07 09:35:38,1060,33,0
2024-07-07 09:35:38,1542,32,0
2024-07-07 09:35:38,5960,31,0
2024-07-07 09:35:38,1524,29,0
2024-07-07 09:35:38,85334,31,0
2024-07-07 09:35:38,87455,31,0
2024-07-07 09:35:38,1009483,35,0
2024-07-07 09:35:38,1403620,35,0
2024-07-07 09:35:39,840,31,0
2024-07-07 09:35:39,756,27,0
2024-07-07 09:35:39,12680,32,0
2024-07-07 09:35:39,2288,46,1
2024-07-07 09:35:39,57570,31,0
2024-07-07 09:35:39,114579,31,0
2024-07-07 09:35:39,2696082,35,0
2024-07-07 09:35:39,3433437,35,0
2024-07-07 09:35:40,720,29,0
2024-07-07 09:35:40,756,27,0
2024-07-07 09:35:40,11320,31,0
2024-07-07 09:35:40,3058,33,0
2024-07-07 09:35:40,64690,31,0
2024-07-07 09:35:40,77712,31,0
2024-07-07 09:35:40,2337966,35,0
2024-07-07 09:35:40,3086074,35,0
2024-07-07 09:35:41,680,32,0
2024-07-07 09:35:41,754,35,0
2024-07-07 09:35:41,6640,34,0
2024-07-07 09:35:41,1526,31,0
2024-07-07 09:35:41,55602,31,0
2024-07-07 09:35:41,77790,31,0
2024-07-07 09:35:41,1274646,35,0
2024-07-07 09:35:41,1627338,35,0
2024-07-07 09:36:26,1120,36,0
2024-07-07 09:36:26,1510,29,0
2024-07-07 09:36:26,1440,32,0
2024-07-07 09:36:26,2292,34,0
2024-07-07 09:36:26,75289,31,0
2024-07-07 09:36:26,147007,31,0
2024-07-07 09:36:26,293550,35,0
2024-07-07 09:36:26,381932,35,0
2024-07-07 09:36:27,360,36,0
2024-07-07 09:36:27,45216,35,0
2024-07-07 09:36:27,98030,35,0
2024-07-07 09:36:34,40,29,0
2024-07-07 09:36:34,2932,37,0
2024-07-07 09:36:34,120,43,0
2024-07-07 09:36:34,1630,43,0
2024-07-07 09:37:19,200,29,0
2024-07-07 09:37:19,2292,33,0
2024-07-07 09:37:19,1538,43,0
2024-07-07 09:37:19,2321,43,0
2024-07-07 09:37:20,380,36,0
2024-07-07 09:37:20,4562,30,0
2024-07-07 09:37:20,200,39,0
2024-07-07 09:37:20,5962,31,0
2024-07-07 09:37:20,4542,32,0
2024-07-07 09:37:20,22651,32,0
2024-07-07 09:37:20,15134,43,0
2024-07-07 09:37:20,43521,43,0
2024-07-07 09:37:21,180,32,0
2024-07-07 09:37:21,1311,45,0
2024-07-07 09:37:21,1260,33,0
2024-07-07 09:37:21,9372,31,0
2024-07-07 09:37:21,128,32,0
2024-07-07 09:37:21,2770,28,0
2024-07-07 09:37:21,92913,32,0
2024-07-07 09:37:21,173635,32,0
2024-07-07 09:37:22,200,33,0
2024-07-07 09:37:22,1404,37,0
2024-07-07 09:37:22,16520,32,0
2024-07-07 09:37:22,2261,40,0
2024-07-07 09:37:22,18904,37,0
2024-07-07 09:37:22,31592,33,0
2024-07-07 09:37:22,1652180,32,0
2024-07-07 09:37:22,2063828,32,0
2024-07-07 09:37:23,560,31,0
2024-07-07 09:37:23,753,29,0
2024-07-07 09:37:23,12840,33,0
2024-07-07 09:37:23,1516,29,0
2024-07-07 09:37:23,73998,32,0
2024-07-07 09:37:23,90641,29,0
2024-07-07 09:37:23,2511234,32,0
2024-07-07 09:37:23,3210180,32,0
2024-07-07 09:37:24,480,32,0
2024-07-07 09:37:24,751,31,0
2024-07-07 09:37:24,12520,32,0
2024-07-07 09:37:24,2268,27,0
2024-07-07 09:37:24,64466,31,0
2024-07-07 09:37:24,98490,28,0
2024-07-07 09:37:24,2127320,32,0
2024-07-07 09:37:24,2732824,32,0
2024-07-07 09:37:25,800,33,0
2024-07-07 09:37:25,751,46,1
2024-07-07 09:37:25,15840,32,0
2024-07-07 09:37:25,1514,31,0
2024-07-07 09:37:25,65794,30,0
2024-07-07 09:37:25,90048,32,0
2024-07-07 09:37:25,2681066,32,0
2024-07-07 09:37:25,3528273,32,0
2024-07-07 09:37:26,80,36,0
2024-07-07 09:37:26,840,34,0
2024-07-07 09:37:26,751,32,0
2024-07-07 09:37:26,10320,31,0
2024-07-07 09:37:26,3022,31,0
2024-07-07 09:37:26,40,31,0
2024-07-07 09:37:26,64,31,0
2024-07-07 09:37:26,64032,32,0
2024-07-07 09:37:26,102848,29,0
2024-07-07 09:37:26,1926978,32,0
2024-07-07 09:37:26,2490558,32,0
2024-07-07 09:37:27,18720,32,0
2024-07-07 09:37:27,754,27,0
2024-07-07 09:37:27,120,28,0
2024-07-07 09:37:27,3655190,32,0
2024-07-07 09:37:27,4545946,32,0
2024-07-07 09:37:27,40,35,0
2024-07-07 09:37:27,64,35,0
2024-07-07 09:37:28,17800,32,0
2024-07-07 09:37:28,1510,44,0
2024-07-07 09:37:28,3205590,32,0
2024-07-07 09:37:28,4178470,32,0
2024-07-07 09:37:29,880,30,0
2024-07-07 09:37:29,753,27,0
2024-07-07 09:37:29,15520,32,0
2024-07-07 09:37:29,2264,30,0
2024-07-07 09:37:29,73200,36,0
2024-07-07 09:37:29,83053,32,0
2024-07-07 09:37:29,2559924,32,0
2024-07-07 09:37:29,3168717,32,0
2024-07-07 09:37:30,17200,32,0
2024-07-07 09:37:30,1514,36,0
2024-07-07 09:37:30,3151784,32,0
2024-07-07 09:37:30,4041825,32,0
2024-07-07 09:37:34,40,29,0
2024-07-07 09:37:34,2932,29,0
2024-07-07 09:37:34,240,43,0
2024-07-07 09:37:34,1663,43,0
2024-07-07 09:38:21,80,44,0
2024-07-07 09:38:21,40,32,0
2024-07-07 09:38:21,64,32,0
2024-07-07 09:38:24,5520,33,0
2024-07-07 09:38:24,744,31,0
2024-07-07 09:38:24,280,31,0
2024-07-07 09:38:24,25940,32,0
2024-07-07 09:38:24,816354,32,0
2024-07-07 09:38:24,1015681,32,0
2024-07-07 09:38:24,680,43,0
2024-07-07 09:38:24,13799,43,0
2024-07-07 09:38:25,880,31,0
2024-07-07 09:38:25,744,29,0
2024-07-07 09:38:25,16000,33,0
2024-07-07 09:38:25,2235,27,0
2024-07-07 09:38:25,40,46,1
2024-07-07 09:38:25,67252,30,0
2024-07-07 09:38:25,84160,28,0
2024-07-07 09:38:25,2659900,32,0
2024-07-07 09:38:25,3506738,32,0
2024-07-07 09:38:25,353,43,0
2024-07-07 09:38:26,14720,33,0
2024-07-07 09:38:26,2241,40,0
2024-07-07 09:38:26,280,29,0
2024-07-07 09:38:26,14592,29,0
2024-07-07 09:38:26,2805808,32,0
2024-07-07 09:38:26,3719525,32,0
2024-07-07 09:38:26,80,43,0
2024-07-07 09:38:26,5725,43,0
2024-07-07 09:38:27,880,33,0
2024-07-07 09:38:27,744,31,0
2024-07-07 09:38:27,16760,32,0
2024-07-07 09:38:27,2241,27,0
2024-07-07 09:38:27,87690,32,0
2024-07-07 09:38:27,99413,31,0
2024-07-07 09:38:27,3227453,32,0
2024-07-07 09:38:27,4124041,32,0
2024-07-07 09:38:28,920,30,0
2024-07-07 09:38:28,744,27,0
2024-07-07 09:38:28,16560,33,0
2024-07-07 09:38:28,1494,36,0
2024-07-07 09:38:28,87182,34,0
2024-07-07 09:38:28,93368,38,0
2024-07-07 09:38:28,3040568,32,0
2024-07-07 09:38:28,3767456,32,0
2024-07-07 09:38:29,17600,32,0
2024-07-07 09:38:29,1494,28,0
2024-07-07 09:38:29,3476470,32,0
2024-07-07 09:38:29,4390919,32,0
2024-07-07 09:38:30,840,29,0
2024-07-07 09:38:30,744,27,0
2024-07-07 09:38:30,17480,32,0
2024-07-07 09:38:30,1495,31,0
2024-07-07 09:38:30,62650,30,0
2024-07-07 09:38:30,129081,32,0
2024-07-07 09:38:30,3113998,32,0
2024-07-07 09:38:30,3914822,32,0
2024-07-07 09:38:31,20000,32,0
2024-07-07 09:38:31,1500,48,1
2024-07-07 09:38:31,3761456,32,0
2024-07-07 09:38:31,4919543,32,0
2024-07-07 09:38:32,1160,35,0
2024-07-07 09:38:32,1490,29,0
2024-07-07 09:38:32,13400,32,0
2024-07-07 09:38:32,3002,29,0
2024-07-07 09:38:32,91544,30,0
2024-07-07 09:38:32,127920,29,0
2024-07-07 09:38:32,2374332,32,0
2024-07-07 09:38:32,2969231,32,0
2024-07-07 09:38:33,480,37,0
2024-07-07 09:38:33,19720,33,0
2024-07-07 09:38:33,751,62,1
2024-07-07 09:38:33,42056,29,0
2024-07-07 09:38:33,58975,35,0
2024-07-07 09:38:33,3248542,32,0
2024-07-07 09:38:33,4112027,32,0
2024-07-07 09:38:34,17560,32,0
2024-07-07 09:38:34,1501,44,0
2024-07-07 09:38:34,3335368,32,0
2024-07-07 09:38:34,4261277,32,0
2024-07-07 09:38:35,720,31,0
2024-07-07 09:38:35,747,27,0
2024-07-07 09:38:35,15680,32,0
2024-07-07 09:38:35,1504,38,0
2024-07-07 09:38:35,48632,35,0
2024-07-07 09:38:35,89779,30,0
2024-07-07 09:38:35,2700402,32,0
2024-07-07 09:38:35,3518975,32,0
2024-07-07 09:38:36,17200,32,0
2024-07-07 09:38:36,1504,28,0
2024-07-07 09:38:36,3456586,32,0
2024-07-07 09:38:36,4626437,32,0
2024-07-07 09:38:37,880,30,0
2024-07-07 09:38:37,747,27,0
2024-07-07 09:38:37,19320,33,0
2024-07-07 09:38:37,752,27,0
2024-07-07 09:38:37,73838,32,0
2024-07-07 09:38:37,87925,34,0
2024-07-07 09:38:37,3853888,32,0
2024-07-07 09:38:37,4883526,32,0
2024-07-07 09:38:38,12400,31,0
2024-07-07 09:38:38,2258,27,0
2024-07-07 09:38:38,2438730,32,0
2024-07-07 09:38:38,3233312,32,0
2024-07-07 09:38:39,40,42,0
2024-07-07 09:39:23,747,29,0
2024-07-07 09:39:23,752,32,0
2024-07-07 09:39:23,40,30,0
2024-07-07 09:39:23,40,32,0
2024-07-07 09:39:24,1040,31,0
2024-07-07 09:39:24,4080,32,0
2024-07-07 09:39:24,1504,27,0
2024-07-07 09:39:24,80,38,0
2024-07-07 09:39:24,2924,31,0
2024-07-07 09:39:24,78680,31,0
2024-07-07 09:39:24,113427,29,0
2024-07-07 09:39:24,762802,32,0
2024-07-07 09:39:24,1026165,32,0
2024-07-07 09:39:24,160,43,0
2024-07-07 09:39:24,1603,43,0
2024-07-07 09:39:25,840,33,0
2024-07-07 09:39:25,747,32,0
2024-07-07 09:39:25,10480,32,0
2024-07-07 09:39:25,2256,37,0
2024-07-07 09:39:25,54618,31,0
2024-07-07 09:39:25,98565,32,0
2024-07-07 09:39:25,2082007,32,0
2024-07-07 09:39:25,2684625,32,0
2024-07-07 09:39:26,1000,30,0
2024-07-07 09:39:26,747,29,0
2024-07-07 09:39:26,11200,32,0
2024-07-07 09:39:26,752,27,0
2024-07-07 09:39:26,110686,33,0
2024-07-07 09:39:26,89991,35,0
2024-07-07 09:39:26,2281646,32,0
2024-07-07 09:39:26,2850264,32,0
2024-07-07 09:40:11,6400,31,0
2024-07-07 09:40:11,1514,29,0
2024-07-07 09:40:11,1156824,32,0
2024-07-07 09:40:11,1412252,32,0
2024-07-07 09:40:12,760,30,0
2024-07-07 09:40:12,750,28,0
2024-07-07 09:40:12,12880,32,0
2024-07-07 09:40:12,1512,27,0
2024-07-07 09:40:12,64032,30,0
2024-07-07 09:40:12,100663,31,0
2024-07-07 09:40:12,2622582,32,0
2024-07-07 09:40:12,3393230,32,0
2024-07-07 09:40:13,9120,32,0
2024-07-07 09:40:13,3020,37,0
2024-07-07 09:40:13,1870082,32,0
2024-07-07 09:40:13,2411554,32,0
2024-07-07 09:40:14,800,33,0
2024-07-07 09:40:14,750,42,0
2024-07-07 09:40:14,12600,33,0
2024-07-07 09:40:14,1510,27,0
2024-07-07 09:40:14,69380,29,0
2024-07-07 09:40:14,66180,34,0
2024-07-07 09:40:14,2421641,32,0
2024-07-07 09:40:14,3141533,32,0
2024-07-07 09:40:15,3840,32,0
2024-07-07 09:40:15,820618,32,0
2024-07-07 09:40:15,1139292,32,0
2024-07-07 09:40:24,80,28,0
2024-07-07 09:40:24,2926,32,0
2024-07-07 09:40:24,160,43,0
2024-07-07 09:40:24,1677,43,0
2024-07-07 09:41:00,680,37,0
2024-07-07 09:41:00,750,29,0
2024-07-07 09:41:00,7840,33,0
2024-07-07 09:41:00,2265,39,0
2024-07-07 09:41:00,57294,27,0
2024-07-07 09:41:00,82992,30,0
2024-07-07 09:41:00,1601562,32,0
2024-07-07 09:41:00,2058674,32,0
2024-07-07 09:41:01,800,34,0
2024-07-07 09:41:01,752,46,1
2024-07-07 09:41:01,14640,32,0
2024-07-07 09:41:01,1512,27,0
2024-07-07 09:41:01,72136,34,0
2024-07-07 09:41:01,81018,30,0
2024-07-07 09:41:01,2947228,32,0
2024-07-07 09:41:01,3719009,32,0
2024-07-07 09:41:02,9800,32,0
2024-07-07 09:41:02,2267,29,0
2024-07-07 09:41:02,1830778,32,0
2024-07-07 09:41:02,2279407,32,0
2024-07-07 09:41:03,320,33,0
2024-07-07 09:41:03,750,28,0
2024-07-07 09:41:03,9240,33,0
2024-07-07 09:41:03,3020,29,0
2024-07-07 09:41:03,27760,29,0
2024-07-07 09:41:03,28268,32,0
2024-07-07 09:41:03,1969634,32,0
2024-07-07 09:41:03,2559863,32,0
2024-07-07 09:41:04,400,31,0
2024-07-07 09:41:04,22040,33,0
2024-07-07 09:41:04,755,42,0
2024-07-07 09:41:04,45400,31,0
2024-07-07 09:41:04,44167,28,0
2024-07-07 09:41:04,3915074,32,0
2024-07-07 09:41:04,5052118,32,0
2024-07-07 09:41:05,2520,32,0
2024-07-07 09:41:05,468208,32,0
2024-07-07 09:41:05,547933,32,0
2024-07-07 09:41:24,120,40,0
2024-07-07 09:41:24,2929,34,0
2024-07-07 09:41:24,120,43,0
2024-07-07 09:41:24,1645,43,0
2024-07-07 09:41:50,800,31,0
2024-07-07 09:41:50,750,32,0
2024-07-07 09:41:50,14120,32,0
2024-07-07 09:41:50,1510,36,0
2024-07-07 09:41:50,81822,31,0
2024-07-07 09:41:50,77875,33,0
2024-07-07 09:41:50,2721276,32,0
2024-07-07 09:41:50,3524239,32,0
2024-07-07 09:41:51,26960,33,0
2024-07-07 09:41:51,4427806,32,0
2024-07-07 09:41:51,5930714,32,0
2024-07-07 09:41:52,15400,32,0
2024-07-07 09:41:52,1512,27,0
2024-07-07 09:41:52,3171286,32,0
2024-07-07 09:41:52,4297239,32,0
2024-07-07 09:41:53,720,35,0
2024-07-07 09:41:53,750,28,0
2024-07-07 09:41:53,13320,33,0
2024-07-07 09:41:53,1510,31,0
2024-07-07 09:41:53,61114,32,0
2024-07-07 09:41:53,96700,34,0
2024-07-07 09:41:53,2845314,32,0
2024-07-07 09:41:53,3734318,32,0
2024-07-07 09:42:24,40,30,0
2024-07-07 09:42:24,2931,38,0
2024-07-07 09:42:24,200,43,0
2024-07-07 09:42:24,1673,43,0
2024-07-07 09:42:49,12360,32,0
2024-07-07 09:42:49,755,62,1
2024-07-07 09:42:49,2591016,32,0
2024-07-07 09:42:49,3225139,32,0
2024-07-07 09:42:50,760,33,0
2024-07-07 09:42:50,750,30,0
2024-07-07 09:42:50,18200,32,0
2024-07-07 09:42:50,1510,36,0
2024-07-07 09:42:50,63282,34,0
2024-07-07 09:42:50,91676,31,0
2024-07-07 09:42:50,3261574,32,0
2024-07-07 09:42:50,4268911,32,0
2024-07-07 09:42:51,15120,32,0
2024-07-07 09:42:51,2269,27,0
2024-07-07 09:42:51,2621546,32,0
2024-07-07 09:42:51,3284199,32,0
2024-07-07 09:42:52,840,33,0
2024-07-07 09:42:52,750,30,0
2024-07-07 09:42:52,12360,32,0
2024-07-07 09:42:52,2265,29,0
2024-07-07 09:42:52,72024,37,0
2024-07-07 09:42:52,72523,32,0
2024-07-07 09:42:52,2579771,32,0
2024-07-07 09:42:52,3353571,32,0
2024-07-07 09:42:53,720,31,0
2024-07-07 09:42:53,750,46,1
2024-07-07 09:42:53,11120,31,0
2024-07-07 09:42:53,3020,30,0
2024-07-07 09:42:53,61388,37,0
2024-07-07 09:42:53,82287,32,0
2024-07-07 09:42:53,2214264,32,0
2024-07-07 09:42:53,2783830,32,0
2024-07-07 09:42:54,16280,32,0
2024-07-07 09:42:54,1510,32,0
2024-07-07 09:42:54,2890468,32,0
2024-07-07 09:42:54,3803664,32,0
2024-07-07 09:42:55,760,33,0
2024-07-07 09:42:55,750,27,0
2024-07-07 09:42:55,16520,34,0
2024-07-07 09:42:55,1510,36,0
2024-07-07 09:42:55,60880,33,0
2024-07-07 09:42:55,78025,34,0
2024-07-07 09:42:55,3411350,32,0
2024-07-07 09:42:55,4358306,32,0
2024-07-07 09:42:56,13960,32,0
2024-07-07 09:42:56,1510,44,0
2024-07-07 09:42:56,2670275,32,0
2024-07-07 09:42:56,3475573,32,0
2024-07-07 09:42:57,12920,33,0
2024-07-07 09:42:57,755,27,0
2024-07-07 09:42:57,2589576,32,0
2024-07-07 09:42:57,3363344,32,0
2024-07-07 09:43:24,40,42,0
2024-07-07 09:43:24,2932,31,0
2024-07-07 09:43:24,240,43,0
2024-07-07 09:43:24,1595,43,0
2024-07-07 09:43:42,2080,32,0
2024-07-07 09:43:42,1510,29,0
2024-07-07 09:43:42,406774,32,0
2024-07-07 09:43:42,592778,32,0
2024-07-07 09:43:43,760,31,0
2024-07-07 09:43:43,750,27,0
2024-07-07 09:43:43,13120,32,0
2024-07-07 09:43:43,1510,34,0
2024-07-07 09:43:43,69654,31,0
2024-07-07 09:43:43,85568,32,0
2024-07-07 09:43:43,2207162,32,0
2024-07-07 09:43:43,2815652,32,0
2024-07-07 09:43:44,8960,32,0
2024-07-07 09:43:44,3020,28,0
2024-07-07 09:43:44,1815620,32,0
2024-07-07 09:43:44,2351437,32,0
2024-07-07 09:43:45,15240,32,0
2024-07-07 09:43:45,755,27,0
2024-07-07 09:43:45,3142168,32,0
2024-07-07 09:43:45,4099666,32,0
2024-07-07 09:43:46,760,32,0
2024-07-07 09:43:46,750,29,0
2024-07-07 09:43:46,11760,32,0
2024-07-07 09:43:46,2265,29,0
2024-07-07 09:43:46,76038,29,0
2024-07-07 09:43:46,83151,33,0
2024-07-07 09:43:46,2437020,32,0
2024-07-07 09:43:46,3272168,32,0
2024-07-07 09:43:47,720,34,0
2024-07-07 09:43:47,750,62,1
2024-07-07 09:43:47,15280,32,0
2024-07-07 09:43:47,1510,40,0
2024-07-07 09:43:47,65440,29,0
2024-07-07 09:43:47,94000,37,0
2024-07-07 09:43:47,3148634,32,0
2024-07-07 09:43:47,4225213,32,0
2024-07-07 09:43:48,17120,33,0
2024-07-07 09:43:48,755,27,0
2024-07-07 09:43:48,3407364,32,0
2024-07-07 09:43:48,4494362,32,0
2024-07-07 09:43:49,20560,32,0
2024-07-07 09:43:49,4362834,32,0
2024-07-07 09:43:49,5590968,32,0
2024-07-07 09:43:50,6040,33,0
2024-07-07 09:43:50,1289464,32,0
2024-07-07 09:43:50,1626296,32,0
2024-07-07 09:44:24,220,34,0
2024-07-07 09:44:24,4316,31,0
2024-07-07 09:44:24,40,43,0
2024-07-07 09:44:24,328,37,0
2024-07-07 09:44:24,2934,37,0
2024-07-07 09:44:35,680,31,0
2024-07-07 09:44:35,750,27,0
2024-07-07 09:44:35,9280,33,0
2024-07-07 09:44:35,755,27,0
2024-07-07 09:44:35,56382,35,0
2024-07-07 09:44:35,94513,35,0
2024-07-07 09:44:35,1398106,32,0
2024-07-07 09:44:35,1876842,32,0
2024-07-07 09:44:36,26200,32,0
2024-07-07 09:44:36,755,42,0
2024-07-07 09:44:36,4443670,32,0
2024-07-07 09:44:36,5819828,32,0
2024-07-07 09:44:37,880,31,0
2024-07-07 09:44:37,750,27,0
2024-07-07 09:44:37,11280,33,0
2024-07-07 09:44:37,2265,28,0
2024-07-07 09:44:37,78012,34,0
2024-07-07 09:44:37,101584,33,0
2024-07-07 09:44:37,2142642,32,0
2024-07-07 09:44:37,2763467,32,0
2024-07-07 09:44:38,8720,32,0
2024-07-07 09:44:38,755,30,0
2024-07-07 09:44:38,1797894,32,0
2024-07-07 09:44:38,2257528,32,0
2024-07-07 09:45:24,160,27,0
2024-07-07 09:45:24,2920,33,0
2024-07-07 09:45:24,240,37,0
2024-07-07 09:45:24,1703,37,0
2024-07-07 09:45:37,80,37,0
2024-07-07 09:45:37,40,27,0
2024-07-07 09:45:37,64,27,0
2024-07-07 09:45:38,80,28,0
2024-07-07 09:45:38,40,32,0
2024-07-07 09:45:38,64,32,0
2024-07-07 09:45:43,100,30,0
2024-07-07 09:45:43,100,38,0
2024-07-07 09:45:44,960,30,0
2024-07-07 09:45:44,1538,33,0
2024-07-07 09:45:44,17640,32,0
2024-07-07 09:45:44,1543,38,0
2024-07-07 09:45:44,83996,38,0
2024-07-07 09:45:44,73790,32,0
2024-07-07 09:45:44,1796140,32,0
2024-07-07 09:45:44,2319180,32,0
2024-07-07 09:45:45,15480,32,0
2024-07-07 09:45:45,1510,30,0
2024-07-07 09:45:45,2847012,32,0
2024-07-07 09:45:45,3600245,32,0
2024-07-07 09:45:46,920,31,0
2024-07-07 09:45:46,750,35,0
2024-07-07 09:45:46,17120,32,0
2024-07-07 09:45:46,755,27,0
2024-07-07 09:45:46,81822,34,0
2024-07-07 09:45:46,75460,31,0
2024-07-07 09:45:46,3538814,32,0
2024-07-07 09:45:46,4557979,32,0
2024-07-07 09:45:47,840,33,0
2024-07-07 09:45:47,750,31,0
2024-07-07 09:45:47,15120,32,0
2024-07-07 09:45:47,2265,29,0
2024-07-07 09:45:47,68002,32,0
2024-07-07 09:45:47,78847,32,0
2024-07-07 09:45:47,2971460,32,0
2024-07-07 09:45:47,3897506,32,0
2024-07-07 09:45:48,13440,32,0
2024-07-07 09:45:48,1510,30,0
2024-07-07 09:45:48,2626592,32,0
2024-07-07 09:45:48,3479138,32,0
2024-07-07 09:45:49,1600,32,0
2024-07-07 09:45:49,1500,29,0
2024-07-07 09:45:49,15240,33,0
2024-07-07 09:45:49,2265,36,0
2024-07-07 09:45:49,135854,36,0
2024-07-07 09:45:49,154064,32,0
2024-07-07 09:45:49,2962007,32,0
2024-07-07 09:45:49,3920517,32,0
2024-07-07 09:45:50,6200,31,0
2024-07-07 09:45:50,1269410,32,0
2024-07-07 09:45:50,1678285,32,0
2024-07-07 09:46:24,220,29,0
2024-07-07 09:46:24,3640,29,0
2024-07-07 09:46:24,288,37,0
2024-07-07 09:46:24,576,37,0
2024-07-07 09:46:25,80,28,0
2024-07-07 09:46:25,3533,28,0
2024-07-07 09:46:25,80,37,0
2024-07-07 09:46:25,2454,37,0
2024-07-07 09:46:34,755,46,1
2024-07-07 09:46:34,40,32,0
2024-07-07 09:46:35,20160,32,0
2024-07-07 09:46:35,3499874,32,0
2024-07-07 09:46:35,4519070,32,0
2024-07-07 09:46:36,800,33,0
2024-07-07 09:46:36,750,27,0
2024-07-07 09:46:36,19920,32,0
2024-07-07 09:46:36,1510,30,0
2024-07-07 09:46:36,62136,32,0
2024-07-07 09:46:36,77686,32,0
2024-07-07 09:46:36,3886006,32,0
2024-07-07 09:46:36,5243911,32,0
2024-07-07 09:46:37,960,29,0
2024-07-07 09:46:37,750,27,0
2024-07-07 09:46:37,15080,32,0
2024-07-07 09:46:37,1510,35,0
2024-07-07 09:46:37,78316,30,0
2024-07-07 09:46:37,99385,38,0
2024-07-07 09:46:37,2904258,32,0
2024-07-07 09:46:37,3807645,32,0
2024-07-07 09:46:38,23120,32,0
2024-07-07 09:46:38,755,27,0
2024-07-07 09:46:38,4499786,32,0
2024-07-07 09:46:38,5954285,32,0
2024-07-07 09:46:39,11240,32,0
2024-07-07 09:46:39,755,28,0
2024-07-07 09:46:39,2247074,32,0
2024-07-07 09:46:39,2964860,32,0
2024-07-07 09:47:24,880,32,0
2024-07-07 09:47:24,750,46,1
2024-07-07 09:47:24,2360,33,0
2024-07-07 09:47:24,755,27,0
2024-07-07 09:47:24,120,33,0
2024-07-07 09:47:24,2920,39,0
2024-07-07 09:47:24,77850,33,0
2024-07-07 09:47:24,84769,34,0
2024-07-07 09:47:24,354884,32,0
2024-07-07 09:47:24,477848,32,0
2024-07-07 09:47:24,120,37,0
2024-07-07 09:47:24,1661,37,0
2024-07-07 09:47:25,9720,32,0
2024-07-07 09:47:25,755,32,0
2024-07-07 09:47:25,1987496,32,0
2024-07-07 09:47:25,2481351,32,0
2024-07-07 09:48:06,10960,32,0
2024-07-07 09:48:06,755,31,0
2024-07-07 09:48:06,2241100,32,0
2024-07-07 09:48:06,3021655,32,0
2024-07-07 09:48:07,800,29,0
2024-07-07 09:48:07,750,42,0
2024-07-07 09:48:07,15880,32,0
2024-07-07 09:48:07,1510,30,0
2024-07-07 09:48:07,97608,29,0
2024-07-07 09:48:07,112375,34,0
2024-07-07 09:48:07,3215668,32,0
2024-07-07 09:48:07,4012899,32,0
2024-07-07 09:48:08,17000,33,0
2024-07-07 09:48:08,1510,38,0
2024-07-07 09:48:08,3412268,32,0
2024-07-07 09:48:08,4369209,32,0
2024-07-07 09:48:09,750,27,0
2024-07-07 09:48:09,20800,33,0
2024-07-07 09:48:09,1510,27,0
2024-07-07 09:48:09,40,30,0
2024-07-07 09:48:09,3589904,32,0
2024-07-07 09:48:09,4748616,32,0
2024-07-07 09:48:10,760,30,0
2024-07-07 09:48:10,19440,32,0
2024-07-07 09:48:10,70446,36,0
2024-07-07 09:48:10,105010,39,0
2024-07-07 09:48:10,3866746,32,0
2024-07-07 09:48:10,5026726,32,0
2024-07-07 09:48:11,14520,32,0
2024-07-07 09:48:11,2271,28,0
2024-07-07 09:48:11,2914660,32,0
2024-07-07 09:48:11,3840037,32,0
2024-07-07 09:48:12,680,35,0
2024-07-07 09:48:12,752,29,0
2024-07-07 09:48:12,11000,31,0
2024-07-07 09:48:12,3022,41,0
2024-07-07 09:48:12,53282,39,0
2024-07-07 09:48:12,87575,40,0
2024-07-07 09:48:12,2176626,32,0
2024-07-07 09:48:12,2755132,32,0
2024-07-07 09:48:13,680,34,0
2024-07-07 09:48:13,750,62,1
2024-07-07 09:48:13,16640,33,0
2024-07-07 09:48:13,1510,29,0
2024-07-07 09:48:13,51034,27,0
2024-07-07 09:48:13,91098,30,0
2024-07-07 09:48:13,2732616,32,0
2024-07-07 09:48:13,3568967,32,0
2024-07-07 09:48:14,5840,32,0
2024-07-07 09:48:14,1510,36,0
2024-07-07 09:48:14,1136518,32,0
2024-07-07 09:48:14,1462165,32,0
2024-07-07 09:48:24,80,27,0
2024-07-07 09:48:24,2916,33,0
2024-07-07 09:48:24,120,37,0
2024-07-07 09:48:24,1592,37,0
2024-07-07 09:48:59,5560,33,0
2024-07-07 09:48:59,1510,46,1
2024-07-07 09:48:59,1043592,32,0
2024-07-07 09:48:59,1334205,32,0
2024-07-07 09:49:00,880,31,0
2024-07-07 09:49:00,750,62,1
2024-07-07 09:49:00,16640,32,0
2024-07-07 09:49:00,1510,44,0
2024-07-07 09:49:00,71354,30,0
2024-07-07 09:49:00,102144,36,0
2024-07-07 09:49:00,3329188,32,0
2024-07-07 09:49:00,4243272,32,0
2024-07-07 09:49:01,800,33,0
2024-07-07 09:49:01,752,28,0
2024-07-07 09:49:01,14840,32,0
2024-07-07 09:49:01,1512,36,0
2024-07-07 09:49:01,74700,31,0
2024-07-07 09:49:01,92679,32,0
2024-07-07 09:49:01,2871844,32,0
2024-07-07 09:49:01,3707318,32,0
2024-07-07 09:49:02,20120,31,0
2024-07-07 09:49:02,757,27,0
2024-07-07 09:49:02,3868946,32,0
2024-07-07 09:49:02,5090745,32,0
2024-07-07 09:49:03,13600,32,0
2024-07-07 09:49:03,755,27,0
2024-07-07 09:49:03,2598920,32,0
2024-07-07 09:49:03,3438744,32,0
2024-07-07 09:49:24,40,27,0
2024-07-07 09:49:24,2915,33,0
2024-07-07 09:49:24,80,37,0
2024-07-07 09:49:24,1662,37,0
2024-07-07 09:49:48,800,31,0
2024-07-07 09:49:48,750,27,0
2024-07-07 09:49:48,1720,32,0
2024-07-07 09:49:48,755,27,0
2024-07-07 09:49:48,66240,39,0
2024-07-07 09:49:48,100588,32,0
2024-07-07 09:49:48,338242,32,0
2024-07-07 09:49:48,382713,32,0
2024-07-07 09:49:49,40,46,1
2024-07-07 09:49:49,17040,32,0
2024-07-07 09:49:49,7735,62,1
2024-07-07 09:49:49,3293604,32,0
2024-07-07 09:49:49,4410268,32,0
2024-07-07 09:49:50,15280,32,0
2024-07-07 09:49:50,2265,29,0
2024-07-07 09:49:50,3038924,32,0
2024-07-07 09:49:50,3993743,32,0
2024-07-07 09:49:51,8960,32,0
2024-07-07 09:49:51,755,27,0
2024-07-07 09:49:51,1759540,32,0
2024-07-07 09:49:51,2474634,32,0
2024-07-07 09:50:24,180,28,0
2024-07-07 09:50:24,4315,35,0
2024-07-07 09:50:24,408,37,0
2024-07-07 09:50:24,2871,37,0
2024-07-07 09:50:36,800,35,0
2024-07-07 09:50:36,750,27,0
2024-07-07 09:50:36,5840,32,0
2024-07-07 09:50:36,2265,30,0
2024-07-07 09:50:36,62774,36,0
2024-07-07 09:50:36,88484,30,0
2024-07-07 09:50:36,1074188,32,0
2024-07-07 09:50:36,1408282,32,0
2024-07-07 09:50:37,760,32,0
2024-07-07 09:50:37,750,27,0
2024-07-07 09:50:37,16640,32,0
2024-07-07 09:50:37,1510,28,0
2024-07-07 09:50:37,75956,32,0
2024-07-07 09:50:37,87264,38,0
2024-07-07 09:50:37,3112648,32,0
2024-07-07 09:50:37,4083795,32,0
2024-07-07 09:50:38,12680,32,0
2024-07-07 09:50:38,2265,27,0
2024-07-07 09:50:38,2353576,32,0
2024-07-07 09:50:38,2946743,32,0
2024-07-07 09:50:39,640,32,0
2024-07-07 09:50:39,750,30,0
2024-07-07 09:50:39,16960,32,0
2024-07-07 09:50:39,1510,31,0
2024-07-07 09:50:39,57962,36,0
2024-07-07 09:50:39,53506,28,0
2024-07-07 09:50:39,3381294,32,0
2024-07-07 09:50:39,4403705,32,0
2024-07-07 09:50:40,80,28,0
2024-07-07 09:50:40,15840,32,0
2024-07-07 09:50:40,755,30,0
2024-07-07 09:50:40,10000,28,0
2024-07-07 09:50:40,29231,34,0
2024-07-07 09:50:40,3148922,32,0
2024-07-07 09:50:40,4178710,32,0
2024-07-07 09:50:41,19240,32,0
2024-07-07 09:50:41,757,27,0
2024-07-07 09:50:41,3966886,32,0
2024-07-07 09:50:41,5230099,32,0
2024-07-07 09:50:42,840,32,0
2024-07-07 09:50:42,750,30,0
2024-07-07 09:50:42,13440,32,0
2024-07-07 09:50:42,1510,46,1
2024-07-07 09:50:42,65134,32,0
2024-07-07 09:50:42,77887,35,0
2024-07-07 09:50:42,2746484,32,0
2024-07-07 09:50:42,3531797,32,0
2024-07-07 09:50:43,720,30,0
2024-07-07 09:50:43,750,27,0
2024-07-07 09:50:43,7720,32,0
2024-07-07 09:50:43,2265,32,0
2024-07-07 09:50:43,67608,31,0
2024-07-07 09:50:43,91059,38,0
2024-07-07 09:50:43,1508760,32,0
2024-07-07 09:50:43,1901669,32,0
2024-07-07 09:51:24,80,27,0
2024-07-07 09:51:24,2921,39,0
2024-07-07 09:51:24,120,37,0
2024-07-07 09:51:24,1621,37,0
2024-07-07 09:51:28,4080,33,0
2024-07-07 09:51:28,1510,28,0
2024-07-07 09:51:28,562780,32,0
2024-07-07 09:51:28,655847,32,0
2024-07-07 09:51:29,16440,32,0
2024-07-07 09:51:29,1510,27,0
2024-07-07 09:51:29,3229284,32,0
2024-07-07 09:51:29,4170300,32,0
2024-07-07 09:51:30,840,33,0
2024-07-07 09:51:30,750,27,0
2024-07-07 09:51:30,16920,32,0
2024-07-07 09:51:30,1510,27,0
2024-07-07 09:51:30,89462,34,0
2024-07-07 09:51:30,103931,31,0
2024-07-07 09:51:30,3246714,32,0
2024-07-07 09:51:30,4318875,32,0
2024-07-07 09:51:31,15040,32,0
2024-07-07 09:51:31,1512,44,0
2024-07-07 09:51:31,2985154,32,0
2024-07-07 09:51:31,4004976,32,0
2024-07-07 09:51:32,14360,32,0
2024-07-07 09:51:32,1512,37,0
2024-07-07 09:51:32,2957896,32,0
2024-07-07 09:51:32,3899022,32,0
2024-07-07 09:51:33,800,29,0
2024-07-07 09:51:33,750,30,0
2024-07-07 09:51:33,19000,32,0
2024-07-07 09:51:33,755,27,0
2024-07-07 09:51:33,77730,28,0
2024-07-07 09:51:33,97578,30,0
2024-07-07 09:51:33,3984060,32,0
2024-07-07 09:51:33,5282451,32,0
2024-07-07 09:51:34,4280,31,0
2024-07-07 09:51:34,856036,32,0
2024-07-07 09:51:34,1151891,32,0
2024-07-07 09:52:24,120,38,0
2024-07-07 09:52:24,2916,40,0
2024-07-07 09:52:24,240,37,0
2024-07-07 09:52:24,1626,37,0
2024-07-07 09:52:33,80,27,0
2024-07-07 09:52:33,40,27,0
2024-07-07 09:52:33,40,35,0
2024-07-07 09:52:33,64,27,0
2024-07-07 09:52:33,40,32,0
2024-07-07 09:52:33,64,32,0
2024-07-07 09:52:35,40,31,0
2024-07-07 09:52:35,7700,34,0
2024-07-07 09:52:35,1545,29,0
2024-07-07 09:52:35,663772,32,0
2024-07-07 09:52:35,834518,32,0
2024-07-07 09:52:36,26360,32,0
2024-07-07 09:52:36,757,27,0
2024-07-07 09:52:36,3961844,32,0
2024-07-07 09:52:36,5270809,32,0
2024-07-07 09:52:37,100,32,0
2024-07-07 09:52:37,684,42,0
2024-07-07 09:52:37,15440,32,0
2024-07-07 09:52:37,1514,29,0
2024-07-07 09:52:37,88,31,0
2024-07-07 09:52:37,3113868,32,0
2024-07-07 09:52:37,4078844,32,0
2024-07-07 09:52:38,560,30,0
2024-07-07 09:52:38,856,36,0
2024-07-07 09:52:38,17080,32,0
2024-07-07 09:52:38,757,27,0
2024-07-07 09:52:38,82064,31,0
2024-07-07 09:52:38,95141,34,0
2024-07-07 09:52:38,3494282,32,0
2024-07-07 09:52:38,4459992,32,0
2024-07-07 09:52:39,480,32,0
2024-07-07 09:52:39,752,29,0
2024-07-07 09:52:39,17560,33,0
2024-07-07 09:52:39,1514,27,0
2024-07-07 09:52:39,74304,32,0
2024-07-07 09:52:39,94843,28,0
2024-07-07 09:52:39,3567042,32,0
2024-07-07 09:52:39,4553747,32,0
2024-07-07 09:52:40,19400,32,0
2024-07-07 09:52:40,757,27,0
2024-07-07 09:52:40,3680574,32,0
2024-07-07 09:52:40,4796697,32,0
2024-07-07 09:52:41,840,31,0
2024-07-07 09:52:41,754,32,0
2024-07-07 09:52:41,13200,32,0
2024-07-07 09:52:41,2275,29,0
2024-07-07 09:52:41,73038,29,0
2024-07-07 09:52:41,84022,31,0
2024-07-07 09:52:41,2368548,32,0
2024-07-07 09:52:41,2936693,32,0
2024-07-07 09:52:42,760,31,0
2024-07-07 09:52:42,754,35,0
2024-07-07 09:52:42,9080,33,0
2024-07-07 09:52:42,759,27,0
2024-07-07 09:52:42,71428,31,0
2024-07-07 09:52:42,82923,32,0
2024-07-07 09:52:42,1656076,32,0
2024-07-07 09:52:42,2178519,32,0
2024-07-07 09:53:24,40,35,0
2024-07-07 09:53:24,2916,27,0
2024-07-07 09:53:24,240,37,0
2024-07-07 09:53:24,1624,37,0
2024-07-07 09:53:27,760,32,0
2024-07-07 09:53:27,750,27,0
2024-07-07 09:53:27,8080,33,0
2024-07-07 09:53:27,1510,29,0
2024-07-07 09:53:27,69736,32,0
2024-07-07 09:53:27,72882,34,0
2024-07-07 09:53:27,1563024,32,0
2024-07-07 09:53:27,2002345,32,0
2024-07-07 09:53:28,840,31,0
2024-07-07 09:53:28,750,46,1
2024-07-07 09:53:28,15720,33,0
2024-07-07 09:53:28,1510,27,0
2024-07-07 09:53:28,75724,31,0
2024-07-07 09:53:28,93505,33,0
2024-07-07 09:53:28,2926180,32,0
2024-07-07 09:53:28,3711747,32,0
2024-07-07 09:53:29,8720,32,0
2024-07-07 09:53:29,755,27,0
2024-07-07 09:53:29,1728270,32,0
2024-07-07 09:53:29,2174464,32,0
2024-07-07 09:54:14,3280,34,0
2024-07-07 09:54:14,755,30,0
2024-07-07 09:54:14,688662,32,0
2024-07-07 09:54:14,927899,32,0
2024-07-07 09:54:15,1000,32,0
2024-07-07 09:54:15,751,28,0
2024-07-07 09:54:15,16680,33,0
2024-07-07 09:54:15,1510,27,0
2024-07-07 09:54:15,76512,28,0
2024-07-07 09:54:15,86209,33,0
2024-07-07 09:54:15,3020916,32,0
2024-07-07 09:54:15,3894189,32,0
2024-07-07 09:54:16,800,31,0
2024-07-07 09:54:16,752,32,0
2024-07-07 09:54:16,10960,32,0
2024-07-07 09:54:16,3020,32,0
2024-07-07 09:54:16,76382,30,0
2024-07-07 09:54:16,81977,31,0
2024-07-07 09:54:16,2125188,32,0
2024-07-07 09:54:16,2791200,32,0
2024-07-07 09:54:17,360,29,0
2024-07-07 09:54:17,752,27,0
2024-07-07 09:54:17,10240,32,0
2024-07-07 09:54:17,3020,31,0
2024-07-07 09:54:17,31934,28,0
2024-07-07 09:54:17,24136,29,0
2024-07-07 09:54:17,1961608,32,0
2024-07-07 09:54:17,2532450,32,0
2024-07-07 09:54:18,440,34,0
2024-07-07 09:54:18,1480,32,0
2024-07-07 09:54:18,56586,27,0
2024-07-07 09:54:18,66570,28,0
2024-07-07 09:54:18,251382,32,0
2024-07-07 09:54:18,231170,32,0
2024-07-07 09:54:24,120,33,0
2024-07-07 09:54:24,2916,33,0
2024-07-07 09:54:24,240,37,0
2024-07-07 09:54:24,1627,37,0
2024-07-07 09:55:03,13480,33,0
2024-07-07 09:55:03,2265,41,0
2024-07-07 09:55:03,2582708,32,0
2024-07-07 09:55:03,3293801,32,0
2024-07-07 09:55:04,880,32,0
2024-07-07 09:55:04,1505,27,0
2024-07-07 09:55:04,13120,32,0
2024-07-07 09:55:04,3023,32,0
2024-07-07 09:55:04,79662,31,0
2024-07-07 09:55:04,87913,30,0
2024-07-07 09:55:04,2426204,32,0
2024-07-07 09:55:04,3066520,32,0
2024-07-07 09:55:05,880,36,0
2024-07-07 09:55:05,1400,30,0
2024-07-07 09:55:05,88916,34,0
2024-07-07 09:55:05,105459,31,0
2024-07-07 09:55:05,220248,32,0
2024-07-07 09:55:05,353402,32,0
2024-07-07 09:55:24,40,29,0
2024-07-07 09:55:24,2916,37,0
2024-07-07 09:55:24,160,37,0
2024-07-07 09:55:24,1662,37,0
2024-07-07 09:56:05,80,46,1
2024-07-07 09:56:05,80,28,0
2024-07-07 09:56:05,40,32,0
2024-07-07 09:56:05,64,62,1
2024-07-07 09:56:05,40,32,0
2024-07-07 09:56:05,64,32,0
2024-07-07 09:56:12,100,28,0
2024-07-07 09:56:12,5180,34,0
2024-07-07 09:56:12,3056,29,0
2024-07-07 09:56:12,902318,32,0
2024-07-07 09:56:12,1113871,32,0
2024-07-07 09:56:13,1200,33,0
2024-07-07 09:56:13,2294,29,0
2024-07-07 09:56:13,10320,34,0
2024-07-07 09:56:13,1512,36,0
2024-07-07 09:56:13,117160,31,0
2024-07-07 09:56:13,161341,31,0
2024-07-07 09:56:13,2113001,32,0
2024-07-07 09:56:13,2794006,32,0
2024-07-07 09:56:14,1040,30,0
2024-07-07 09:56:14,755,27,0
2024-07-07 09:56:14,15120,32,0
2024-07-07 09:56:14,3028,31,0
2024-07-07 09:56:14,88520,30,0
2024-07-07 09:56:14,117862,32,0
2024-07-07 09:56:14,2841532,32,0
2024-07-07 09:56:14,3805888,32,0
2024-07-07 09:56:15,880,32,0
2024-07-07 09:56:15,755,32,0
2024-07-07 09:56:15,14200,32,0
2024-07-07 09:56:15,1516,45,0
2024-07-07 09:56:15,64152,33,0
2024-07-07 09:56:15,81838,27,0
2024-07-07 09:56:15,2883650,32,0
2024-07-07 09:56:15,3744356,32,0
2024-07-07 09:56:16,3640,33,0
2024-07-07 09:56:16,697664,32,0
2024-07-07 09:56:16,898454,32,0
2024-07-07 09:56:24,220,28,0
2024-07-07 09:56:24,4316,38,0
2024-07-07 09:56:24,408,37,0
2024-07-07 09:56:24,2935,37,0
2024-07-07 09:57:00,520,32,0
2024-07-07 09:57:00,756,27,0
2024-07-07 09:57:00,51074,32,0
2024-07-07 09:57:00,60281,32,0
2024-07-07 09:57:01,760,34,0
2024-07-07 09:57:01,753,30,0
2024-07-07 09:57:01,14160,32,0
2024-07-07 09:57:01,1512,35,0
2024-07-07 09:57:01,75876,31,0
2024-07-07 09:57:01,73693,28,0
2024-07-07 09:57:01,2578574,32,0
2024-07-07 09:57:01,3322294,32,0
2024-07-07 09:57:02,10560,33,0
2024-07-07 09:57:02,3024,43,0
2024-07-07 09:57:02,1907750,32,0
2024-07-07 09:57:02,2480037,32,0
2024-07-07 09:57:03,800,33,0
2024-07-07 09:57:03,753,42,0
2024-07-07 09:57:03,8680,33,0
2024-07-07 09:57:03,3024,32,0
2024-07-07 09:57:03,59188,33,0
2024-07-07 09:57:03,83458,30,0
2024-07-07 09:57:03,1653802,32,0
2024-07-07 09:57:03,2103487,32,0
2024-07-07 09:57:24,120,29,0
2024-07-07 09:57:24,2920,28,0
2024-07-07 09:57:24,120,37,0
2024-07-07 09:57:24,1665,37,0
2024-07-07 09:57:48,756,27,0
2024-07-07 09:57:48,40,32,0
2024-07-07 09:57:49,720,31,0
2024-07-07 09:57:49,753,29,0
2024-07-07 09:57:49,7000,33,0
2024-07-07 09:57:49,3024,30,0
2024-07-07 09:57:49,60364,30,0
2024-07-07 09:57:49,80594,33,0
2024-07-07 09:57:49,1332384,32,0
2024-07-07 09:57:49,1665412,32,0
2024-07-07 09:57:50,800,33,0
2024-07-07 09:57:50,753,27,0
2024-07-07 09:57:50,10720,33,0
2024-07-07 09:57:50,3024,39,0
2024-07-07 09:57:50,66068,36,0
2024-07-07 09:57:50,98445,30,0
2024-07-07 09:57:50,2053246,32,0
2024-07-07 09:57:50,2548813,32,0
2024-07-07 09:57:51,11360,33,0
2024-07-07 09:57:51,1512,29,0
2024-07-07 09:57:51,2139904,32,0
2024-07-07 09:57:51,2793775,32,0
2024-07-07 09:57:52,680,30,0
2024-07-07 09:57:52,753,28,0
2024-07-07 09:57:52,15640,33,0
2024-07-07 09:57:52,1512,40,0
2024-07-07 09:57:52,56030,38,0
2024-07-07 09:57:52,95730,27,0
2024-07-07 09:57:52,3069528,32,0
2024-07-07 09:57:52,3995549,32,0
2024-07-07 09:57:53,5280,32,0
2024-07-07 09:57:53,1071272,32,0
2024-07-07 09:57:53,1391706,32,0
2024-07-07 09:58:24,40,29,0
2024-07-07 09:58:24,2916,42,0
2024-07-07 09:58:24,200,37,0
2024-07-07 09:58:24,1627,37,0
2024-07-07 09:58:38,11880,32,0
2024-07-07 09:58:38,1512,32,0
2024-07-07 09:58:38,2011682,32,0
2024-07-07 09:58:38,2625189,32,0
2024-07-07 09:58:39,720,33,0
2024-07-07 09:58:39,753,42,0
2024-07-07 09:58:39,10560,32,0
2024-07-07 09:58:39,3024,32,0
2024-07-07 09:58:39,70992,30,0
2024-07-07 09:58:39,72833,32,0
2024-07-07 09:58:39,1938107,32,0
2024-07-07 09:58:39,2563236,32,0
2024-07-07 09:58:40,720,32,0
2024-07-07 09:58:40,753,27,0
2024-07-07 09:58:40,11480,33,0
2024-07-07 09:58:40,2268,29,0
2024-07-07 09:58:40,66818,28,0
2024-07-07 09:58:40,86972,29,0
2024-07-07 09:58:40,2136946,32,0
2024-07-07 09:58:40,2774303,32,0
2024-07-07 09:58:41,11040,32,0
2024-07-07 09:58:41,3024,35,0
2024-07-07 09:58:41,2019460,32,0
2024-07-07 09:58:41,2604589,32,0
2024-07-07 09:58:42,800,31,0
2024-07-07 09:58:42,753,42,0
2024-07-07 09:58:42,11240,31,0
2024-07-07 09:58:42,1512,27,0
2024-07-07 09:58:42,79422,37,0
2024-07-07 09:58:42,91550,32,0
2024-07-07 09:58:42,2262928,32,0
2024-07-07 09:58:42,2914240,32,0
2024-07-07 09:59:24,120,28,0
2024-07-07 09:59:24,2916,32,0
2024-07-07 09:59:24,160,37,0
2024-07-07 09:59:24,1667,37,0
2024-07-07 09:59:27,3520,32,0
2024-07-07 09:59:27,1512,31,0
2024-07-07 09:59:27,675702,32,0
2024-07-07 09:59:27,913818,32,0
2024-07-07 09:59:28,40,31,0
2024-07-07 09:59:28,753,27,0
2024-07-07 09:59:28,15960,33,0
2024-07-07 09:59:28,2268,28,0
2024-07-07 09:59:28,40,35,0
2024-07-07 09:59:28,590,29,0
2024-07-07 09:59:28,3051471,32,0
2024-07-07 09:59:28,3949913,32,0
2024-07-07 09:59:29,640,34,0
2024-07-07 09:59:29,15120,33,0
2024-07-07 09:59:29,756,27,0
2024-07-07 09:59:29,50486,29,0
2024-07-07 09:59:29,87928,42,0
2024-07-07 09:59:29,3127150,32,0
2024-07-07 09:59:29,4069777,32,0
2024-07-07 09:59:30,760,31,0
2024-07-07 09:59:30,753,27,0
2024-07-07 09:59:30,12760,32,0
2024-07-07 09:59:30,2268,28,0
2024-07-07 09:59:30,53518,40,0
2024-07-07 09:59:30,111848,34,0
2024-07-07 09:59:30,2660664,32,0
2024-07-07 09:59:30,3410687,32,0
2024-07-07 09:59:31,9720,32,0
2024-07-07 09:59:31,3024,30,0
2024-07-07 09:59:31,1893130,32,0
2024-07-07 09:59:31,2468714,32,0
2024-07-07 09:59:32,6960,33,0
2024-07-07 09:59:32,756,42,0
2024-07-07 09:59:32,1325800,32,0
2024-07-07 09:59:32,1738045,32,0
2024-07-07 10:00:17,800,30,0
2024-07-07 10:00:17,753,27,0
2024-07-07 10:00:17,3120,32,0
2024-07-07 10:00:17,756,30,0
2024-07-07 10:00:17,77648,29,0
2024-07-07 10:00:17,78297,36,0
2024-07-07 10:00:17,543298,32,0
2024-07-07 10:00:17,676137,32,0
2024-07-07 10:00:18,12320,32,0
2024-07-07 10:00:18,3024,27,0
2024-07-07 10:00:18,2191020,32,0
2024-07-07 10:00:18,2659387,32,0
2024-07-07 10:00:19,760,34,0
2024-07-07 10:00:19,753,35,0
2024-07-07 10:00:19,13280,32,0
2024-07-07 10:00:19,2268,32,0
2024-07-07 10:00:19,62136,34,0
2024-07-07 10:00:19,75636,30,0
2024-07-07 10:00:19,2516228,32,0
2024-07-07 10:00:19,3132007,32,0
2024-07-07 10:00:20,840,32,0
2024-07-07 10:00:20,753,27,0
2024-07-07 10:00:20,11720,33,0
2024-07-07 10:00:20,3024,32,0
2024-07-07 10:00:20,76868,37,0
2024-07-07 10:00:20,85294,31,0
2024-07-07 10:00:20,2204404,32,0
2024-07-07 10:00:20,2920650,32,0
2024-07-07 10:00:21,1160,33,0
2024-07-07 10:00:21,209562,32,0
2024-07-07 10:00:21,230460,32,0
2024-07-07 10:00:24,80,44,0
2024-07-07 10:00:24,2916,35,0
2024-07-07 10:00:24,200,37,0
2024-07-07 10:00:24,1626,37,0
2024-07-07 10:00:39,120,40,0
2024-07-07 10:00:39,2012,27,0
2024-07-07 10:00:39,80,37,0
2024-07-07 10:00:39,8290,37,0
2024-07-07 10:01:06,840,33,0
2024-07-07 10:01:06,753,30,0
2024-07-07 10:01:06,7560,33,0
2024-07-07 10:01:06,1512,28,0
2024-07-07 10:01:06,68286,32,0
2024-07-07 10:01:06,94827,30,0
2024-07-07 10:01:06,1283027,32,0
2024-07-07 10:01:06,1653787,32,0
2024-07-07 10:01:07,360,32,0
2024-07-07 10:01:07,753,28,0
2024-07-07 10:01:07,13680,32,0
2024-07-07 10:01:07,3024,32,0
2024-07-07 10:01:07,27800,30,0
2024-07-07 10:01:07,29648,30,0
2024-07-07 10:01:07,2620434,32,0
2024-07-07 10:01:07,3293749,32,0
2024-07-07 10:01:08,320,34,0
2024-07-07 10:01:08,753,62,1
2024-07-07 10:01:08,13320,32,0
2024-07-07 10:01:08,2268,33,0
2024-07-07 10:01:08,30040,32,0
2024-07-07 10:01:08,52359,31,0
2024-07-07 10:01:08,2721180,32,0
2024-07-07 10:01:08,3409456,32,0
2024-07-07 10:01:09,800,35,0
2024-07-07 10:01:09,4480,33,0
2024-07-07 10:01:09,84578,29,0
2024-07-07 10:01:09,80908,29,0
2024-07-07 10:01:09,855512,32,0
2024-07-07 10:01:09,1091988,32,0
2024-07-07 10:01:24,40,42,0
2024-07-07 10:01:24,2917,34,0
2024-07-07 10:01:24,200,37,0
2024-07-07 10:01:24,1658,37,0
2024-07-07 10:01:54,2680,33,0
2024-07-07 10:01:54,756,27,0
2024-07-07 10:01:54,393584,32,0
2024-07-07 10:01:54,542683,32,0
2024-07-07 10:02:09,40,27,0
2024-07-07 10:02:24,140,27,0
2024-07-07 10:02:24,4315,29,0
2024-07-07 10:02:24,288,43,0
2024-07-07 10:02:24,625,43,0
2024-07-07 10:02:24,40,37,0
2024-07-07 10:02:25,120,28,0
2024-07-07 10:02:25,2309,43,0
2024-07-07 10:02:26,18480,32,0
2024-07-07 10:02:26,1512,46,1
2024-07-07 10:02:26,3270614,32,0
2024-07-07 10:02:26,4284566,32,0
2024-07-07 10:02:27,580,33,0
2024-07-07 10:02:27,1541,31,0
2024-07-07 10:02:27,13440,32,0
2024-07-07 10:02:27,1512,37,0
2024-07-07 10:02:27,69306,30,0
2024-07-07 10:02:27,74778,32,0
2024-07-07 10:02:27,2804726,32,0
2024-07-07 10:02:27,3705578,32,0
2024-07-07 10:02:28,13040,33,0
2024-07-07 10:02:28,1512,31,0
2024-07-07 10:02:28,2553174,32,0
2024-07-07 10:02:28,3335806,32,0
2024-07-07 10:02:29,640,30,0
2024-07-07 10:02:29,753,30,0
2024-07-07 10:02:29,14520,32,0
2024-07-07 10:02:29,2268,34,0
2024-07-07 10:02:29,49810,36,0
2024-07-07 10:02:29,90630,38,0
2024-07-07 10:02:29,2905891,32,0
2024-07-07 10:02:29,3877677,32,0
2024-07-07 10:02:30,920,32,0
2024-07-07 10:02:30,753,30,0
2024-07-07 10:02:30,12600,32,0
2024-07-07 10:02:30,1512,27,0
2024-07-07 10:02:30,70648,33,0
2024-07-07 10:02:30,119920,33,0
2024-07-07 10:02:30,2629396,32,0
2024-07-07 10:02:30,3526107,32,0
2024-07-07 10:02:31,17880,32,0
2024-07-07 10:02:31,756,27,0
2024-07-07 10:02:31,3430476,32,0
2024-07-07 10:02:31,4514332,32,0
2024-07-07 10:02:32,15880,33,0
2024-07-07 10:02:32,1512,30,0
2024-07-07 10:02:32,3347704,32,0
2024-07-07 10:02:32,4356394,32,0
2024-07-07 10:02:33,800,30,0
2024-07-07 10:02:33,753,29,0
2024-07-07 10:02:33,15560,33,0
2024-07-07 10:02:33,756,27,0
2024-07-07 10:02:33,60680,29,0
2024-07-07 10:02:33,83542,31,0
2024-07-07 10:02:33,3188912,32,0
2024-07-07 10:02:33,4246173,32,0
2024-07-07 10:02:34,16520,32,0
2024-07-07 10:02:34,1512,28,0
2024-07-07 10:02:34,3445450,32,0
2024-07-07 10:02:34,4481171,32,0
2024-07-07 10:02:35,8680,32,0
2024-07-07 10:02:35,1513010,32,0
2024-07-07 10:02:35,2011559,32,0
2024-07-07 10:03:20,7400,31,0
2024-07-07 10:03:20,756,32,0
2024-07-07 10:03:20,1316552,32,0
2024-07-07 10:03:20,1676421,32,0
2024-07-07 10:03:21,880,31,0
2024-07-07 10:03:21,753,27,0
2024-07-07 10:03:21,14240,32,0
2024-07-07 10:03:21,2268,29,0
2024-07-07 10:03:21,71154,33,0
2024-07-07 10:03:21,105091,31,0
2024-07-07 10:03:21,2892792,32,0
2024-07-07 10:03:21,3701713,32,0
2024-07-07 10:03:22,880,32,0
2024-07-07 10:03:22,753,27,0
2024-07-07 10:03:22,14800,32,0
2024-07-07 10:03:22,2268,29,0
2024-07-07 10:03:22,68712,31,0
2024-07-07 10:03:22,102341,33,0
2024-07-07 10:03:22,2872670,32,0
2024-07-07 10:03:22,3801396,32,0
2024-07-07 10:03:23,720,34,0
2024-07-07 10:03:23,753,31,0
2024-07-07 10:03:23,11960,33,0
2024-07-07 10:03:23,756,29,0
2024-07-07 10:03:23,49536,37,0
2024-07-07 10:03:23,106576,33,0
2024-07-07 10:03:23,2406292,32,0
2024-07-07 10:03:23,3259382,32,0
2024-07-07 10:03:24,160,27,0
2024-07-07 10:03:24,2920,39,0
2024-07-07 10:03:24,240,43,0
2024-07-07 10:03:24,1703,43,0
2024-07-07 10:04:08,11160,33,0
2024-07-07 10:04:08,756,32,0
2024-07-07 10:04:08,2221352,32,0
2024-07-07 10:04:08,2930043,32,0
2024-07-07 10:04:09,13760,32,0
2024-07-07 10:04:09,757,42,0
2024-07-07 10:04:09,2723784,32,0
2024-07-07 10:04:09,3598998,32,0
2024-07-07 10:04:10,720,33,0
2024-07-07 10:04:10,753,27,0
2024-07-07 10:04:10,20320,33,0
2024-07-07 10:04:10,758,27,0
2024-07-07 10:04:10,58946,29,0
2024-07-07 10:04:10,91684,32,0
2024-07-07 10:04:10,4034344,32,0
2024-07-07 10:04:10,5299189,32,0
2024-07-07 10:04:11,18040,33,0
2024-07-07 10:04:11,758,35,0
2024-07-07 10:04:11,3664610,32,0
2024-07-07 10:04:11,4825459,32,0
2024-07-07 10:04:12,720,29,0
2024-07-07 10:04:12,753,27,0
2024-07-07 10:04:12,18480,32,0
2024-07-07 10:04:12,758,30,0
2024-07-07 10:04:12,62178,29,0
2024-07-07 10:04:12,84851,31,0
2024-07-07 10:04:12,3665454,32,0
2024-07-07 10:04:12,4774291,32,0
2024-07-07 10:04:13,18320,33,0
2024-07-07 10:04:13,1516,31,0
2024-07-07 10:04:13,3285746,32,0
2024-07-07 10:04:13,4447865,32,0
2024-07-07 10:04:14,680,32,0
2024-07-07 10:04:14,753,27,0
2024-07-07 10:04:14,19440,32,0
2024-07-07 10:04:14,758,27,0
2024-07-07 10:04:14,53792,27,0
2024-07-07 10:04:14,91372,34,0
2024-07-07 10:04:14,3849816,32,0
2024-07-07 10:04:14,4929642,32,0
2024-07-07 10:04:15,3760,31,0
2024-07-07 10:04:15,753604,32,0
2024-07-07 10:04:15,950255,32,0
2024-07-07 10:04:24,40,29,0
2024-07-07 10:04:24,2917,34,0
2024-07-07 10:04:24,80,43,0
2024-07-07 10:04:24,1626,43,0
2024-07-07 10:04:59,5320,32,0
2024-07-07 10:04:59,758,30,0
2024-07-07 10:04:59,1124786,32,0
2024-07-07 10:04:59,1461100,32,0
2024-07-07 10:05:14,80,45,0
2024-07-07 10:05:14,40,29,0
2024-07-07 10:05:14,64,30,0
2024-07-07 10:05:24,40,32,0
2024-07-07 10:05:24,2916,40,0
2024-07-07 10:05:24,160,43,0
2024-07-07 10:05:24,1661,43,0
2024-07-07 10:05:33,40,42,0
2024-07-07 10:05:33,7320,33,0
2024-07-07 10:05:33,758,27,0
2024-07-07 10:05:33,1444962,32,0
2024-07-07 10:05:33,1848400,32,0
2024-07-07 10:05:34,100,46,1
2024-07-07 10:05:34,684,28,0
2024-07-07 10:05:34,19160,33,0
2024-07-07 10:05:34,758,28,0
2024-07-07 10:05:34,88,34,0
2024-07-07 10:05:34,3820670,32,0
2024-07-07 10:05:34,4970318,32,0
2024-07-07 10:05:35,920,30,0
2024-07-07 10:05:35,857,30,0
2024-07-07 10:05:35,16960,33,0
2024-07-07 10:05:35,758,35,0
2024-07-07 10:05:35,67060,30,0
2024-07-07 10:05:35,99926,29,0
2024-07-07 10:05:35,3366380,32,0
2024-07-07 10:05:35,4358468,32,0
2024-07-07 10:05:36,18520,32,0
2024-07-07 10:05:36,758,35,0
2024-07-07 10:05:36,3716626,32,0
2024-07-07 10:05:36,4901415,32,0
2024-07-07 10:05:37,960,32,0
2024-07-07 10:05:37,753,46,1
2024-07-07 10:05:37,17040,33,0
2024-07-07 10:05:37,1516,27,0
2024-07-07 10:05:37,72814,33,0
2024-07-07 10:05:37,77026,36,0
2024-07-07 10:05:37,3527374,32,0
2024-07-07 10:05:37,4609104,32,0
2024-07-07 10:05:38,18120,32,0
2024-07-07 10:05:38,758,46,1
2024-07-07 10:05:38,3589434,32,0
2024-07-07 10:05:38,4726587,32,0
2024-07-07 10:05:39,840,34,0
2024-07-07 10:05:39,753,27,0
2024-07-07 10:05:39,18000,32,0
2024-07-07 10:05:39,1516,36,0
2024-07-07 10:05:39,60758,36,0
2024-07-07 10:05:39,95261,36,0
2024-07-07 10:05:39,3633598,32,0
2024-07-07 10:05:39,4573352,32,0
2024-07-07 10:05:40,21640,32,0
2024-07-07 10:05:40,4068210,32,0
2024-07-07 10:05:40,5357336,32,0
2024-07-07 10:05:41,720,32,0
2024-07-07 10:05:41,753,29,0
2024-07-07 10:05:41,19360,33,0
2024-07-07 10:05:41,758,30,0
2024-07-07 10:05:41,60050,32,0
2024-07-07 10:05:41,82558,31,0
2024-07-07 10:05:41,3801080,32,0
2024-07-07 10:05:41,4982996,32,0
2024-07-07 10:05:42,13880,33,0
2024-07-07 10:05:42,2274,39,0
2024-07-07 10:05:42,2736478,32,0
2024-07-07 10:05:42,3435740,32,0
2024-07-07 10:05:43,13200,32,0
2024-07-07 10:05:43,2693158,32,0
2024-07-07 10:05:43,3638709,32,0
2024-07-07 10:06:24,40,27,0
2024-07-07 10:06:24,2916,27,0
2024-07-07 10:06:24,120,43,0
2024-07-07 10:06:24,1587,43,0
2024-07-07 10:06:28,960,30,0
2024-07-07 10:06:28,753,30,0
2024-07-07 10:06:28,920,33,0
2024-07-07 10:06:28,758,27,0
2024-07-07 10:06:28,83990,31,0
2024-07-07 10:06:28,77003,30,0
2024-07-07 10:06:28,186698,32,0
2024-07-07 10:06:28,258277,32,0
2024-07-07 10:06:29,15080,33,0
2024-07-07 10:06:29,2526680,32,0
2024-07-07 10:06:29,3282190,32,0
2024-07-07 10:07:01,15720,32,0
2024-07-07 10:07:01,758,42,0
2024-07-07 10:07:01,2595068,32,0
2024-07-07 10:07:01,3288113,32,0
2024-07-07 10:07:02,640,34,0
2024-07-07 10:07:02,753,28,0
2024-07-07 10:07:02,16120,32,0
2024-07-07 10:07:02,1516,30,0
2024-07-07 10:07:02,63434,29,0
2024-07-07 10:07:02,63194,29,0
2024-07-07 10:07:02,2733146,32,0
2024-07-07 10:07:02,3482658,32,0
2024-07-07 10:07:03,80,36,0
2024-07-07 10:07:03,19320,33,0
2024-07-07 10:07:03,758,46,1
2024-07-07 10:07:03,18495,27,0
2024-07-07 10:07:03,3832506,32,0
2024-07-07 10:07:03,4748135,32,0
2024-07-07 10:07:04,680,33,0
2024-07-07 10:07:04,753,30,0
2024-07-07 10:07:04,20720,32,0
2024-07-07 10:07:04,1516,29,0
2024-07-07 10:07:04,61824,36,0
2024-07-07 10:07:04,87823,28,0
2024-07-07 10:07:04,3409518,32,0
2024-07-07 10:07:04,4316804,32,0
2024-07-07 10:07:05,680,39,0
2024-07-07 10:07:05,753,27,0
2024-07-07 10:07:05,21480,33,0
2024-07-07 10:07:05,758,62,1
2024-07-07 10:07:05,55440,34,0
2024-07-07 10:07:05,87734,33,0
2024-07-07 10:07:05,3772530,32,0
2024-07-07 10:07:05,5066300,32,0
2024-07-07 10:07:06,15880,32,0
2024-07-07 10:07:06,758,32,0
2024-07-07 10:07:06,3290292,32,0
2024-07-07 10:07:06,4397688,32,0
2024-07-07 10:07:07,14600,32,0
2024-07-07 10:07:07,1516,29,0
2024-07-07 10:07:07,2882490,32,0
2024-07-07 10:07:07,3600030,32,0
2024-07-07 10:07:08,680,30,0
2024-07-07 10:07:08,753,27,0
2024-07-07 10:07:08,17520,32,0
2024-07-07 10:07:08,1516,36,0
2024-07-07 10:07:08,61864,34,0
2024-07-07 10:07:08,81004,33,0
2024-07-07 10:07:08,3402926,32,0
2024-07-07 10:07:08,4546203,32,0
2024-07-07 10:07:09,7680,32,0
2024-07-07 10:07:09,1436762,32,0
2024-07-07 10:07:09,1907165,32,0
2024-07-07 10:07:24,40,30,0
2024-07-07 10:07:24,2841,29,0
2024-07-07 10:07:24,60,27,0
2024-07-07 10:07:24,240,43,0
2024-07-07 10:07:24,158,43,0
2024-07-07 10:07:25,120,30,0
2024-07-07 10:07:25,4332,28,0
2024-07-07 10:07:25,328,37,0
2024-07-07 10:07:25,2831,37,0
2024-07-07 10:08:08,40,30,0
2024-07-07 10:08:08,64,32,0
2024-07-07 10:08:09,80,29,0
2024-07-07 10:08:09,40,32,0
2024-07-07 10:08:21,780,33,0
2024-07-07 10:08:21,1541,34,0
2024-07-07 10:08:21,820,34,0
2024-07-07 10:08:21,1546,34,0
2024-07-07 10:08:21,77584,35,0
2024-07-07 10:08:21,70693,36,0
2024-07-07 10:08:21,62468,32,0
2024-07-07 10:08:21,62231,32,0
2024-07-07 10:08:22,120,28,0
2024-07-07 10:08:22,32120,33,0
2024-07-07 10:08:22,11418,48,1
2024-07-07 10:08:22,6034,46,1
2024-07-07 10:08:22,4161058,32,0
2024-07-07 10:08:22,5636068,32,0
2024-07-07 10:08:23,12720,33,0
2024-07-07 10:08:23,2274,27,0
2024-07-07 10:08:23,2404132,32,0
2024-07-07 10:08:23,3184335,32,0
2024-07-07 10:08:24,17560,31,0
2024-07-07 10:08:24,758,30,0
2024-07-07 10:08:24,40,30,0
2024-07-07 10:08:24,2920,29,0
2024-07-07 10:08:24,3547668,32,0
2024-07-07 10:08:24,4615140,32,0
2024-07-07 10:08:24,200,37,0
2024-07-07 10:08:24,1581,37,0
2024-07-07 10:08:25,800,34,0
2024-07-07 10:08:25,753,30,0
2024-07-07 10:08:25,17800,32,0
2024-07-07 10:08:25,758,27,0
2024-07-07 10:08:25,66392,30,0
2024-07-07 10:08:25,77479,34,0
2024-07-07 10:08:25,3641774,32,0
2024-07-07 10:08:25,4667522,32,0
2024-07-07 10:08:26,17560,33,0
2024-07-07 10:08:26,1516,37,0
2024-07-07 10:08:26,3462948,32,0
2024-07-07 10:08:26,4499284,32,0
2024-07-07 10:08:27,800,36,0
2024-07-07 10:08:27,753,42,0
2024-07-07 10:08:27,15680,33,0
2024-07-07 10:08:27,1516,29,0
2024-07-07 10:08:27,54426,33,0
2024-07-07 10:08:27,84188,32,0
2024-07-07 10:08:27,2756329,32,0
2024-07-07 10:08:27,3661283,32,0
2024-07-07 10:08:28,9720,32,0
2024-07-07 10:08:28,2007198,32,0
2024-07-07 10:08:28,2727291,32,0
2024-07-07 10:09:13,3480,32,0
2024-07-07 10:09:13,758,29,0
2024-07-07 10:09:13,768318,32,0
2024-07-07 10:09:13,1060359,32,0
2024-07-07 10:09:14,800,36,0
2024-07-07 10:09:14,753,46,1
2024-07-07 10:09:14,15200,32,0
2024-07-07 10:09:14,2274,35,0
2024-07-07 10:09:14,62846,35,0
2024-07-07 10:09:14,92557,31,0
2024-07-07 10:09:14,2697267,32,0
2024-07-07 10:09:14,3437104,32,0
2024-07-07 10:09:15,800,29,0
2024-07-07 10:09:15,753,62,1
2024-07-07 10:09:15,18320,32,0
2024-07-07 10:09:15,1516,29,0
2024-07-07 10:09:15,60526,29,0
2024-07-07 10:09:15,96951,34,0
2024-07-07 10:09:15,3495086,32,0
2024-07-07 10:09:15,4440978,32,0
2024-07-07 10:09:16,800,31,0
2024-07-07 10:09:16,753,27,0
2024-07-07 10:09:16,12000,32,0
2024-07-07 10:09:16,2274,39,0
2024-07-07 10:09:16,67416,37,0
2024-07-07 10:09:16,99775,36,0
2024-07-07 10:09:16,2429760,32,0
2024-07-07 10:09:16,3076177,32,0
2024-07-07 10:09:17,15440,31,0
2024-07-07 10:09:17,1516,39,0
2024-07-07 10:09:17,2911515,32,0
2024-07-07 10:09:17,3970844,32,0
2024-07-07 10:09:18,720,31,0
2024-07-07 10:09:18,753,27,0
2024-07-07 10:09:18,12880,32,0
2024-07-07 10:09:18,2274,36,0
2024-07-07 10:09:18,57448,32,0
2024-07-07 10:09:18,80277,41,0
2024-07-07 10:09:18,2399645,32,0
2024-07-07 10:09:18,3135399,32,0
2024-07-07 10:09:19,6680,33,0
2024-07-07 10:09:19,758,42,0
2024-07-07 10:09:19,1289944,32,0
2024-07-07 10:09:19,1702181,32,0
2024-07-07 10:09:24,180,32,0
2024-07-07 10:09:24,4316,28,0
2024-07-07 10:09:24,328,43,0
2024-07-07 10:09:24,2893,43,0
2024-07-07 10:09:24,40,37,0
2024-07-07 10:10:04,40,27,0
2024-07-07 10:10:04,753,27,0
2024-07-07 10:10:04,6440,32,0
2024-07-07 10:10:04,1516,27,0
2024-07-07 10:10:04,40,27,0
2024-07-07 10:10:04,590,62,1
2024-07-07 10:10:04,1384654,32,0
2024-07-07 10:10:04,1819485,32,0
2024-07-07 10:10:05,760,32,0
2024-07-07 10:10:05,13200,32,0
2024-07-07 10:10:05,2274,27,0
2024-07-07 10:10:05,76394,32,0
2024-07-07 10:10:05,102980,35,0
2024-07-07 10:10:05,2511920,32,0
2024-07-07 10:10:05,3293572,32,0
2024-07-07 10:10:06,720,31,0
2024-07-07 10:10:06,753,27,0
2024-07-07 10:10:06,18000,33,0
2024-07-07 10:10:06,758,27,0
2024-07-07 10:10:06,56628,30,0
2024-07-07 10:10:06,107413,30,0
2024-07-07 10:10:06,3733258,32,0
2024-07-07 10:10:06,4783357,32,0
2024-07-07 10:10:07,2320,32,0
2024-07-07 10:10:07,458228,32,0
2024-07-07 10:10:07,637920,32,0
2024-07-07 10:10:24,80,31,0
2024-07-07 10:10:24,2920,27,0
2024-07-07 10:10:24,120,43,0
2024-07-07 10:10:24,1648,43,0
2024-07-07 10:10:58,758,62,1
2024-07-07 10:10:58,40,32,0
2024-07-07 10:10:59,22040,32,0
2024-07-07 10:10:59,758,30,0
2024-07-07 10:10:59,3713564,32,0
2024-07-07 10:10:59,4909263,32,0
2024-07-07 10:11:00,720,33,0
2024-07-07 10:11:00,753,42,0
2024-07-07 10:11:00,18680,32,0
2024-07-07 10:11:00,758,27,0
2024-07-07 10:11:00,59026,28,0
2024-07-07 10:11:00,94129,35,0
2024-07-07 10:11:00,3363970,32,0
2024-07-07 10:11:00,4305750,32,0
2024-07-07 10:11:01,753,42,0
2024-07-07 10:11:01,14720,32,0
2024-07-07 10:11:01,2274,28,0
2024-07-07 10:11:01,40,62,1
2024-07-07 10:11:01,2952734,32,0
2024-07-07 10:11:01,3834239,32,0
2024-07-07 10:11:02,640,41,0
2024-07-07 10:11:02,14880,32,0
2024-07-07 10:11:02,1516,37,0
2024-07-07 10:11:02,60000,32,0
2024-07-07 10:11:02,82011,32,0
2024-07-07 10:11:02,2895002,32,0
2024-07-07 10:11:02,3720238,32,0
2024-07-07 10:11:03,800,31,0
2024-07-07 10:11:03,753,27,0
2024-07-07 10:11:03,12360,32,0
2024-07-07 10:11:03,3032,37,0
2024-07-07 10:11:03,63990,32,0
2024-07-07 10:11:03,81409,35,0
2024-07-07 10:11:03,2466258,32,0
2024-07-07 10:11:03,3260797,32,0
2024-07-07 10:11:04,12720,32,0
2024-07-07 10:11:04,1516,31,0
2024-07-07 10:11:04,2568488,32,0
2024-07-07 10:11:04,3387733,32,0
2024-07-07 10:11:05,680,34,0
2024-07-07 10:11:05,753,29,0
2024-07-07 10:11:05,13560,32,0
2024-07-07 10:11:05,2274,31,0
2024-07-07 10:11:05,61114,36,0
2024-07-07 10:11:05,78037,29,0
2024-07-07 10:11:05,2453638,32,0
2024-07-07 10:11:05,3072419,32,0
2024-07-07 10:11:06,8720,31,0
2024-07-07 10:11:06,1774182,32,0
2024-07-07 10:11:06,2207250,32,0
2024-07-07 10:11:24,120,40,0
2024-07-07 10:11:24,2916,31,0
2024-07-07 10:11:24,240,43,0
2024-07-07 10:11:24,1630,43,0
2024-07-07 10:11:51,6760,32,0
2024-07-07 10:11:51,758,27,0
2024-07-07 10:11:51,1142652,32,0
2024-07-07 10:11:51,1554143,32,0
2024-07-07 10:11:52,760,30,0
2024-07-07 10:11:52,753,35,0
2024-07-07 10:11:52,13920,32,0
2024-07-07 10:11:52,3032,31,0
2024-07-07 10:11:52,79026,32,0
2024-07-07 10:11:52,75533,31,0
2024-07-07 10:11:52,2463522,32,0
2024-07-07 10:11:52,3150915,32,0
2024-07-07 10:11:53,1040,32,0
2024-07-07 10:11:53,753,46,1
2024-07-07 10:11:53,15640,32,0
2024-07-07 10:11:53,2274,41,0
2024-07-07 10:11:53,97230,32,0
2024-07-07 10:11:53,110088,30,0
2024-07-07 10:11:53,2743772,32,0
2024-07-07 10:11:53,3457840,32,0
2024-07-07 10:11:54,20040,32,0
2024-07-07 10:11:54,758,27,0
2024-07-07 10:11:54,3378484,32,0
2024-07-07 10:11:54,4423462,32,0
2024-07-07 10:11:55,720,33,0
2024-07-07 10:11:55,753,35,0
2024-07-07 10:11:55,19720,33,0
2024-07-07 10:11:55,758,27,0
2024-07-07 10:11:55,70840,32,0
2024-07-07 10:11:55,75118,41,0
2024-07-07 10:11:55,3613160,32,0
2024-07-07 10:11:55,4659367,32,0
2024-07-07 10:11:56,18280,32,0
2024-07-07 10:11:56,3572628,32,0
2024-07-07 10:11:56,4838361,32,0
2024-07-07 10:12:24,40,31,0
2024-07-07 10:12:24,2915,42,0
2024-07-07 10:12:24,240,43,0
2024-07-07 10:12:24,1662,43,0
2024-07-07 10:12:40,7720,33,0
2024-07-07 10:12:40,758,46,1
2024-07-07 10:12:40,1551620,32,0
2024-07-07 10:12:40,1916889,32,0
2024-07-07 10:12:41,6480,32,0
2024-07-07 10:12:41,1245480,32,0
2024-07-07 10:12:41,1583246,32,0
2024-07-07 10:12:55,80,37,0
2024-07-07 10:12:55,40,30,0
2024-07-07 10:12:55,64,30,0
2024-07-07 10:13:18,420,31,0
2024-07-07 10:13:18,1541,30,0
2024-07-07 10:13:18,2520,33,0
2024-07-07 10:13:18,758,62,1
2024-07-07 10:13:18,18992,30,0
2024-07-07 10:13:18,21241,27,0
2024-07-07 10:13:18,404838,32,0
2024-07-07 10:13:18,529199,32,0
2024-07-07 10:13:19,720,35,0
2024-07-07 10:13:19,20160,33,0
2024-07-07 10:13:19,758,30,0
2024-07-07 10:13:19,53554,31,0
2024-07-07 10:13:19,58458,33,0
2024-07-07 10:13:19,3529366,32,0
2024-07-07 10:13:19,4602390,32,0
2024-07-07 10:13:20,20040,33,0
2024-07-07 10:13:20,758,42,0
2024-07-07 10:13:20,4071618,32,0
2024-07-07 10:13:20,5333230,32,0
2024-07-07 10:13:21,960,33,0
2024-07-07 10:13:21,753,62,1
2024-07-07 10:13:21,16920,32,0
2024-07-07 10:13:21,1516,32,0
2024-07-07 10:13:21,83636,31,0
2024-07-07 10:13:21,84318,30,0
2024-07-07 10:13:21,3304950,32,0
2024-07-07 10:13:21,4353164,32,0
2024-07-07 10:13:22,14960,32,0
2024-07-07 10:13:22,1516,33,0
2024-07-07 10:13:22,3156098,32,0
2024-07-07 10:13:22,4112712,32,0
2024-07-07 10:13:23,760,30,0
2024-07-07 10:13:23,753,28,0
2024-07-07 10:13:23,11680,32,0
2024-07-07 10:13:23,2274,32,0
2024-07-07 10:13:23,65480,30,0
2024-07-07 10:13:23,89589,33,0
2024-07-07 10:13:23,2284210,32,0
2024-07-07 10:13:23,3028015,32,0
2024-07-07 10:13:24,15040,32,0
2024-07-07 10:13:24,1516,47,1
2024-07-07 10:13:24,40,27,0
2024-07-07 10:13:24,2916,34,0
2024-07-07 10:13:24,3020224,32,0
2024-07-07 10:13:24,3918129,32,0
2024-07-07 10:13:24,160,43,0
2024-07-07 10:13:24,1583,43,0
2024-07-07 10:13:25,800,35,0
2024-07-07 10:13:25,753,28,0
2024-07-07 10:13:25,15720,32,0
2024-07-07 10:13:25,1516,28,0
2024-07-07 10:13:25,60212,36,0
2024-07-07 10:13:25,92813,29,0
2024-07-07 10:13:25,3216848,32,0
2024-07-07 10:13:25,4275115,32,0
2024-07-07 10:13:26,14320,32,0
2024-07-07 10:13:26,1516,32,0
2024-07-07 10:13:26,2910146,32,0
2024-07-07 10:13:26,3883629,32,0
2024-07-07 10:13:27,9160,32,0
2024-07-07 10:13:27,1845634,32,0
2024-07-07 10:13:27,2485799,32,0
2024-07-07 10:14:12,880,32,0
2024-07-07 10:14:12,753,35,0
2024-07-07 10:14:12,6280,33,0
2024-07-07 10:14:12,2274,27,0
2024-07-07 10:14:12,68164,33,0
2024-07-07 10:14:12,82220,31,0
2024-07-07 10:14:12,1292972,32,0
2024-07-07 10:14:12,1642604,32,0
2024-07-07 10:14:13,800,31,0
2024-07-07 10:14:13,753,27,0
2024-07-07 10:14:13,14960,32,0
2024-07-07 10:14:13,758,27,0
2024-07-07 10:14:13,55328,31,0
2024-07-07 10:14:13,91208,31,0
2024-07-07 10:14:13,2650666,32,0
2024-07-07 10:14:13,3534040,32,0
2024-07-07 10:14:14,15360,32,0
2024-07-07 10:14:14,1516,45,0
2024-07-07 10:14:14,3100854,32,0
2024-07-07 10:14:14,4091499,32,0
2024-07-07 10:14:15,720,34,0
2024-07-07 10:14:15,753,46,1
2024-07-07 10:14:15,17000,32,0
2024-07-07 10:14:15,1516,36,0
2024-07-07 10:14:15,61266,31,0
2024-07-07 10:14:15,101189,32,0
2024-07-07 10:14:15,3341810,32,0
2024-07-07 10:14:15,4351079,32,0
2024-07-07 10:14:16,17840,32,0
2024-07-07 10:14:16,1516,27,0
2024-07-07 10:14:16,3646478,32,0
2024-07-07 10:14:16,4806525,32,0
2024-07-07 10:14:17,18520,32,0
2024-07-07 10:14:17,3715436,32,0
2024-07-07 10:14:17,5006704,32,0
2024-07-07 10:14:18,6480,32,0
2024-07-07 10:14:18,1440304,32,0
2024-07-07 10:14:18,1862924,32,0
2024-07-07 10:14:24,40,27,0
2024-07-07 10:14:24,2916,32,0
2024-07-07 10:14:24,120,43,0
2024-07-07 10:14:24,1661,43,0
2024-07-07 10:15:03,1000,30,0
2024-07-07 10:15:03,753,27,0
2024-07-07 10:15:03,9680,32,0
2024-07-07 10:15:03,1516,31,0
2024-07-07 10:15:03,86472,34,0
2024-07-07 10:15:03,77038,32,0
2024-07-07 10:15:03,1677576,32,0
2024-07-07 10:15:03,2091457,32,0
2024-07-07 10:15:04,6560,34,0
2024-07-07 10:15:04,1324884,32,0
2024-07-07 10:15:04,1631751,32,0
2024-07-07 10:15:24,160,29,0
2024-07-07 10:15:24,557,42,0
2024-07-07 10:15:24,128,43,0
2024-07-07 10:15:25,240,38,0
2024-07-07 10:15:25,4420,31,0
2024-07-07 10:15:25,368,43,0
2024-07-07 10:15:25,6272,43,0
2024-07-07 10:15:35,80,38,0
2024-07-07 10:15:35,40,43,0
2024-07-07 10:15:35,64,43,0
2024-07-07 10:15:41,1960,33,0
2024-07-07 10:15:41,758,29,0
2024-07-07 10:15:41,257384,32,0
2024-07-07 10:15:41,355369,32,0
2024-07-07 10:15:42,16600,32,0
2024-07-07 10:15:42,1516,27,0
2024-07-07 10:15:42,3214052,32,0
2024-07-07 10:15:42,4110879,32,0
2024-07-07 10:15:43,720,31,0
2024-07-07 10:15:43,753,46,1
2024-07-07 10:15:43,15120,32,0
2024-07-07 10:15:43,758,42,0
2024-07-07 10:15:43,55724,33,0
2024-07-07 10:15:43,80806,30,0
2024-07-07 10:15:43,2598047,32,0
2024-07-07 10:15:43,3384152,32,0
2024-07-07 10:15:44,680,34,0
2024-07-07 10:15:44,753,29,0
2024-07-07 10:15:44,17560,32,0
2024-07-07 10:15:44,1516,29,0
2024-07-07 10:15:44,53282,44,0
2024-07-07 10:15:44,96364,30,0
2024-07-07 10:15:44,3557186,32,0
2024-07-07 10:15:44,4748872,32,0
2024-07-07 10:15:45,16240,33,0
2024-07-07 10:15:45,758,27,0
2024-07-07 10:15:45,3374302,32,0
2024-07-07 10:15:45,4328970,32,0
2024-07-07 10:15:46,720,31,0
2024-07-07 10:15:46,753,27,0
2024-07-07 10:15:46,12280,33,0
2024-07-07 10:15:46,2274,31,0
2024-07-07 10:15:46,62252,31,0
2024-07-07 10:15:46,107028,34,0
2024-07-07 10:15:46,2394552,32,0
2024-07-07 10:15:46,3019349,32,0
2024-07-07 10:15:47,12560,32,0
2024-07-07 10:15:47,2274,28,0
2024-07-07 10:15:47,2544850,32,0
2024-07-07 10:15:47,3307700,32,0
2024-07-07 10:15:48,720,34,0
2024-07-07 10:15:48,753,30,0
2024-07-07 10:15:48,18920,32,0
2024-07-07 10:15:48,1516,37,0
2024-07-07 10:15:48,74224,33,0
2024-07-07 10:15:48,75869,28,0
2024-07-07 10:15:48,3454610,32,0
2024-07-07 10:15:48,4405749,32,0
2024-07-07 10:15:49,14440,32,0
2024-07-07 10:15:49,1516,30,0
2024-07-07 10:15:49,2907790,32,0
2024-07-07 10:15:49,3785894,32,0
2024-07-07 10:15:50,12760,32,0
2024-07-07 10:15:50,758,28,0
2024-07-07 10:15:50,2512449,32,0
2024-07-07 10:15:50,3319166,32,0
2024-07-07 10:16:24,80,36,0
2024-07-07 10:16:24,2920,40,0
2024-07-07 10:16:24,240,43,0
2024-07-07 10:16:24,1701,43,0
2024-07-07 10:16:35,920,35,0
2024-07-07 10:16:35,753,46,1
2024-07-07 10:16:35,5200,31,0
2024-07-07 10:16:35,758,28,0
2024-07-07 10:16:35,82024,30,0
2024-07-07 10:16:35,109425,30,0
2024-07-07 10:16:35,779276,32,0
2024-07-07 10:16:35,1039789,32,0
2024-07-07 10:16:36,20920,33,0
2024-07-07 10:16:36,758,30,0
2024-07-07 10:16:36,4176810,32,0
2024-07-07 10:16:36,5408604,32,0
2024-07-07 10:16:37,840,33,0
2024-07-07 10:16:37,753,27,0
2024-07-07 10:16:37,14960,32,0
2024-07-07 10:16:37,2274,28,0
2024-07-07 10:16:37,77496,33,0
2024-07-07 10:16:37,89960,31,0
2024-07-07 10:16:37,2996438,32,0
2024-07-07 10:16:37,3936878,32,0
2024-07-07 10:16:38,3080,33,0
2024-07-07 10:16:38,649126,32,0
2024-07-07 10:16:38,818289,32,0
2024-07-07 10:17:24,40,29,0
2024-07-07 10:17:24,2914,32,0
2024-07-07 10:17:24,80,43,0
2024-07-07 10:17:24,1629,43,0
2024-07-07 10:17:36,1320,30,0
2024-07-07 10:17:36,758,27,0
2024-07-07 10:17:36,178418,32,0
2024-07-07 10:17:36,209979,32,0
2024-07-07 10:17:37,80,34,0
2024-07-07 10:17:37,19520,33,0
2024-07-07 10:17:37,40,35,0
2024-07-07 10:17:37,64,27,0
2024-07-07 10:17:37,3621898,32,0
2024-07-07 10:17:37,4787954,32,0
2024-07-07 10:17:38,740,29,0
2024-07-07 10:17:38,1541,30,0
2024-07-07 10:17:38,18320,33,0
2024-07-07 10:17:38,758,62,1
2024-07-07 10:17:38,83570,30,0
2024-07-07 10:17:38,99844,36,0
2024-07-07 10:17:38,3633732,32,0
2024-07-07 10:17:38,4694049,32,0
2024-07-07 10:17:39,14680,33,0
2024-07-07 10:17:39,1516,31,0
2024-07-07 10:17:39,2996330,32,0
2024-07-07 10:17:39,3988354,32,0
2024-07-07 10:17:40,480,31,0
2024-07-07 10:17:40,753,27,0
2024-07-07 10:17:40,14960,32,0
2024-07-07 10:17:40,2274,30,0
2024-07-07 10:17:40,80880,31,0
2024-07-07 10:17:40,99838,32,0
2024-07-07 10:17:40,3127130,32,0
2024-07-07 10:17:40,4187317,32,0
2024-07-07 10:17:41,40,29,0
2024-07-07 10:17:41,753,32,0
2024-07-07 10:17:41,16840,32,0
2024-07-07 10:17:41,1516,31,0
2024-07-07 10:17:41,9726,45,0
2024-07-07 10:17:41,14410,29,0
2024-07-07 10:17:41,3248738,32,0
2024-07-07 10:17:41,4347159,32,0
2024-07-07 10:17:42,520,35,0
2024-07-07 10:17:42,18960,32,0
2024-07-07 10:17:42,80606,34,0
2024-07-07 10:17:42,84183,36,0
2024-07-07 10:17:42,4014578,32,0
2024-07-07 10:17:42,5057798,32,0
2024-07-07 10:17:43,18200,32,0
2024-07-07 10:17:43,1516,27,0
2024-07-07 10:17:43,3146614,32,0
2024-07-07 10:17:43,4165166,32,0
2024-07-07 10:17:44,400,32,0
2024-07-07 10:17:44,753,32,0
2024-07-07 10:17:44,16880,32,0
2024-07-07 10:17:44,1516,27,0
2024-07-07 10:17:44,70040,31,0
2024-07-07 10:17:44,114529,32,0
2024-07-07 10:17:44,3245154,32,0
2024-07-07 10:17:44,4049789,32,0
2024-07-07 10:17:45,20760,32,0
2024-07-07 10:17:45,3674022,32,0
2024-07-07 10:17:45,5029699,32,0
2024-07-07 10:18:24,120,31,0
2024-07-07 10:18:24,2917,29,0
2024-07-07 10:18:24,80,43,0
2024-07-07 10:18:24,1657,43,0
2024-07-07 10:18:29,758,27,0
2024-07-07 10:18:29,40,32,0
2024-07-07 10:18:30,14280,33,0
2024-07-07 10:18:30,758,30,0
2024-07-07 10:18:30,2400259,32,0
2024-07-07 10:18:30,3049413,32,0
2024-07-07 10:18:31,15640,32,0
2024-07-07 10:18:31,3050928,32,0
2024-07-07 10:18:31,4045265,32,0
2024-07-07 10:18:45,80,29,0
2024-07-07 10:18:45,40,29,0
2024-07-07 10:18:45,64,35,0
2024-07-07 10:19:11,1060,33,0
2024-07-07 10:19:11,1541,33,0
2024-07-07 10:19:11,7320,32,0
2024-07-07 10:19:11,758,27,0
2024-07-07 10:19:11,72234,31,0
2024-07-07 10:19:11,98334,35,0
2024-07-07 10:19:11,1460448,32,0
2024-07-07 10:19:11,1900836,32,0
2024-07-07 10:19:12,16840,33,0
2024-07-07 10:19:12,758,27,0
2024-07-07 10:19:12,3370612,32,0
2024-07-07 10:19:12,4497710,32,0
2024-07-07 10:19:13,22080,32,0
2024-07-07 10:19:13,758,42,0
2024-07-07 10:19:13,3807426,32,0
2024-07-07 10:19:13,4978931,32,0
2024-07-07 10:19:14,1040,33,0
2024-07-07 10:19:14,753,46,1
2024-07-07 10:19:14,17640,32,0
2024-07-07 10:19:14,758,42,0
2024-07-07 10:19:14,92886,34,0
2024-07-07 10:19:14,100321,37,0
2024-07-07 10:19:14,3536480,32,0
2024-07-07 10:19:14,4666015,32,0
2024-07-07 10:19:15,19120,32,0
2024-07-07 10:19:15,758,29,0
2024-07-07 10:19:15,3555992,32,0
2024-07-07 10:19:15,4622479,32,0
2024-07-07 10:19:16,18360,32,0
2024-07-07 10:19:16,758,27,0
2024-07-07 10:19:16,3579816,32,0
2024-07-07 10:19:16,4685652,32,0
2024-07-07 10:19:17,920,32,0
2024-07-07 10:19:17,753,31,0
2024-07-07 10:19:17,14840,33,0
2024-07-07 10:19:17,1516,27,0
2024-07-07 10:19:17,74072,33,0
2024-07-07 10:19:17,102006,34,0
2024-07-07 10:19:17,3077642,32,0
2024-07-07 10:19:17,4055766,32,0
2024-07-07 10:19:18,18120,32,0
2024-07-07 10:19:18,758,31,0
2024-07-07 10:19:18,3776988,32,0
2024-07-07 10:19:18,4872313,32,0
2024-07-07 10:19:19,19800,32,0
2024-07-07 10:19:19,758,30,0
2024-07-07 10:19:19,4025440,32,0
2024-07-07 10:19:19,5254584,32,0
2024-07-07 10:19:20,1040,35,0
2024-07-07 10:19:20,753,35,0
2024-07-07 10:19:20,19240,32,0
2024-07-07 10:19:20,758,42,0
2024-07-07 10:19:20,88124,30,0
2024-07-07 10:19:20,105057,29,0
2024-07-07 10:19:20,3570366,32,0
2024-07-07 10:19:20,4774300,32,0
2024-07-07 10:19:21,4000,31,0
2024-07-07 10:19:21,713886,32,0
2024-07-07 10:19:21,936597,32,0
2024-07-07 10:19:24,120,32,0
2024-07-07 10:19:24,2915,30,0
2024-07-07 10:19:24,200,43,0
2024-07-07 10:19:24,1625,43,0
2024-07-07 10:20:20,80,46,1
2024-07-07 10:20:20,80,29,0
2024-07-07 10:20:20,40,62,1
2024-07-07 10:20:20,64,27,0
2024-07-07 10:20:20,40,32,0
2024-07-07 10:20:20,64,32,0
2024-07-07 10:20:24,80,29,0
2024-07-07 10:20:24,2916,33,0
2024-07-07 10:20:24,160,43,0
2024-07-07 10:20:24,1665,43,0
2024-07-07 10:20:25,40,27,0
2024-07-07 10:20:25,180,36,0
2024-07-07 10:20:25,1546,33,0
2024-07-07 10:20:25,128,32,0
2024-07-07 10:20:25,284,32,0
2024-07-07 10:20:26,15840,33,0
2024-07-07 10:20:26,3154354,32,0
2024-07-07 10:20:26,4314111,32,0
2024-07-07 10:20:27,780,34,0
2024-07-07 10:20:27,1541,28,0
2024-07-07 10:20:27,15280,33,0
2024-07-07 10:20:27,2274,28,0
2024-07-07 10:20:27,61596,31,0
2024-07-07 10:20:27,82355,31,0
2024-07-07 10:20:27,3050856,32,0
2024-07-07 10:20:27,3895271,32,0
2024-07-07 10:20:28,16760,32,0
2024-07-07 10:20:28,758,30,0
2024-07-07 10:20:28,3399754,32,0
2024-07-07 10:20:28,4525542,32,0
2024-07-07 10:20:29,680,32,0
2024-07-07 10:20:29,753,27,0
2024-07-07 10:20:29,14720,32,0
2024-07-07 10:20:29,1516,29,0
2024-07-07 10:20:29,60760,32,0
2024-07-07 10:20:29,75696,28,0
2024-07-07 10:20:29,3006978,32,0
2024-07-07 10:20:29,4013970,32,0
2024-07-07 10:20:30,16760,32,0
2024-07-07 10:20:30,758,27,0
2024-07-07 10:20:30,3429522,32,0
2024-07-07 10:20:30,4527635,32,0
2024-07-07 10:20:31,15800,32,0
2024-07-07 10:20:31,758,27,0
2024-07-07 10:20:31,3252284,32,0
2024-07-07 10:20:31,4182120,32,0
2024-07-07 10:20:32,13440,32,0
2024-07-07 10:20:32,1516,28,0
2024-07-07 10:20:32,2853230,32,0
2024-07-07 10:20:32,3606243,32,0
2024-07-07 10:20:33,4800,31,0
2024-07-07 10:20:33,911178,32,0
2024-07-07 10:20:33,1086242,32,0
2024-07-07 10:21:19,880,30,0
2024-07-07 10:21:19,755,27,0
2024-07-07 10:21:19,11280,32,0
2024-07-07 10:21:19,1520,48,1
2024-07-07 10:21:19,66828,29,0
2024-07-07 10:21:19,99345,32,0
2024-07-07 10:21:19,1899086,32,0
2024-07-07 10:21:19,2473885,32,0
2024-07-07 10:21:20,18960,32,0
2024-07-07 10:21:20,760,30,0
2024-07-07 10:21:20,3848830,32,0
2024-07-07 10:21:20,4951209,32,0
2024-07-07 10:21:21,760,34,0
2024-07-07 10:21:21,755,32,0
2024-07-07 10:21:21,17400,32,0
2024-07-07 10:21:21,760,27,0
2024-07-07 10:21:21,55834,36,0
2024-07-07 10:21:21,78021,31,0
2024-07-07 10:21:21,3479568,32,0
2024-07-07 10:21:21,4561794,32,0
2024-07-07 10:21:22,27600,32,0
2024-07-07 10:21:22,4664586,32,0
2024-07-07 10:21:22,5984314,32,0
2024-07-07 10:21:23,720,31,0
2024-07-07 10:21:23,755,31,0
2024-07-07 10:21:23,16440,32,0
2024-07-07 10:21:23,1520,29,0
2024-07-07 10:21:23,59148,31,0
2024-07-07 10:21:23,75100,31,0
2024-07-07 10:21:23,3228458,32,0
2024-07-07 10:21:23,4223360,32,0
2024-07-07 10:21:24,15040,32,0
2024-07-07 10:21:24,120,40,0
2024-07-07 10:21:24,2916,29,0
2024-07-07 10:21:24,2321616,32,0
2024-07-07 10:21:24,2980791,32,0
2024-07-07 10:21:24,200,43,0
2024-07-07 10:21:24,1622,43,0
2024-07-07 10:21:58,15320,33,0
2024-07-07 10:21:58,758,62,1
2024-07-07 10:21:58,2445038,32,0
2024-07-07 10:21:58,3160245,32,0
2024-07-07 10:21:59,800,31,0
2024-07-07 10:21:59,753,27,0
2024-07-07 10:21:59,14800,32,0
2024-07-07 10:21:59,2274,34,0
2024-07-07 10:21:59,68712,29,0
2024-07-07 10:21:59,80068,30,0
2024-07-07 10:21:59,2625494,32,0
2024-07-07 10:21:59,3376007,32,0
2024-07-07 10:22:00,15600,33,0
2024-07-07 10:22:00,1516,30,0
2024-07-07 10:22:00,3309652,32,0
2024-07-07 10:22:00,4295417,32,0
2024-07-07 10:22:01,680,37,0
2024-07-07 10:22:01,753,27,0
2024-07-07 10:22:01,8280,33,0
2024-07-07 10:22:01,758,31,0
2024-07-07 10:22:01,53670,28,0
2024-07-07 10:22:01,95468,30,0
2024-07-07 10:22:01,1658728,32,0
2024-07-07 10:22:01,2196560,32,0
2024-07-07 10:22:24,80,28,0
2024-07-07 10:22:24,2841,35,0
2024-07-07 10:22:24,60,27,0
2024-07-07 10:22:24,120,43,0
2024-07-07 10:22:24,158,43,0
2024-07-07 10:22:25,120,39,0
2024-07-07 10:22:25,4332,32,0
2024-07-07 10:22:25,328,37,0
2024-07-07 10:22:25,2872,37,0
2024-07-07 10:22:31,758,29,0
2024-07-07 10:22:31,40,32,0
2024-07-07 10:22:32,16600,32,0
2024-07-07 10:22:32,758,30,0
2024-07-07 10:22:32,2983578,32,0
2024-07-07 10:22:32,4016908,32,0
2024-07-07 10:22:33,18280,32,0
2024-07-07 10:22:33,1516,36,0
2024-07-07 10:22:33,3638380,32,0
2024-07-07 10:22:33,4920772,32,0
2024-07-07 10:22:34,840,33,0
2024-07-07 10:22:34,753,29,0
2024-07-07 10:22:34,18560,32,0
2024-07-07 10:22:34,758,30,0
2024-07-07 10:22:34,61234,32,0
2024-07-07 10:22:34,79456,29,0
2024-07-07 10:22:34,3399312,32,0
2024-07-07 10:22:34,4504692,32,0
2024-07-07 10:22:35,13600,32,0
2024-07-07 10:22:35,2274,29,0
2024-07-07 10:22:35,2786798,32,0
2024-07-07 10:22:35,3690398,32,0
2024-07-07 10:22:36,840,35,0
2024-07-07 10:22:36,753,27,0
2024-07-07 10:22:36,13200,32,0
2024-07-07 10:22:36,2274,29,0
2024-07-07 10:22:36,56908,29,0
2024-07-07 10:22:36,100145,34,0
2024-07-07 10:22:36,2693068,32,0
2024-07-07 10:22:36,3422724,32,0
2024-07-07 10:22:37,6120,33,0
2024-07-07 10:22:37,1516,29,0
2024-07-07 10:22:37,1163096,32,0
2024-07-07 10:22:37,1452386,32,0
2024-07-07 10:23:16,9000,33,0
2024-07-07 10:23:16,1516,48,1
2024-07-07 10:23:16,1519894,32,0
2024-07-07 10:23:16,1969043,32,0
2024-07-07 10:23:17,680,32,0
2024-07-07 10:23:17,753,35,0
2024-07-07 10:23:17,17480,32,0
2024-07-07 10:23:17,758,42,0
2024-07-07 10:23:17,70040,38,0
2024-07-07 10:23:17,80480,32,0
2024-07-07 10:23:17,3108486,32,0
2024-07-07 10:23:17,3997245,32,0
2024-07-07 10:23:18,11520,32,0
2024-07-07 10:23:18,3032,32,0
2024-07-07 10:23:18,2189162,32,0
2024-07-07 10:23:18,2844203,32,0
2024-07-07 10:23:19,760,32,0
2024-07-07 10:23:19,753,31,0
2024-07-07 10:23:19,10680,33,0
2024-07-07 10:23:19,3032,28,0
2024-07-07 10:23:19,70718,34,0
2024-07-07 10:23:19,74151,32,0
2024-07-07 10:23:19,2007206,32,0
2024-07-07 10:23:19,2556813,32,0
2024-07-07 10:23:20,18680,33,0
2024-07-07 10:23:20,1516,27,0
2024-07-07 10:23:20,3426216,32,0
2024-07-07 10:23:20,4522681,32,0
2024-07-07 10:23:21,680,32,0
2024-07-07 10:23:21,753,46,1
2024-07-07 10:23:21,10000,33,0
2024-07-07 10:23:21,3032,33,0
2024-07-07 10:23:21,51036,32,0
2024-07-07 10:23:21,103128,36,0
2024-07-07 10:23:21,1852544,32,0
2024-07-07 10:23:21,2383469,32,0
2024-07-07 10:23:22,720,29,0
2024-07-07 10:23:22,753,30,0
2024-07-07 10:23:22,19120,32,0
2024-07-07 10:23:22,758,30,0
2024-07-07 10:23:22,70800,28,0
2024-07-07 10:23:22,84847,31,0
2024-07-07 10:23:22,3343634,32,0
2024-07-07 10:23:22,4434527,32,0
2024-07-07 10:23:23,5680,32,0
2024-07-07 10:23:23,1096914,32,0
2024-07-07 10:23:23,1460160,32,0
2024-07-07 10:23:24,80,37,0
2024-07-07 10:23:24,2920,28,0
2024-07-07 10:23:24,120,37,0
2024-07-07 10:23:24,1701,37,0
2024-07-07 10:24:17,2280,29,0
2024-07-07 10:24:17,2274,29,0
2024-07-07 10:24:17,431516,32,0
2024-07-07 10:24:17,616782,32,0
2024-07-07 10:24:18,880,32,0
2024-07-07 10:24:18,753,29,0
2024-07-07 10:24:18,6280,31,0
2024-07-07 10:24:18,3032,28,0
2024-07-07 10:24:18,95956,30,0
2024-07-07 10:24:18,101997,35,0
2024-07-07 10:24:18,1235966,32,0
2024-07-07 10:24:18,1694179,32,0
2024-07-07 10:24:19,10160,33,0
2024-07-07 10:24:19,3790,30,0
2024-07-07 10:24:19,1948936,32,0
2024-07-07 10:24:19,2431707,32,0
2024-07-07 10:24:20,1080,32,0
2024-07-07 10:24:20,1506,29,0
2024-07-07 10:24:20,13320,32,0
2024-07-07 10:24:20,2274,30,0
2024-07-07 10:24:20,103088,34,0
2024-07-07 10:24:20,116519,33,0
2024-07-07 10:24:20,2525476,32,0
2024-07-07 10:24:20,3427319,32,0
2024-07-07 10:24:21,1240,33,0
2024-07-07 10:24:21,753,30,0
2024-07-07 10:24:21,14000,33,0
2024-07-07 10:24:21,1516,28,0
2024-07-07 10:24:21,127972,32,0
2024-07-07 10:24:21,152613,33,0
2024-07-07 10:24:21,2799993,32,0
2024-07-07 10:24:21,3756033,32,0
2024-07-07 10:24:22,2680,32,0
2024-07-07 10:24:22,458770,32,0
2024-07-07 10:24:22,617156,32,0
2024-07-07 10:24:24,40,28,0
2024-07-07 10:24:24,2916,28,0
2024-07-07 10:24:24,240,37,0
2024-07-07 10:24:24,1587,37,0
2024-07-07 10:25:06,760,31,0
2024-07-07 10:25:06,758,46,1
2024-07-07 10:25:06,73008,32,0
2024-07-07 10:25:06,89654,32,0
2024-07-07 10:25:07,1560,31,0
2024-07-07 10:25:07,1506,31,0
2024-07-07 10:25:07,12240,32,0
2024-07-07 10:25:07,3032,32,0
2024-07-07 10:25:07,160894,32,0
2024-07-07 10:25:07,135736,30,0
2024-07-07 10:25:07,2502110,32,0
2024-07-07 10:25:07,3309251,32,0
2024-07-07 10:25:08,520,37,0
2024-07-07 10:25:08,122300,32,0
2024-07-07 10:25:08,138539,32,0
