Time,Length,ARTT,Status
2024-07-18 10:13:53,220,24,0
2024-07-18 10:13:53,1206,41,0
2024-07-18 10:13:53,180,28,0
2024-07-18 10:13:53,557,46,1
2024-07-18 10:13:53,267,57,1
2024-07-18 10:13:53,400,30,0
2024-07-18 10:13:53,1015,28,0
2024-07-18 10:13:53,140,32,0
2024-07-18 10:13:53,1328,28,0
2024-07-18 10:13:53,2873,33,0
2024-07-18 10:13:53,180,24,0
2024-07-18 10:13:53,2264,29,0
2024-07-18 10:13:53,220,23,0
2024-07-18 10:13:53,2578,29,0
2024-07-18 10:13:53,208,40,0
2024-07-18 10:13:53,1746,40,0
2024-07-18 10:13:53,88,18,0
2024-07-18 10:13:53,6724,18,0
2024-07-18 10:13:53,186,16,0
2024-07-18 10:13:53,416,27,0
2024-07-18 10:13:53,1087,49,1
2024-07-18 10:13:53,168,29,0
2024-07-18 10:13:53,1466,15,0
2024-07-18 10:13:53,6275,22,0
2024-07-18 10:13:53,288,22,0
2024-07-18 10:13:53,6725,22,0
2024-07-18 10:13:53,408,43,0
2024-07-18 10:13:53,2327,43,0
2024-07-18 10:13:54,79,76,1
2024-07-18 10:13:54,40,43,0
2024-07-18 10:13:54,621,43,0
2024-07-18 10:13:55,7671,31,0
2024-07-18 10:13:55,140,42,0
2024-07-18 10:13:55,1127,27,0
2024-07-18 10:13:55,2516,40,0
2024-07-18 10:13:55,128,40,0
2024-07-18 10:13:55,424,40,0
2024-07-18 10:13:56,140,27,0
2024-07-18 10:13:56,3540,26,0
2024-07-18 10:13:56,3486,40,0
2024-07-18 10:13:56,1549,32,0
2024-07-18 10:13:56,40,33,0
2024-07-18 10:13:56,248,34,0
2024-07-18 10:13:56,1010,27,0
2024-07-18 10:13:56,11247,43,0
2024-07-18 10:13:56,5734,40,0
2024-07-18 10:13:56,1014,40,0
2024-07-18 10:13:57,5430,31,0
2024-07-18 10:13:57,300,28,0
2024-07-18 10:13:57,2258,18,0
2024-07-18 10:13:57,1909,24,0
2024-07-18 10:13:57,3926,26,0
2024-07-18 10:13:57,7861,31,0
2024-07-18 10:13:57,180,25,0
2024-07-18 10:13:57,2595,29,0
2024-07-18 10:13:57,6738,32,0
2024-07-18 10:13:57,6492,31,0
2024-07-18 10:13:57,12964,28,0
2024-07-18 10:13:57,2188,29,0
2024-07-18 10:13:57,2192,37,0
2024-07-18 10:13:57,2196,27,0
2024-07-18 10:13:57,7646,21,0
2024-07-18 10:13:57,328,35,0
2024-07-18 10:13:57,1432,24,0
2024-07-18 10:13:57,8592,32,0
2024-07-18 10:13:57,9808,43,0
2024-07-18 10:13:57,256948,40,0
2024-07-18 10:13:57,248,40,0
2024-07-18 10:13:57,6946,40,0
2024-07-18 10:13:57,291314,18,0
2024-07-18 10:13:57,226354,29,0
2024-07-18 10:13:57,756027,34,0
2024-07-18 10:13:57,6045,17,0
2024-07-18 10:13:57,6053,16,0
2024-07-18 10:13:57,6054,15,0
2024-07-18 10:13:58,2388,36,0
2024-07-18 10:13:58,568,25,0
2024-07-18 10:13:58,2868,40,0
2024-07-18 10:13:58,390154,34,0
2024-07-18 10:13:59,294,41,0
2024-07-18 10:13:59,3998,43,0
2024-07-18 10:14:00,1844,31,0
2024-07-18 10:14:00,260501,18,0
2024-07-18 10:14:01,1268,45,0
2024-07-18 10:14:01,4584,26,0
2024-07-18 10:14:01,547,28,0
2024-07-18 10:14:01,17330,27,0
2024-07-18 10:14:01,3450,27,0
2024-07-18 10:14:01,1200,32,0
2024-07-18 10:14:01,7131,27,0
2024-07-18 10:14:01,101362,18,0
2024-07-18 10:14:01,7746,37,0
2024-07-18 10:14:02,348,27,0
2024-07-18 10:14:02,3139,27,0
2024-07-18 10:14:02,181,29,0
2024-07-18 10:14:02,220,16,0
2024-07-18 10:14:02,1102,36,0
2024-07-18 10:14:02,3105,32,0
2024-07-18 10:14:02,120,24,0
2024-07-18 10:14:02,479821,18,0
2024-07-18 10:14:02,479,37,0
2024-07-18 10:14:02,168,39,0
2024-07-18 10:14:02,976,39,0
2024-07-18 10:14:02,1882319,34,0
2024-07-18 10:14:02,810,19,0
2024-07-18 10:14:02,210,19,0
2024-07-18 10:14:03,2280,28,0
2024-07-18 10:14:03,3702,33,0
2024-07-18 10:14:03,2664,40,0
2024-07-18 10:14:03,503,34,0
2024-07-18 10:14:07,3762,32,0
2024-07-18 10:14:07,87910,34,0
2024-07-18 10:14:08,3256,30,0
2024-07-18 10:14:08,2067727,34,0
2024-07-18 10:14:09,4026,28,0
2024-07-18 10:14:09,2562599,34,0
2024-07-18 10:14:10,3172,30,0
2024-07-18 10:14:10,2556,45,0
2024-07-18 10:14:10,1305225,34,0
2024-07-18 10:14:11,2971,23,0
2024-07-18 10:14:11,123,17,0
2024-07-18 10:14:11,6517,33,0
2024-07-18 10:14:11,358,37,0
2024-07-18 10:14:11,275135,34,0
2024-07-18 10:14:11,4995370,34,0
2024-07-18 10:14:12,2641,29,0
2024-07-18 10:14:12,2156488,34,0
2024-07-18 10:14:13,140,30,0
2024-07-18 10:14:13,2350,18,0
2024-07-18 10:14:13,6322,30,0
2024-07-18 10:14:13,168,40,0
2024-07-18 10:14:13,258,40,0
2024-07-18 10:14:13,2556,34,0
2024-07-18 10:14:13,2221660,34,0
2024-07-18 10:14:14,3407,29,0
2024-07-18 10:14:14,2325400,34,0
2024-07-18 10:14:15,40,34,0
2024-07-18 10:14:15,5744,32,0
2024-07-18 10:14:15,1295,40,0
2024-07-18 10:14:15,3834,34,0
2024-07-18 10:14:15,4239957,34,0
2024-07-18 10:14:16,5918,28,0
2024-07-18 10:14:16,1325557,34,0
2024-07-18 10:14:17,2668,27,0
2024-07-18 10:14:17,3037632,34,0
2024-07-18 10:14:18,5035,30,0
2024-07-18 10:14:18,2884068,34,0
2024-07-18 10:14:19,3963,30,0
2024-07-18 10:14:19,2121433,34,0
2024-07-18 10:14:20,5956,30,0
2024-07-18 10:14:20,3771788,34,0
2024-07-18 10:14:21,3045,38,0
2024-07-18 10:14:21,7161,31,0
2024-07-18 10:14:21,301,37,0
2024-07-18 10:14:21,2190089,34,0
2024-07-18 10:14:22,2774,31,0
2024-07-18 10:14:22,2188981,34,0
2024-07-18 10:14:23,2970,30,0
2024-07-18 10:14:23,2189602,34,0
2024-07-18 10:14:24,5103,27,0
2024-07-18 10:14:24,3329057,34,0
2024-07-18 10:14:25,4208,29,0
2024-07-18 10:14:25,1278,34,0
2024-07-18 10:14:25,3239302,34,0
2024-07-18 10:14:26,6436,33,0
2024-07-18 10:14:26,1639794,34,0
2024-07-18 10:14:27,4470,30,0
2024-07-18 10:14:27,2672073,34,0
2024-07-18 10:14:28,6280,30,0
2024-07-18 10:14:28,1278,34,0
2024-07-18 10:14:28,2256513,34,0
2024-07-18 10:14:29,5368,30,0
2024-07-18 10:14:29,2718440,34,0
2024-07-18 10:14:30,8410,30,0
2024-07-18 10:14:30,1278,34,0
2024-07-18 10:14:30,3850350,34,0
2024-07-18 10:14:31,2973,28,0
2024-07-18 10:14:31,4947,33,0
2024-07-18 10:14:31,302,37,0
2024-07-18 10:14:31,1278,34,0
2024-07-18 10:14:31,2188529,34,0
2024-07-18 10:14:32,4326,28,0
2024-07-18 10:14:32,2586565,34,0
2024-07-18 10:14:33,7654,30,0
2024-07-18 10:14:33,2289914,34,0
2024-07-18 10:14:34,5716,28,0
2024-07-18 10:14:34,1278,34,0
2024-07-18 10:14:34,3828722,34,0
2024-07-18 10:14:35,2675,29,0
2024-07-18 10:14:35,2240446,34,0
2024-07-18 10:14:36,3501,30,0
2024-07-18 10:14:36,1278,34,0
2024-07-18 10:14:36,2966291,34,0
2024-07-18 10:14:37,8819,30,0
2024-07-18 10:14:37,1278,34,0
2024-07-18 10:14:37,2919053,34,0
2024-07-18 10:14:38,4041,29,0
2024-07-18 10:14:38,2871610,34,0
2024-07-18 10:14:39,3449,30,0
2024-07-18 10:14:39,1278,34,0
2024-07-18 10:14:39,2187935,34,0
2024-07-18 10:14:40,9782,32,0
2024-07-18 10:14:40,2736428,34,0
2024-07-18 10:14:41,4976,29,0
2024-07-18 10:14:41,2556,34,0
2024-07-18 10:14:41,3829314,34,0
2024-07-18 10:14:42,2931,31,0
2024-07-18 10:14:42,2640452,34,0
2024-07-18 10:14:43,8134,31,0
2024-07-18 10:14:43,2556,34,0
2024-07-18 10:14:43,3880656,34,0
2024-07-18 10:14:44,2593,32,0
2024-07-18 10:14:44,1203401,34,0
2024-07-18 10:14:45,7029,29,0
2024-07-18 10:14:45,1278,34,0
2024-07-18 10:14:45,3795807,34,0
2024-07-18 10:14:46,8441,30,0
2024-07-18 10:14:46,2556,34,0
2024-07-18 10:14:46,4012666,34,0
2024-07-18 10:14:47,585,29,0
2024-07-18 10:14:47,3991,29,0
2024-07-18 10:14:47,49406,18,0
2024-07-18 10:14:47,1278,34,0
2024-07-18 10:14:47,2189136,34,0
2024-07-18 10:14:48,9919,31,0
2024-07-18 10:14:48,1278,34,0
2024-07-18 10:14:48,3884753,34,0
2024-07-18 10:14:49,4704,27,0
2024-07-18 10:14:49,2814031,34,0
2024-07-18 10:14:50,2713,29,0
2024-07-18 10:14:50,2259736,34,0
2024-07-18 10:14:51,3476,32,0
2024-07-18 10:14:51,2556,34,0
2024-07-18 10:14:51,2189495,34,0
2024-07-18 10:14:52,7464,29,0
2024-07-18 10:14:52,2747374,34,0
2024-07-18 10:14:53,2876,27,0
2024-07-18 10:14:53,220,24,0
2024-07-18 10:14:53,2140,25,0
2024-07-18 10:14:53,859,42,0
2024-07-18 10:14:53,40,24,0
2024-07-18 10:14:53,361,22,0
2024-07-18 10:14:53,5013,31,0
2024-07-18 10:14:53,40,18,0
2024-07-18 10:14:53,6220,33,0
2024-07-18 10:14:53,328,31,0
2024-07-18 10:14:53,6755,29,0
2024-07-18 10:14:53,1017,22,0
2024-07-18 10:14:53,120,22,0
2024-07-18 10:14:53,256,22,0
2024-07-18 10:14:53,2556,34,0
2024-07-18 10:14:53,4006602,34,0
2024-07-18 10:14:54,3127,30,0
2024-07-18 10:14:54,40,40,0
2024-07-18 10:14:54,52,18,0
2024-07-18 10:14:54,40,32,0
2024-07-18 10:14:54,40,43,0
2024-07-18 10:14:54,3834,34,0
2024-07-18 10:14:54,1903060,34,0
2024-07-18 10:14:55,7543,28,0
2024-07-18 10:14:55,1202,16,0
2024-07-18 10:14:55,2675,30,0
2024-07-18 10:14:55,163,40,0
2024-07-18 10:14:55,40,40,0
2024-07-18 10:14:55,2475304,34,0
2024-07-18 10:14:56,1283,27,0
2024-07-18 10:14:56,220,25,0
2024-07-18 10:14:56,1631,35,0
2024-07-18 10:14:56,123,31,0
2024-07-18 10:14:56,40,36,0
2024-07-18 10:14:56,140,24,0
2024-07-18 10:14:56,557,73,1
2024-07-18 10:14:56,140,24,0
2024-07-18 10:14:56,471,21,0
2024-07-18 10:14:56,7923,28,0
2024-07-18 10:14:56,168,36,0
2024-07-18 10:14:56,5953,29,0
2024-07-18 10:14:56,445,40,0
2024-07-18 10:14:56,807,40,0
2024-07-18 10:14:56,88,25,0
2024-07-18 10:14:56,3504,25,0
2024-07-18 10:14:56,88,21,0
2024-07-18 10:14:56,3385,21,0
2024-07-18 10:14:56,1278,34,0
2024-07-18 10:14:56,2379267,34,0
2024-07-18 10:14:56,2503,19,0
2024-07-18 10:14:57,140,40,0
2024-07-18 10:14:57,1161,35,0
2024-07-18 10:14:57,80,46,1
2024-07-18 10:14:57,1227,29,0
2024-07-18 10:14:57,80,24,0
2024-07-18 10:14:57,667,29,0
2024-07-18 10:14:57,6599,30,0
2024-07-18 10:14:57,168,40,0
2024-07-18 10:14:57,243,40,0
2024-07-18 10:14:57,240,25,0
2024-07-18 10:14:57,1643,25,0
2024-07-18 10:14:57,240,21,0
2024-07-18 10:14:57,484,21,0
2024-07-18 10:14:57,1278,34,0
2024-07-18 10:14:57,4382601,34,0
2024-07-18 10:14:58,348,30,0
2024-07-18 10:14:58,40,18,0
2024-07-18 10:14:58,340,34,0
2024-07-18 10:14:58,2561,30,0
2024-07-18 10:14:58,220,23,0
2024-07-18 10:14:58,1444,22,0
2024-07-18 10:14:58,300,24,0
2024-07-18 10:14:58,1138,40,0
2024-07-18 10:14:58,3226,35,0
2024-07-18 10:14:58,733,40,0
2024-07-18 10:14:58,328,43,0
2024-07-18 10:14:58,3014,43,0
2024-07-18 10:14:58,328,25,0
2024-07-18 10:14:58,4809,25,0
2024-07-18 10:14:58,328,21,0
2024-07-18 10:14:58,3894,21,0
2024-07-18 10:14:58,1278,34,0
2024-07-18 10:14:58,2155485,34,0
2024-07-18 10:14:58,813,19,0
2024-07-18 10:14:59,348,27,0
2024-07-18 10:14:59,544,38,0
2024-07-18 10:14:59,7863,29,0
2024-07-18 10:14:59,80,17,0
2024-07-18 10:14:59,80,40,0
2024-07-18 10:14:59,80,25,0
2024-07-18 10:14:59,957,25,0
2024-07-18 10:14:59,1278,34,0
2024-07-18 10:14:59,4219375,34,0
2024-07-18 10:14:59,810,19,0
2024-07-18 10:15:00,180,39,0
2024-07-18 10:15:00,717,50,1
2024-07-18 10:15:00,6920,32,0
2024-07-18 10:15:00,208,21,0
2024-07-18 10:15:00,3735,21,0
2024-07-18 10:15:00,1278,34,0
2024-07-18 10:15:00,2540457,34,0
2024-07-18 10:15:01,80,27,0
2024-07-18 10:15:01,421,14,0
2024-07-18 10:15:01,2798,29,0
2024-07-18 10:15:01,120,21,0
2024-07-18 10:15:01,134,21,0
2024-07-18 10:15:01,751,34,0
2024-07-18 10:15:01,2207601,34,0
2024-07-18 10:15:02,6045,29,0
2024-07-18 10:15:02,1278,34,0
2024-07-18 10:15:02,4382092,34,0
2024-07-18 10:15:03,10336,29,0
2024-07-18 10:15:03,3368,22,0
2024-07-18 10:15:03,8716,29,0
2024-07-18 10:15:03,280,25,0
2024-07-18 10:15:03,123,25,0
2024-07-18 10:15:03,2394641,34,0
2024-07-18 10:15:04,710,25,0
2024-07-18 10:15:04,267,37,0
2024-07-18 10:15:04,320,36,0
2024-07-18 10:15:04,622,32,0
2024-07-18 10:15:04,2247,24,0
2024-07-18 10:15:04,30688,25,0
2024-07-18 10:15:04,29262,30,0
2024-07-18 10:15:04,220,34,0
2024-07-18 10:15:04,677,22,0
2024-07-18 10:15:04,1980,32,0
2024-07-18 10:15:04,9624,30,0
2024-07-18 10:15:04,3272,30,0
2024-07-18 10:15:04,186,16,0
2024-07-18 10:15:04,256,29,0
2024-07-18 10:15:04,258,35,0
2024-07-18 10:15:04,2839,40,0
2024-07-18 10:15:04,40,39,0
2024-07-18 10:15:04,680,25,0
2024-07-18 10:15:04,479,25,0
2024-07-18 10:15:04,168,21,0
2024-07-18 10:15:04,3760,21,0
2024-07-18 10:15:04,1704,18,0
2024-07-18 10:15:04,46856,18,0
2024-07-18 10:15:04,2556,34,0
2024-07-18 10:15:04,2597157,34,0
2024-07-18 10:15:04,1687,19,0
2024-07-18 10:15:05,80,35,0
2024-07-18 10:15:05,353,56,1
2024-07-18 10:15:05,4216,44,0
2024-07-18 10:15:05,198,34,0
2024-07-18 10:15:05,80,21,0
2024-07-18 10:15:05,775,26,0
2024-07-18 10:15:05,2320,31,0
2024-07-18 10:15:05,10091,32,0
2024-07-18 10:15:05,4460,31,0
2024-07-18 10:15:05,120,27,0
2024-07-18 10:15:05,829,36,0
2024-07-18 10:15:05,120,25,0
2024-07-18 10:15:05,515,25,0
2024-07-18 10:15:05,40,21,0
2024-07-18 10:15:05,797,21,0
2024-07-18 10:15:05,4608,18,0
2024-07-18 10:15:05,49959,18,0
2024-07-18 10:15:05,1278,34,0
2024-07-18 10:15:05,3972557,34,0
2024-07-18 10:15:06,36272,29,0
2024-07-18 10:15:06,23733,39,0
2024-07-18 10:15:06,200,39,0
2024-07-18 10:15:06,131,37,0
2024-07-18 10:15:06,480,29,0
2024-07-18 10:15:06,9729,28,0
2024-07-18 10:15:06,2446,32,0
2024-07-18 10:15:06,720,25,0
2024-07-18 10:15:06,40,21,0
2024-07-18 10:15:06,3097,21,0
2024-07-18 10:15:06,1760,18,0
2024-07-18 10:15:06,10072,18,0
2024-07-18 10:15:06,1437997,34,0
2024-07-18 10:15:07,348,22,0
2024-07-18 10:15:07,1078,27,0
2024-07-18 10:15:07,80,16,0
2024-07-18 10:15:07,284,23,0
2024-07-18 10:15:07,40,35,0
2024-07-18 10:15:07,7695,20,0
2024-07-18 10:15:07,120,25,0
2024-07-18 10:15:07,682,25,0
2024-07-18 10:15:07,811,19,0
2024-07-18 10:15:08,187,29,0
2024-07-18 10:15:08,80,16,0
2024-07-18 10:15:08,1870,30,0
2024-07-18 10:15:08,683,38,0
2024-07-18 10:15:08,160,18,0
2024-07-18 10:15:08,2165,18,0
2024-07-18 10:15:10,180,30,0
2024-07-18 10:15:10,1103,21,0
2024-07-18 10:15:10,168,39,0
2024-07-18 10:15:10,976,39,0
2024-07-18 10:15:11,40,31,0
2024-07-18 10:15:11,260,26,0
2024-07-18 10:15:11,80,18,0
2024-07-18 10:15:11,405,18,0
2024-07-18 10:15:16,40,18,0
2024-07-18 10:15:16,40,40,0
2024-07-18 10:15:28,5921,25,0
2024-07-18 10:15:28,1278,34,0
2024-07-18 10:15:28,952531,34,0
2024-07-18 10:15:29,5460,34,0
2024-07-18 10:15:29,1278,34,0
2024-07-18 10:15:29,4364310,34,0
2024-07-18 10:15:30,4870,28,0
2024-07-18 10:15:30,2210332,34,0
2024-07-18 10:15:31,1701,28,0
2024-07-18 10:15:31,3691,28,0
2024-07-18 10:15:31,250,37,0
2024-07-18 10:15:31,1278,34,0
2024-07-18 10:15:31,2189722,34,0
2024-07-18 10:15:32,8251,34,0
2024-07-18 10:15:32,1278,34,0
2024-07-18 10:15:32,3980475,34,0
2024-07-18 10:15:33,3669,29,0
2024-07-18 10:15:33,1278,34,0
2024-07-18 10:15:33,2794585,34,0
2024-07-18 10:15:34,2655,29,0
2024-07-18 10:15:34,2123667,34,0
2024-07-18 10:15:35,40,29,0
2024-07-18 10:15:35,296,23,0
2024-07-18 10:15:35,9057,28,0
2024-07-18 10:15:35,80,18,0
2024-07-18 10:15:35,404,18,0
2024-07-18 10:15:35,2929565,34,0
2024-07-18 10:15:36,4997,29,0
2024-07-18 10:15:36,1278,34,0
2024-07-18 10:15:36,3638194,34,0
2024-07-18 10:15:37,3557,28,0
2024-07-18 10:15:37,3834,34,0
2024-07-18 10:15:37,2457964,34,0
2024-07-18 10:15:38,4750,31,0
2024-07-18 10:15:38,2556,34,0
2024-07-18 10:15:38,4381970,34,0
2024-07-18 10:15:39,2450,32,0
2024-07-18 10:15:39,1730469,34,0
2024-07-18 10:15:41,4927,32,0
2024-07-18 10:15:41,661405,34,0
2024-07-18 10:15:42,3696,33,0
2024-07-18 10:15:42,2190218,34,0
2024-07-18 10:15:43,7168,28,0
2024-07-18 10:15:43,2556,34,0
2024-07-18 10:15:43,4307679,34,0
2024-07-18 10:15:44,3323,28,0
2024-07-18 10:15:44,2266691,34,0
2024-07-18 10:15:45,3215,31,0
2024-07-18 10:15:45,2556,34,0
2024-07-18 10:15:45,1568020,34,0
2024-07-18 10:15:54,349,33,0
2024-07-18 10:15:54,100,21,0
2024-07-18 10:15:54,557,57,1
2024-07-18 10:15:54,88,41,0
2024-07-18 10:15:54,813,19,0
2024-07-18 10:15:55,120,22,0
2024-07-18 10:15:55,1732,33,0
2024-07-18 10:15:55,80,41,0
2024-07-18 10:15:55,5965,41,0
2024-07-18 10:15:55,40,35,0
2024-07-18 10:15:55,40,22,0
2024-07-18 10:16:00,40,40,0
2024-07-18 10:16:00,40,17,0
2024-07-18 10:16:00,40,43,0
2024-07-18 10:16:05,2583,27,0
2024-07-18 10:16:05,2247,28,0
2024-07-18 10:16:05,5101,29,0
2024-07-18 10:16:05,3115,25,0
2024-07-18 10:16:05,3050,27,0
2024-07-18 10:16:05,1768,24,0
2024-07-18 10:16:05,5207,43,0
2024-07-18 10:16:05,2637,40,0
2024-07-18 10:16:05,818010,34,0
2024-07-18 10:16:05,4993,17,0
2024-07-18 10:16:05,5006,16,0
2024-07-18 10:16:05,4991,15,0
2024-07-18 10:16:06,180,28,0
2024-07-18 10:16:06,1134,20,0
2024-07-18 10:16:06,300,36,0
2024-07-18 10:16:06,2625,33,0
2024-07-18 10:16:06,2825,30,0
2024-07-18 10:16:06,636,14,0
2024-07-18 10:16:06,1342,28,0
2024-07-18 10:16:06,701,26,0
2024-07-18 10:16:06,168,40,0
2024-07-18 10:16:06,976,40,0
2024-07-18 10:16:06,448,27,0
2024-07-18 10:16:06,2858,31,0
2024-07-18 10:16:06,2192067,34,0
2024-07-18 10:16:06,1004,17,0
2024-07-18 10:16:06,2335,16,0
2024-07-18 10:16:06,1004,15,0
2024-07-18 10:16:07,4553,30,0
2024-07-18 10:16:07,3778339,34,0
2024-07-18 10:16:08,7345,29,0
2024-07-18 10:16:08,1278,34,0
2024-07-18 10:16:08,2993931,34,0
2024-07-18 10:16:09,3077,27,0
2024-07-18 10:16:09,1278,34,0
2024-07-18 10:16:09,2190933,34,0
2024-07-18 10:16:10,3184,28,0
2024-07-18 10:16:10,40,39,0
2024-07-18 10:16:10,80,25,0
2024-07-18 10:16:10,40,21,0
2024-07-18 10:16:10,1278,34,0
2024-07-18 10:16:10,2190331,34,0
2024-07-18 10:16:11,100,28,0
2024-07-18 10:16:11,9398,28,0
2024-07-18 10:16:11,48,36,0
2024-07-18 10:16:11,4570091,34,0
2024-07-18 10:16:12,267,32,0
2024-07-18 10:16:12,300,28,0
2024-07-18 10:16:12,1015,23,0
2024-07-18 10:16:12,140,27,0
2024-07-18 10:16:12,717,31,0
2024-07-18 10:16:12,2756,28,0
2024-07-18 10:16:12,186,16,0
2024-07-18 10:16:12,368,30,0
2024-07-18 10:16:12,1087,32,0
2024-07-18 10:16:12,208,21,0
2024-07-18 10:16:12,3385,21,0
2024-07-18 10:16:12,1278,34,0
2024-07-18 10:16:12,2200302,34,0
2024-07-18 10:16:13,160,40,0
2024-07-18 10:16:13,905,35,0
2024-07-18 10:16:13,200,41,0
2024-07-18 10:16:13,3917,34,0
2024-07-18 10:16:13,3480,29,0
2024-07-18 10:16:13,80,21,0
2024-07-18 10:16:13,3343,21,0
2024-07-18 10:16:13,480,18,0
2024-07-18 10:16:13,4441,18,0
2024-07-18 10:16:13,2323215,34,0
2024-07-18 10:16:14,3773,32,0
2024-07-18 10:16:14,216,34,0
2024-07-18 10:16:14,2556,34,0
2024-07-18 10:16:14,3752782,34,0
2024-07-18 10:16:27,40,35,0
2024-07-18 10:16:27,40,32,0
2024-07-18 10:16:27,40,16,0
2024-07-18 10:16:27,80,41,0
2024-07-18 10:16:27,80,21,0
2024-07-18 10:16:27,80,18,0
2024-07-18 10:16:37,180,26,0
2024-07-18 10:16:37,2339,23,0
2024-07-18 10:16:37,208,34,0
2024-07-18 10:16:37,919,34,0
2024-07-18 10:16:39,5043,31,0
2024-07-18 10:16:39,707497,34,0
2024-07-18 10:16:40,3779,29,0
2024-07-18 10:16:40,1278,34,0
2024-07-18 10:16:40,3563422,34,0
2024-07-18 10:16:41,4068,27,0
2024-07-18 10:16:41,2975974,34,0
2024-07-18 10:16:42,2746,28,0
2024-07-18 10:16:42,2208066,34,0
2024-07-18 10:16:43,7158,31,0
2024-07-18 10:16:43,2742775,34,0
2024-07-18 10:16:44,4324,29,0
2024-07-18 10:16:44,1278,34,0
2024-07-18 10:16:44,4042520,34,0
2024-07-18 10:16:45,2556,31,0
2024-07-18 10:16:45,2208016,34,0
2024-07-18 10:16:46,8604,29,0
2024-07-18 10:16:46,1489,34,0
2024-07-18 10:16:46,3778957,34,0
2024-07-18 10:16:47,4221,30,0
2024-07-18 10:16:47,2994756,34,0
2024-07-18 10:16:48,4508,31,0
2024-07-18 10:16:48,1278,34,0
2024-07-18 10:16:48,2207699,34,0
2024-07-18 10:16:49,3480,29,0
2024-07-18 10:16:49,2063456,34,0
2024-07-18 10:16:50,4161,30,0
2024-07-18 10:16:50,588392,34,0
2024-07-18 10:16:51,5852,31,0
2024-07-18 10:16:51,4129709,34,0
2024-07-18 10:16:52,3261,28,0
2024-07-18 10:16:52,2191501,34,0
2024-07-18 10:16:53,4187,31,0
2024-07-18 10:16:53,3527248,34,0
2024-07-18 10:16:54,54,34,0
2024-07-18 10:17:06,2246,36,0
2024-07-18 10:17:06,3518,28,0
2024-07-18 10:17:06,40,40,0
2024-07-18 10:17:06,40,18,0
2024-07-18 10:17:06,2812,40,0
2024-07-18 10:17:07,180,22,0
2024-07-18 10:17:07,1135,38,0
2024-07-18 10:17:07,180,28,0
2024-07-18 10:17:07,2561,26,0
2024-07-18 10:17:07,5247,32,0
2024-07-18 10:17:07,168,39,0
2024-07-18 10:17:07,976,39,0
2024-07-18 10:17:07,408,30,0
2024-07-18 10:17:07,2992,39,0
2024-07-18 10:17:07,3255092,34,0
2024-07-18 10:17:08,3859,31,0
2024-07-18 10:17:08,2158035,34,0
2024-07-18 10:17:09,140,23,0
2024-07-18 10:17:09,1925,21,0
2024-07-18 10:17:09,3786,28,0
2024-07-18 10:17:09,168,40,0
2024-07-18 10:17:09,258,40,0
2024-07-18 10:17:09,2556,34,0
2024-07-18 10:17:09,2697195,34,0
2024-07-18 10:17:10,6557,30,0
2024-07-18 10:17:10,1576470,34,0
2024-07-18 10:17:11,40,24,0
2024-07-18 10:17:11,4203,33,0
2024-07-18 10:17:11,1349,40,0
2024-07-18 10:17:11,2709176,34,0
2024-07-18 10:17:12,5434,31,0
2024-07-18 10:17:12,3565058,34,0
2024-07-18 10:17:32,5607,24,0
2024-07-18 10:17:32,3151,40,0
2024-07-18 10:17:39,40,17,0
2024-07-18 10:17:39,5310,31,0
2024-07-18 10:17:39,40,40,0
2024-07-18 10:17:39,854870,34,0
2024-07-18 10:17:40,5180,31,0
2024-07-18 10:17:40,3478404,34,0
2024-07-18 10:17:41,4678,28,0
2024-07-18 10:17:41,1278,34,0
2024-07-18 10:17:41,3095309,34,0
2024-07-18 10:17:42,7425,27,0
2024-07-18 10:17:42,40,34,0
2024-07-18 10:17:42,2380164,34,0
2024-07-18 10:17:43,3070,29,0
2024-07-18 10:17:43,1278,34,0
2024-07-18 10:17:43,2190807,34,0
2024-07-18 10:17:44,4991,32,0
2024-07-18 10:17:44,1278,34,0
2024-07-18 10:17:44,4035674,34,0
2024-07-18 10:17:45,4224,28,0
2024-07-18 10:17:45,2556,34,0
2024-07-18 10:17:45,2538090,34,0
2024-07-18 10:17:46,7300,33,0
2024-07-18 10:17:46,2376124,34,0
2024-07-18 10:17:47,3109,27,0
2024-07-18 10:17:47,2192467,34,0
2024-07-18 10:17:48,5064,30,0
2024-07-18 10:17:48,4245994,34,0
2024-07-18 10:17:49,704,29,0
2024-07-18 10:17:49,356568,34,0
2024-07-18 10:17:50,7270,31,0
2024-07-18 10:17:50,1756750,34,0
2024-07-18 10:17:51,3509,29,0
2024-07-18 10:17:51,2589614,34,0
2024-07-18 10:17:52,5555,30,0
2024-07-18 10:17:52,3868305,34,0
2024-07-18 10:17:53,128,28,0
2024-07-18 10:17:53,61689,34,0
2024-07-18 10:18:04,200,18,0
2024-07-18 10:18:04,40,39,0
2024-07-18 10:18:07,2247,37,0
2024-07-18 10:18:07,40,35,0
2024-07-18 10:18:07,2826,40,0
2024-07-18 10:18:08,3979,27,0
2024-07-18 10:18:08,7183,31,0
2024-07-18 10:18:08,4390,30,0
2024-07-18 10:18:08,6029,30,0
2024-07-18 10:18:08,2473,27,0
2024-07-18 10:18:08,5341,43,0
2024-07-18 10:18:08,2737538,34,0
2024-07-18 10:18:08,7327,17,0
2024-07-18 10:18:08,8628,16,0
2024-07-18 10:18:08,6001,15,0
2024-07-18 10:18:09,2977,28,0
2024-07-18 10:18:09,2293643,34,0
2024-07-18 10:18:10,3047,29,0
2024-07-18 10:18:10,2191289,34,0
2024-07-18 10:18:11,7958,31,0
2024-07-18 10:18:11,2740740,34,0
2024-07-18 10:18:12,6483,29,0
2024-07-18 10:18:12,1278,34,0
2024-07-18 10:18:12,4027088,34,0
2024-07-18 10:18:13,3021,32,0
2024-07-18 10:18:13,2192628,34,0
2024-07-18 10:18:14,2799,28,0
2024-07-18 10:18:14,1278,34,0
2024-07-18 10:18:14,2121058,34,0
2024-07-18 10:18:15,4638,30,0
2024-07-18 10:18:15,1868933,34,0
2024-07-18 10:18:37,260,49,1
2024-07-18 10:18:37,2722,26,0
2024-07-18 10:18:37,208,18,0
2024-07-18 10:18:37,7547,18,0
2024-07-18 10:18:39,5048,27,0
2024-07-18 10:18:39,746853,34,0
2024-07-18 10:18:40,3709,31,0
2024-07-18 10:18:40,1278,34,0
2024-07-18 10:18:40,2300952,34,0
2024-07-18 10:18:41,6072,31,0
2024-07-18 10:18:41,1278,34,0
2024-07-18 10:18:41,4106786,34,0
2024-07-18 10:18:42,4034,28,0
2024-07-18 10:18:42,3624260,34,0
2024-07-18 10:18:43,6730,29,0
2024-07-18 10:18:43,2308660,34,0
2024-07-18 10:18:44,4792,31,0
2024-07-18 10:18:44,3055277,34,0
2024-07-18 10:18:45,3553,31,0
2024-07-18 10:18:45,1278,34,0
2024-07-18 10:18:45,3438491,34,0
2024-07-18 10:18:46,3994,32,0
2024-07-18 10:18:46,3135433,34,0
2024-07-18 10:18:47,6915,28,0
2024-07-18 10:18:47,2384347,34,0
2024-07-18 10:18:48,6384,29,0
2024-07-18 10:18:48,1278,34,0
2024-07-18 10:18:48,4382493,34,0
2024-07-18 10:18:49,3058,30,0
2024-07-18 10:18:49,2192263,34,0
2024-07-18 10:18:50,3402,29,0
2024-07-18 10:18:50,1278,34,0
2024-07-18 10:18:50,2190825,34,0
2024-07-18 10:18:51,7814,30,0
2024-07-18 10:18:51,2556,34,0
2024-07-18 10:18:51,2339609,34,0
2024-07-18 10:18:52,5704,29,0
2024-07-18 10:18:52,4100249,34,0
2024-07-18 10:18:53,3431,31,0
2024-07-18 10:18:53,2467840,34,0
2024-07-18 10:18:54,3379,27,0
2024-07-18 10:18:54,3467138,34,0
2024-07-18 10:18:57,4501,29,0
2024-07-18 10:18:57,53918,18,0
2024-07-18 10:19:08,2247,24,0
2024-07-18 10:19:08,3969,29,0
2024-07-18 10:19:08,40,39,0
2024-07-18 10:19:08,2872,40,0
2024-07-18 10:19:08,340589,34,0
2024-07-18 10:19:09,4689,29,0
2024-07-18 10:19:09,2556,34,0
2024-07-18 10:19:09,3011136,34,0
2024-07-18 10:19:10,2822,28,0
2024-07-18 10:19:10,2791373,34,0
2024-07-18 10:19:11,8731,32,0
2024-07-18 10:19:11,216,34,0
2024-07-18 10:19:11,3972908,34,0
2024-07-18 10:19:12,2675,30,0
2024-07-18 10:19:12,2191308,34,0
2024-07-18 10:19:13,140,26,0
2024-07-18 10:19:13,1132,34,0
2024-07-18 10:19:13,701,22,0
2024-07-18 10:19:13,168,39,0
2024-07-18 10:19:13,243,39,0
2024-07-18 10:19:13,550820,34,0
2024-07-18 10:19:14,40,29,0
2024-07-18 10:19:14,300,30,0
2024-07-18 10:19:14,2625,39,0
2024-07-18 10:19:14,733,39,0
2024-07-18 10:19:14,368,43,0
2024-07-18 10:19:14,3034,43,0
2024-07-18 10:19:31,8005,34,0
2024-07-18 10:19:31,3907,26,0
2024-07-18 10:19:31,4123,37,0
2024-07-18 10:19:31,455119,34,0
2024-07-18 10:19:32,6083,29,0
2024-07-18 10:19:32,203,37,0
2024-07-18 10:19:32,1278,34,0
2024-07-18 10:19:32,3817737,34,0
2024-07-18 10:19:33,2922,32,0
2024-07-18 10:19:33,2191334,34,0
2024-07-18 10:19:34,7735,29,0
2024-07-18 10:19:34,1278,34,0
2024-07-18 10:19:34,2875761,34,0
2024-07-18 10:19:35,2489,31,0
2024-07-18 10:19:35,1278,34,0
2024-07-18 10:19:35,1923302,34,0
2024-07-18 10:19:36,4781,28,0
2024-07-18 10:19:36,1278,34,0
2024-07-18 10:19:36,4151899,34,0
2024-07-18 10:19:37,3007,31,0
2024-07-18 10:19:37,1863238,34,0
2024-07-18 10:19:39,4742,31,0
2024-07-18 10:19:39,40,18,0
2024-07-18 10:19:39,525636,34,0
2024-07-18 10:19:40,4367,29,0
2024-07-18 10:19:40,1278,34,0
2024-07-18 10:19:40,3531464,34,0
2024-07-18 10:19:41,4647,30,0
2024-07-18 10:19:41,3042936,34,0
2024-07-18 10:19:42,4128,27,0
2024-07-18 10:19:42,2170120,34,0
2024-07-18 10:20:09,2598,23,0
2024-07-18 10:20:09,2247,30,0
2024-07-18 10:20:09,6303,31,0
2024-07-18 10:20:09,2463,23,0
2024-07-18 10:20:09,2471,26,0
2024-07-18 10:20:09,2471,34,0
2024-07-18 10:20:09,5181,43,0
2024-07-18 10:20:09,2808,40,0
2024-07-18 10:20:09,222933,34,0
2024-07-18 10:20:09,6006,17,0
2024-07-18 10:20:09,6000,16,0
2024-07-18 10:20:09,6006,15,0
2024-07-18 10:20:10,5354,29,0
2024-07-18 10:20:10,3834,34,0
2024-07-18 10:20:10,4361271,34,0
2024-07-18 10:20:11,4398,29,0
2024-07-18 10:20:11,2209406,34,0
2024-07-18 10:20:12,3811,31,0
2024-07-18 10:20:12,2707195,34,0
2024-07-18 10:20:13,9016,30,0
2024-07-18 10:20:13,1278,34,0
2024-07-18 10:20:13,4062676,34,0
2024-07-18 10:20:14,5174,29,0
2024-07-18 10:20:14,40,39,0
2024-07-18 10:20:14,40,43,0
2024-07-18 10:20:14,5112,34,0
2024-07-18 10:20:14,2188454,34,0
2024-07-18 10:20:15,300,31,0
2024-07-18 10:20:15,2625,31,0
2024-07-18 10:20:15,220,22,0
2024-07-18 10:20:15,1129,24,0
2024-07-18 10:20:15,4545,30,0
2024-07-18 10:20:15,448,43,0
2024-07-18 10:20:15,2832,43,0
2024-07-18 10:20:15,168,80,1
2024-07-18 10:20:15,1016,80,1
2024-07-18 10:20:15,2288948,34,0
2024-07-18 10:20:16,2969,28,0
2024-07-18 10:20:16,1278,34,0
2024-07-18 10:20:16,2362449,34,0
2024-07-18 10:20:17,8321,30,0
2024-07-18 10:20:17,1278,34,0
2024-07-18 10:20:17,3100168,34,0
2024-07-18 10:20:18,4735,29,0
2024-07-18 10:20:18,3365403,34,0
2024-07-18 10:20:19,2922,35,0
2024-07-18 10:20:19,2480,34,0
2024-07-18 10:20:19,2541894,34,0
2024-07-18 10:20:20,5451,30,0
2024-07-18 10:20:20,2556,34,0
2024-07-18 10:20:20,2370094,34,0
2024-07-18 10:20:21,9439,30,0
2024-07-18 10:20:21,4077426,34,0
2024-07-18 10:20:22,2545,30,0
2024-07-18 10:20:22,2122466,34,0
2024-07-18 10:20:23,1493,25,0
2024-07-18 10:20:23,794817,34,0
2024-07-18 10:20:40,160,24,0
2024-07-18 10:20:40,622,30,0
2024-07-18 10:20:40,40,19,0
2024-07-18 10:20:40,78,18,0
2024-07-18 10:20:40,200,43,0
2024-07-18 10:20:40,740,43,0
2024-07-18 10:20:40,40,80,1
2024-07-18 10:20:40,759,80,1
2024-07-18 10:20:49,7284,30,0
2024-07-18 10:20:49,2686860,34,0
2024-07-18 10:20:50,1982,34,0
2024-07-18 10:20:50,1465936,34,0
2024-07-18 10:20:51,9509,30,0
2024-07-18 10:20:51,1278,34,0
2024-07-18 10:20:51,4270405,34,0
2024-07-18 10:20:52,2989,30,0
2024-07-18 10:20:52,2192316,34,0
2024-07-18 10:20:53,5834,31,0
2024-07-18 10:20:53,4144479,34,0
2024-07-18 10:20:54,7800,30,0
2024-07-18 10:20:54,2612536,34,0
2024-07-18 10:20:55,3739,31,0
2024-07-18 10:20:55,2192224,34,0
2024-07-18 10:20:56,4380,33,0
2024-07-18 10:20:56,2556,34,0
2024-07-18 10:20:56,2773783,34,0
2024-07-18 10:20:57,3901,30,0
2024-07-18 10:20:57,1278,34,0
2024-07-18 10:20:57,2766362,34,0
2024-07-18 10:21:10,3552,27,0
2024-07-18 10:21:10,4561,33,0
2024-07-18 10:21:10,167,40,0
2024-07-18 10:21:10,222524,34,0
2024-07-18 10:21:11,439,23,0
2024-07-18 10:21:11,5871,29,0
2024-07-18 10:21:11,5279,40,0
2024-07-18 10:21:11,3386555,34,0
2024-07-18 10:21:12,3864,29,0
2024-07-18 10:21:12,2676365,34,0
2024-07-18 10:21:13,6099,31,0
2024-07-18 10:21:13,3885146,34,0
2024-07-18 10:21:14,7786,30,0
2024-07-18 10:21:14,2392391,34,0
2024-07-18 10:21:15,2917,33,0
2024-07-18 10:21:15,2379358,34,0
2024-07-18 10:21:16,8088,32,0
2024-07-18 10:21:16,2556,34,0
2024-07-18 10:21:16,3028242,34,0
2024-07-18 10:21:17,5155,31,0
2024-07-18 10:21:17,1278,34,0
2024-07-18 10:21:17,3337690,34,0
2024-07-18 10:21:18,1817,31,0
2024-07-18 10:21:18,1278,34,0
2024-07-18 10:21:18,1218687,34,0
2024-07-18 10:21:19,5179,33,0
2024-07-18 10:21:19,1174519,34,0
2024-07-18 10:21:20,6224,32,0
2024-07-18 10:21:20,4107740,34,0
2024-07-18 10:21:21,3200,30,0
2024-07-18 10:21:21,2466875,34,0
2024-07-18 10:21:22,5363,30,0
2024-07-18 10:21:22,1278,34,0
2024-07-18 10:21:22,3018747,34,0
2024-07-18 10:21:23,1264,27,0
2024-07-18 10:21:23,619294,34,0
2024-07-18 10:21:40,40,43,0
2024-07-18 10:21:40,40,80,1
2024-07-18 10:21:45,220,32,0
2024-07-18 10:21:45,2546,33,0
2024-07-18 10:21:45,180,19,0
2024-07-18 10:21:45,1173,24,0
2024-07-18 10:21:45,408,43,0
2024-07-18 10:21:45,2347,43,0
2024-07-18 10:21:45,168,80,1
2024-07-18 10:21:45,976,80,1
2024-07-18 10:21:46,40,56,1
2024-07-18 10:21:46,79,35,0
2024-07-18 10:21:46,40,43,0
2024-07-18 10:21:46,494,43,0
2024-07-18 10:21:50,5086,31,0
2024-07-18 10:21:50,925236,34,0
2024-07-18 10:21:51,4797,30,0
2024-07-18 10:21:51,1278,34,0
2024-07-18 10:21:51,3302464,34,0
2024-07-18 10:21:52,4133,25,0
2024-07-18 10:21:52,3271969,34,0
2024-07-18 10:21:53,3869,29,0
2024-07-18 10:21:53,2190132,34,0
2024-07-18 10:21:54,8151,28,0
2024-07-18 10:21:54,2378360,34,0
2024-07-18 10:21:55,5032,29,0
2024-07-18 10:21:55,3254751,34,0
2024-07-18 10:21:56,4492,29,0
2024-07-18 10:21:56,3253163,34,0
2024-07-18 10:21:57,4456,29,0
2024-07-18 10:21:57,2556,34,0
2024-07-18 10:21:57,2755776,34,0
2024-07-18 10:21:58,6245,27,0
2024-07-18 10:21:58,2215818,34,0
2024-07-18 10:21:59,6072,31,0
2024-07-18 10:21:59,2556,34,0
2024-07-18 10:21:59,4051599,34,0
2024-07-18 10:22:00,4127,31,0
2024-07-18 10:22:00,2212630,34,0
2024-07-18 10:22:01,8702,30,0
2024-07-18 10:22:01,1278,34,0
2024-07-18 10:22:01,4118164,34,0
2024-07-18 10:22:02,3695,29,0
2024-07-18 10:22:02,216,34,0
2024-07-18 10:22:02,2628997,34,0
2024-07-18 10:22:03,2301,27,0
2024-07-18 10:22:03,2191150,34,0
2024-07-18 10:22:04,514,26,0
2024-07-18 10:22:04,3217,28,0
2024-07-18 10:22:04,2556,34,0
2024-07-18 10:22:04,2355392,34,0
2024-07-18 10:22:05,502,27,0
2024-07-18 10:22:05,5821,31,0
2024-07-18 10:22:05,303,20,0
2024-07-18 10:22:05,384,24,0
2024-07-18 10:22:05,302,33,0
2024-07-18 10:22:05,3506,43,0
2024-07-18 10:22:05,3290154,34,0
2024-07-18 10:22:05,167,17,0
2024-07-18 10:22:05,167,16,0
2024-07-18 10:22:05,167,15,0
2024-07-18 10:22:11,2251,28,0
2024-07-18 10:22:11,2891,40,0
2024-07-18 10:22:12,7970,28,0
2024-07-18 10:22:12,3257407,34,0
2024-07-18 10:22:13,2108,31,0
2024-07-18 10:22:13,1278,34,0
2024-07-18 10:22:13,2189665,34,0
2024-07-18 10:22:14,4221,31,0
2024-07-18 10:22:14,1278,34,0
2024-07-18 10:22:14,3023010,34,0
2024-07-18 10:22:15,2486,27,0
2024-07-18 10:22:15,1759394,34,0
2024-07-18 10:22:16,614,21,0
2024-07-18 10:22:16,552042,34,0
2024-07-18 10:22:40,5812,30,0
2024-07-18 10:22:40,1278,34,0
2024-07-18 10:22:40,1476970,34,0
2024-07-18 10:22:41,5374,32,0
2024-07-18 10:22:41,1278,34,0
2024-07-18 10:22:41,3494007,34,0
2024-07-18 10:22:42,5167,29,0
2024-07-18 10:22:42,3077767,34,0
2024-07-18 10:22:43,4895,31,0
2024-07-18 10:22:43,2641091,34,0
2024-07-18 10:22:44,9389,30,0
2024-07-18 10:22:44,1278,34,0
2024-07-18 10:22:44,4107127,34,0
2024-07-18 10:22:45,2032,33,0
2024-07-18 10:22:45,1278,34,0
2024-07-18 10:22:45,2202458,34,0
2024-07-18 10:22:46,3026,30,0
2024-07-18 10:22:46,40,43,0
2024-07-18 10:22:46,40,80,1
2024-07-18 10:22:46,2450307,34,0
2024-07-18 10:22:47,8561,31,0
2024-07-18 10:22:47,3861523,34,0
2024-07-18 10:22:48,3267,27,0
2024-07-18 10:22:48,1667707,34,0
2024-07-18 10:22:49,5179,34,0
2024-07-18 10:22:49,1188003,34,0
2024-07-18 10:22:50,5039,30,0
2024-07-18 10:22:50,1278,34,0
2024-07-18 10:22:50,3644718,34,0
2024-07-18 10:22:51,260,47,1
2024-07-18 10:22:51,2625,38,0
2024-07-18 10:22:51,180,26,0
2024-07-18 10:22:51,1137,30,0
2024-07-18 10:22:51,3486,29,0
2024-07-18 10:22:51,448,43,0
2024-07-18 10:22:51,2436,43,0
2024-07-18 10:22:51,168,80,1
2024-07-18 10:22:51,976,80,1
2024-07-18 10:22:51,2556,34,0
2024-07-18 10:22:51,2925823,34,0
2024-07-18 10:22:52,4956,31,0
2024-07-18 10:22:52,1278,34,0
2024-07-18 10:22:52,3300210,34,0
2024-07-18 10:22:53,1272,36,0
2024-07-18 10:22:53,1294905,34,0
2024-07-18 10:22:54,201,23,0
2024-07-18 10:22:54,15725,34,0
2024-07-18 10:23:07,4625,29,0
2024-07-18 10:23:07,6640,31,0
2024-07-18 10:23:07,56940,31,0
2024-07-18 10:23:07,1833416,34,0
2024-07-18 10:23:08,3429,31,0
2024-07-18 10:23:08,2833790,34,0
2024-07-18 10:23:09,5314,31,0
2024-07-18 10:23:09,1278,34,0
2024-07-18 10:23:09,4034542,34,0
2024-07-18 10:23:10,4945,27,0
2024-07-18 10:23:10,2225573,34,0
2024-07-18 10:23:11,8910,30,0
2024-07-18 10:23:11,1278,34,0
2024-07-18 10:23:11,2599120,34,0
2024-07-18 10:23:12,2251,24,0
2024-07-18 10:23:12,6826,33,0
2024-07-18 10:23:12,2684,40,0
2024-07-18 10:23:12,1278,34,0
2024-07-18 10:23:12,4129451,34,0
2024-07-18 10:23:13,2708,26,0
2024-07-18 10:23:13,1278,34,0
2024-07-18 10:23:13,2225187,34,0
2024-07-18 10:23:14,4034,28,0
2024-07-18 10:23:14,1278,34,0
2024-07-18 10:23:14,2468840,34,0
2024-07-18 10:23:41,6142,30,0
2024-07-18 10:23:41,460941,34,0
2024-07-18 10:23:42,6153,31,0
2024-07-18 10:23:42,4020301,34,0
2024-07-18 10:23:43,5063,30,0
2024-07-18 10:23:43,3715167,34,0
2024-07-18 10:23:44,7928,30,0
2024-07-18 10:23:44,1278,34,0
2024-07-18 10:23:44,3036775,34,0
2024-07-18 10:23:45,3456,33,0
2024-07-18 10:23:45,1278,34,0
2024-07-18 10:23:45,2127509,34,0
2024-07-18 10:23:46,3607,30,0
2024-07-18 10:23:46,2775086,34,0
2024-07-18 10:23:47,6122,30,0
2024-07-18 10:23:47,2556,34,0
2024-07-18 10:23:47,3460853,34,0
2024-07-18 10:23:48,7275,32,0
2024-07-18 10:23:48,1278,34,0
2024-07-18 10:23:48,2773655,34,0
2024-07-18 10:23:49,2838,31,0
2024-07-18 10:23:49,2140937,34,0
2024-07-18 10:23:50,4019,29,0
2024-07-18 10:23:50,2556,34,0
2024-07-18 10:23:50,2704774,34,0
2024-07-18 10:23:51,10242,32,0
2024-07-18 10:23:51,40,43,0
2024-07-18 10:23:51,40,80,1
2024-07-18 10:23:51,4094008,34,0
2024-07-18 10:23:52,260,31,0
2024-07-18 10:23:52,2482,29,0
2024-07-18 10:23:52,220,33,0
2024-07-18 10:23:52,1131,28,0
2024-07-18 10:23:52,3921,33,0
2024-07-18 10:23:52,408,43,0
2024-07-18 10:23:52,2254,43,0
2024-07-18 10:23:52,168,80,1
2024-07-18 10:23:52,1016,80,1
2024-07-18 10:23:52,1278,34,0
2024-07-18 10:23:52,2264612,34,0
2024-07-18 10:23:53,79,18,0
2024-07-18 10:23:53,3339,32,0
2024-07-18 10:23:53,40,43,0
2024-07-18 10:23:53,574,43,0
2024-07-18 10:23:53,2471345,34,0
2024-07-18 10:23:54,5020,30,0
2024-07-18 10:23:54,1278,34,0
2024-07-18 10:23:54,4012167,34,0
2024-07-18 10:23:55,634,31,0
2024-07-18 10:23:55,1278,34,0
2024-07-18 10:23:55,414539,34,0
2024-07-18 10:23:57,893,26,0
2024-07-18 10:23:57,381,27,0
2024-07-18 10:23:57,372,40,0
2024-07-18 10:23:57,308,30,0
2024-07-18 10:23:57,2712,43,0
2024-07-18 10:23:57,167,17,0
2024-07-18 10:23:57,167,16,0
2024-07-18 10:23:57,167,15,0
2024-07-18 10:24:13,2162,31,0
2024-07-18 10:24:13,3432,26,0
2024-07-18 10:24:13,2608,40,0
2024-07-18 10:24:14,6512,28,0
2024-07-18 10:24:14,1278,34,0
2024-07-18 10:24:14,4154431,34,0
2024-07-18 10:24:15,1903,31,0
2024-07-18 10:24:15,2192388,34,0
2024-07-18 10:24:16,7748,29,0
2024-07-18 10:24:16,1278,34,0
2024-07-18 10:24:16,4083679,34,0
2024-07-18 10:24:17,7446,29,0
2024-07-18 10:24:17,1278,34,0
2024-07-18 10:24:17,2596589,34,0
2024-07-18 10:24:18,3716,30,0
2024-07-18 10:24:18,2237840,34,0
2024-07-18 10:24:19,6906,29,0
2024-07-18 10:24:19,3369965,34,0
2024-07-18 10:24:20,8151,31,0
2024-07-18 10:24:20,2410560,34,0
2024-07-18 10:24:21,3748,28,0
2024-07-18 10:24:21,2556,34,0
2024-07-18 10:24:21,2586096,34,0
2024-07-18 10:24:31,5312,28,0
2024-07-18 10:24:31,2898,34,0
2024-07-18 10:24:32,9270,27,0
2024-07-18 10:24:32,2951794,34,0
2024-07-18 10:24:33,4147,32,0
2024-07-18 10:24:33,2191472,34,0
2024-07-18 10:24:34,3798,28,0
2024-07-18 10:24:34,1278,34,0
2024-07-18 10:24:34,2382852,34,0
2024-07-18 10:24:52,40,43,0
2024-07-18 10:24:52,40,80,1
2024-07-18 10:24:53,220,23,0
2024-07-18 10:24:53,1130,28,0
2024-07-18 10:24:53,300,30,0
2024-07-18 10:24:53,2593,30,0
2024-07-18 10:24:53,168,39,0
2024-07-18 10:24:53,1016,39,0
2024-07-18 10:24:53,448,43,0
2024-07-18 10:24:53,2797,43,0
2024-07-18 10:25:01,3878,38,0
2024-07-18 10:25:01,220707,34,0
2024-07-18 10:25:02,6546,28,0
2024-07-18 10:25:02,4177091,34,0
2024-07-18 10:25:03,3210,28,0
2024-07-18 10:25:03,2556,34,0
2024-07-18 10:25:03,2189851,34,0
2024-07-18 10:25:04,3688,30,0
2024-07-18 10:25:04,1278,34,0
2024-07-18 10:25:04,2420440,34,0
2024-07-18 10:25:05,8694,31,0
2024-07-18 10:25:05,2556,34,0
2024-07-18 10:25:05,3387359,34,0
2024-07-18 10:25:06,4635,31,0
2024-07-18 10:25:06,3151781,34,0
2024-07-18 10:25:07,5529,27,0
2024-07-18 10:25:07,2604289,34,0
2024-07-18 10:25:08,9579,30,0
2024-07-18 10:25:08,4148863,34,0
2024-07-18 10:25:09,3534,34,0
2024-07-18 10:25:09,2191650,34,0
2024-07-18 10:25:10,4149,30,0
2024-07-18 10:25:10,3434710,34,0
2024-07-18 10:25:11,100,56,1
2024-07-18 10:25:11,298,31,0
2024-07-18 10:25:11,6310,28,0
2024-07-18 10:25:11,88,47,1
2024-07-18 10:25:11,2044785,34,0
2024-07-18 10:25:12,320,38,0
2024-07-18 10:25:12,1605,37,0
2024-07-18 10:25:12,4353,29,0
2024-07-18 10:25:12,400,47,1
2024-07-18 10:25:12,49557,47,1
2024-07-18 10:25:12,3462560,34,0
2024-07-18 10:25:13,280,29,0
2024-07-18 10:25:13,1105,32,0
2024-07-18 10:25:13,2797,27,0
2024-07-18 10:25:13,360,47,1
2024-07-18 10:25:13,25055,47,1
2024-07-18 10:25:13,1278,34,0
2024-07-18 10:25:13,2190937,34,0
2024-07-18 10:25:14,2091,30,0
2024-07-18 10:25:14,2137,31,0
2024-07-18 10:25:14,2805,40,0
2024-07-18 10:25:14,1278,34,0
2024-07-18 10:25:14,1670188,34,0
2024-07-18 10:25:42,6147,27,0
2024-07-18 10:25:42,1128962,34,0
2024-07-18 10:25:43,4923,31,0
2024-07-18 10:25:43,3947499,34,0
2024-07-18 10:25:44,2814,29,0
2024-07-18 10:25:44,2122357,34,0
2024-07-18 10:25:45,7064,26,0
2024-07-18 10:25:45,1278,34,0
2024-07-18 10:25:45,2786150,34,0
2024-07-18 10:25:46,5598,30,0
2024-07-18 10:25:46,4028686,34,0
2024-07-18 10:25:47,6510,28,0
2024-07-18 10:25:47,1278,34,0
2024-07-18 10:25:47,2363446,34,0
2024-07-18 10:25:48,2349,30,0
2024-07-18 10:25:48,1278,34,0
2024-07-18 10:25:48,2155669,34,0
2024-07-18 10:25:49,9367,29,0
2024-07-18 10:25:49,1278,34,0
2024-07-18 10:25:49,2956765,34,0
2024-07-18 10:25:50,5537,29,0
2024-07-18 10:25:50,1278,34,0
2024-07-18 10:25:50,3821375,34,0
2024-07-18 10:25:51,2814,28,0
2024-07-18 10:25:51,2158353,34,0
2024-07-18 10:25:52,783,31,0
2024-07-18 10:25:52,1717,31,0
2024-07-18 10:25:52,381,26,0
2024-07-18 10:25:52,309,24,0
2024-07-18 10:25:52,299,15,0
2024-07-18 10:25:52,2509,43,0
2024-07-18 10:25:52,1044249,34,0
2024-07-18 10:25:52,167,17,0
2024-07-18 10:25:52,167,16,0
2024-07-18 10:25:52,167,15,0
2024-07-18 10:25:53,40,39,0
2024-07-18 10:25:53,40,43,0
2024-07-18 10:25:58,140,30,0
2024-07-18 10:25:58,1132,31,0
2024-07-18 10:25:58,168,39,0
2024-07-18 10:25:58,818,39,0
2024-07-18 10:25:59,40,46,1
2024-07-18 10:25:59,340,39,0
2024-07-18 10:25:59,2625,28,0
2024-07-18 10:25:59,158,39,0
2024-07-18 10:25:59,448,33,0
2024-07-18 10:25:59,3026,26,0
2024-07-18 10:26:15,2091,25,0
2024-07-18 10:26:15,3502,38,0
2024-07-18 10:26:15,2819,40,0
2024-07-18 10:26:15,2718,34,0
2024-07-18 10:26:16,6532,29,0
2024-07-18 10:26:16,216,34,0
2024-07-18 10:26:16,1278,34,0
2024-07-18 10:26:16,3524660,34,0
2024-07-18 10:26:17,2674,29,0
2024-07-18 10:26:17,1278,34,0
2024-07-18 10:26:17,2225228,34,0
2024-07-18 10:26:18,6944,31,0
2024-07-18 10:26:18,1278,34,0
2024-07-18 10:26:18,3068031,34,0
2024-07-18 10:26:19,5254,33,0
2024-07-18 10:26:19,1278,34,0
2024-07-18 10:26:19,3722278,34,0
2024-07-18 10:26:20,3640,30,0
2024-07-18 10:26:20,2192273,34,0
2024-07-18 10:26:21,5344,31,0
2024-07-18 10:26:21,3815648,34,0
2024-07-18 10:26:22,8145,27,0
2024-07-18 10:26:22,1278,34,0
2024-07-18 10:26:22,2960123,34,0
2024-07-18 10:26:23,3284,27,0
2024-07-18 10:26:23,216,34,0
2024-07-18 10:26:23,2192129,34,0
2024-07-18 10:26:24,7248,30,0
2024-07-18 10:26:24,4384642,34,0
2024-07-18 10:26:25,3977,36,0
2024-07-18 10:26:25,2140831,34,0
2024-07-18 10:26:26,2997,29,0
2024-07-18 10:26:26,1278,34,0
2024-07-18 10:26:26,2234394,34,0
2024-07-18 10:26:52,6286,32,0
2024-07-18 10:26:52,190929,34,0
2024-07-18 10:26:53,4580,26,0
2024-07-18 10:26:53,2556,34,0
2024-07-18 10:26:53,2172431,34,0
2024-07-18 10:26:54,7573,31,0
2024-07-18 10:26:54,3834,34,0
2024-07-18 10:26:54,4389206,34,0
2024-07-18 10:26:55,3611,28,0
2024-07-18 10:26:55,1278,34,0
2024-07-18 10:26:55,2199281,34,0
2024-07-18 10:26:56,7834,29,0
2024-07-18 10:26:56,2487845,34,0
2024-07-18 10:26:57,3863,32,0
2024-07-18 10:26:57,1278,34,0
2024-07-18 10:26:57,2524082,34,0
2024-07-18 10:26:58,6905,30,0
2024-07-18 10:26:58,1278,34,0
2024-07-18 10:26:58,3930974,34,0
2024-07-18 10:26:59,3501,29,0
2024-07-18 10:26:59,40,39,0
2024-07-18 10:26:59,40,32,0
2024-07-18 10:26:59,2192044,34,0
2024-07-18 10:27:00,8621,29,0
2024-07-18 10:27:00,4055816,34,0
2024-07-18 10:27:01,5323,31,0
2024-07-18 10:27:01,5241,31,0
2024-07-18 10:27:01,2885,40,0
2024-07-18 10:27:01,2645355,34,0
2024-07-18 10:27:02,7065,28,0
2024-07-18 10:27:02,1278,34,0
2024-07-18 10:27:02,2416488,34,0
2024-07-18 10:27:03,5578,33,0
2024-07-18 10:27:03,1278,34,0
2024-07-18 10:27:03,3400300,34,0
2024-07-18 10:27:04,5238,30,0
2024-07-18 10:27:04,1278,34,0
2024-07-18 10:27:04,3156789,34,0
2024-07-18 10:27:05,180,16,0
2024-07-18 10:27:05,1136,48,1
2024-07-18 10:27:05,260,25,0
2024-07-18 10:27:05,2561,29,0
2024-07-18 10:27:05,1975,31,0
2024-07-18 10:27:05,168,40,0
2024-07-18 10:27:05,976,40,0
2024-07-18 10:27:05,408,38,0
2024-07-18 10:27:05,2513,29,0
2024-07-18 10:27:05,1771745,34,0
2024-07-18 10:27:16,2091,31,0
2024-07-18 10:27:16,2652,40,0
2024-07-18 10:27:17,4376,31,0
2024-07-18 10:27:17,6487,28,0
2024-07-18 10:27:17,51714,26,0
2024-07-18 10:27:17,2803716,34,0
2024-07-18 10:27:18,4372,31,0
2024-07-18 10:27:18,2192313,34,0
2024-07-18 10:27:19,5387,28,0
2024-07-18 10:27:19,3164141,34,0
2024-07-18 10:27:20,8417,32,0
2024-07-18 10:27:20,2410303,34,0
2024-07-18 10:27:21,6329,31,0
2024-07-18 10:27:21,5112,34,0
2024-07-18 10:27:21,3361866,34,0
2024-07-18 10:27:22,6640,30,0
2024-07-18 10:27:22,1278,34,0
2024-07-18 10:27:22,2886288,34,0
2024-07-18 10:27:23,4061,31,0
2024-07-18 10:27:23,2399652,34,0
2024-07-18 10:27:51,8359,30,0
2024-07-18 10:27:51,1462190,34,0
2024-07-18 10:27:52,2536,25,0
2024-07-18 10:27:52,4608,32,0
2024-07-18 10:27:52,2559,30,0
2024-07-18 10:27:52,2473,27,0
2024-07-18 10:27:52,2491,29,0
2024-07-18 10:27:52,5185,43,0
2024-07-18 10:27:52,2191584,34,0
2024-07-18 10:27:52,5998,17,0
2024-07-18 10:27:52,6009,16,0
2024-07-18 10:27:52,5999,15,0
2024-07-18 10:27:53,6868,28,0
2024-07-18 10:27:53,3917151,34,0
2024-07-18 10:27:54,4198,29,0
2024-07-18 10:27:54,2556,34,0
2024-07-18 10:27:54,2654726,34,0
2024-07-18 10:27:55,6818,32,0
2024-07-18 10:27:55,2306988,34,0
2024-07-18 10:27:56,4717,28,0
2024-07-18 10:27:56,1278,34,0
2024-07-18 10:27:56,3621618,34,0
2024-07-18 10:27:57,4907,30,0
2024-07-18 10:27:57,1278,34,0
2024-07-18 10:27:57,3006710,34,0
2024-07-18 10:27:58,2744,27,0
2024-07-18 10:27:58,1278,34,0
2024-07-18 10:27:58,2404933,34,0
2024-07-18 10:27:59,9640,30,0
2024-07-18 10:27:59,1278,34,0
2024-07-18 10:27:59,3424010,34,0
2024-07-18 10:28:00,4458,31,0
2024-07-18 10:28:00,2556,34,0
2024-07-18 10:28:00,3071141,34,0
2024-07-18 10:28:01,7178,29,0
2024-07-18 10:28:01,2845966,34,0
2024-07-18 10:28:02,8912,28,0
2024-07-18 10:28:02,3939425,34,0
2024-07-18 10:28:03,2674,32,0
2024-07-18 10:28:03,2192261,34,0
2024-07-18 10:28:04,4331,29,0
2024-07-18 10:28:04,2868349,34,0
2024-07-18 10:28:05,4106,34,0
2024-07-18 10:28:05,40,40,0
2024-07-18 10:28:05,40,28,0
2024-07-18 10:28:05,1278,34,0
2024-07-18 10:28:05,2458188,34,0
2024-07-18 10:28:07,140,26,0
2024-07-18 10:28:07,1136,26,0
2024-07-18 10:28:07,168,40,0
2024-07-18 10:28:07,243,40,0
2024-07-18 10:28:08,40,18,0
2024-07-18 10:28:08,220,34,0
2024-07-18 10:28:08,2625,24,0
2024-07-18 10:28:08,733,40,0
2024-07-18 10:28:08,448,34,0
2024-07-18 10:28:08,2700,34,0
2024-07-18 10:28:17,2091,29,0
2024-07-18 10:28:17,3944,32,0
2024-07-18 10:28:17,2863,40,0
2024-07-18 10:28:17,292045,34,0
2024-07-18 10:28:18,7203,29,0
2024-07-18 10:28:18,1278,34,0
2024-07-18 10:28:18,3269467,34,0
2024-07-18 10:28:19,5613,29,0
2024-07-18 10:28:19,2824535,34,0
2024-07-18 10:28:20,4642,33,0
2024-07-18 10:28:20,2873808,34,0
2024-07-18 10:28:21,6679,30,0
2024-07-18 10:28:21,2461738,34,0
2024-07-18 10:28:22,4607,30,0
2024-07-18 10:28:22,3029110,34,0
2024-07-18 10:28:23,3453,28,0
2024-07-18 10:28:23,1278,34,0
2024-07-18 10:28:23,2343497,34,0
2024-07-18 10:28:24,4459,30,0
2024-07-18 10:28:24,2674848,34,0
2024-07-18 10:28:51,8253,28,0
2024-07-18 10:28:51,1762237,34,0
2024-07-18 10:28:52,6688,28,0
2024-07-18 10:28:52,2556,34,0
2024-07-18 10:28:52,4347058,34,0
2024-07-18 10:28:53,3385,29,0
2024-07-18 10:28:53,2173866,34,0
2024-07-18 10:28:54,6764,36,0
2024-07-18 10:28:54,2418220,34,0
2024-07-18 10:28:55,9794,28,0
2024-07-18 10:28:55,3009823,34,0
2024-07-18 10:28:56,5821,31,0
2024-07-18 10:28:56,1278,34,0
2024-07-18 10:28:56,3757348,34,0
2024-07-18 10:28:57,6424,29,0
2024-07-18 10:28:57,1278,34,0
2024-07-18 10:28:57,3381488,34,0
2024-07-18 10:28:58,563,26,0
2024-07-18 10:28:58,318421,34,0
2024-07-18 10:28:59,6319,32,0
2024-07-18 10:28:59,2556,34,0
2024-07-18 10:28:59,1580125,34,0
2024-07-18 10:29:00,4585,29,0
2024-07-18 10:29:00,3667848,34,0
2024-07-18 10:29:01,3409,29,0
2024-07-18 10:29:01,2192284,34,0
2024-07-18 10:29:02,3807,32,0
2024-07-18 10:29:02,1278,34,0
2024-07-18 10:29:02,2087674,34,0
2024-07-18 10:29:11,40,40,0
2024-07-18 10:29:11,40,35,0
2024-07-18 10:29:16,180,28,0
2024-07-18 10:29:16,1131,27,0
2024-07-18 10:29:16,260,33,0
2024-07-18 10:29:16,2561,27,0
2024-07-18 10:29:16,168,39,0
2024-07-18 10:29:16,976,39,0
2024-07-18 10:29:16,448,26,0
2024-07-18 10:29:16,2642,36,0
2024-07-18 10:29:18,2091,24,0
2024-07-18 10:29:18,2695,40,0
2024-07-18 10:29:19,7348,30,0
2024-07-18 10:29:19,2556,34,0
2024-07-18 10:29:19,2412754,34,0
2024-07-18 10:29:20,3958,31,0
2024-07-18 10:29:20,2556,34,0
2024-07-18 10:29:20,2222811,34,0
2024-07-18 10:29:21,8547,28,0
2024-07-18 10:29:21,2386291,34,0
2024-07-18 10:29:22,3164,30,0
2024-07-18 10:29:22,1278,34,0
2024-07-18 10:29:22,2173927,34,0
2024-07-18 10:29:23,2787,30,0
2024-07-18 10:29:23,2413870,34,0
2024-07-18 10:29:24,2639,33,0
2024-07-18 10:29:24,1359263,34,0
2024-07-18 10:29:31,6581,29,0
2024-07-18 10:29:31,4837,29,0
2024-07-18 10:29:31,2897,40,0
2024-07-18 10:29:31,800124,34,0
2024-07-18 10:29:32,3189,29,0
2024-07-18 10:29:32,2556,34,0
2024-07-18 10:29:32,2120243,34,0
2024-07-18 10:29:33,5139,30,0
2024-07-18 10:29:33,4449953,34,0
2024-07-18 10:29:34,3975,32,0
2024-07-18 10:29:34,2158042,34,0
2024-07-18 10:29:35,3095,31,0
2024-07-18 10:29:35,2093354,34,0
2024-07-18 10:29:58,2588,24,0
2024-07-18 10:29:58,2360,29,0
2024-07-18 10:29:58,4138,32,0
2024-07-18 10:29:58,3822,29,0
2024-07-18 10:29:58,3690,34,0
2024-07-18 10:29:58,2471,32,0
2024-07-18 10:29:58,5213,28,0
2024-07-18 10:29:58,59227,40,0
2024-07-18 10:29:58,275488,34,0
2024-07-18 10:29:58,6014,17,0
2024-07-18 10:29:58,5998,16,0
2024-07-18 10:29:58,6005,15,0
2024-07-18 10:29:59,140,41,0
2024-07-18 10:29:59,5042,16,0
2024-07-18 10:29:59,180,32,0
2024-07-18 10:29:59,2484,36,0
2024-07-18 10:29:59,180,22,0
2024-07-18 10:29:59,1610,26,0
2024-07-18 10:29:59,2862,34,0
2024-07-18 10:29:59,168,24,0
2024-07-18 10:29:59,4542,31,0
2024-07-18 10:29:59,168,20,0
2024-07-18 10:29:59,5858,47,1
2024-07-18 10:29:59,168,27,0
2024-07-18 10:29:59,5729,27,0
2024-07-18 10:29:59,2246745,34,0
2024-07-18 10:30:00,40,32,0
2024-07-18 10:30:00,180,41,0
2024-07-18 10:30:00,955,30,0
2024-07-18 10:30:00,5607,32,0
2024-07-18 10:30:00,1370,32,0
2024-07-18 10:30:00,168,28,0
2024-07-18 10:30:00,4988,28,0
2024-07-18 10:30:00,4352599,34,0
2024-07-18 10:30:01,2680,29,0
2024-07-18 10:30:01,2209180,34,0
2024-07-18 10:30:02,5674,32,0
2024-07-18 10:30:02,2264126,34,0
2024-07-18 10:30:03,9355,29,0
2024-07-18 10:30:03,1278,34,0
2024-07-18 10:30:03,2972039,34,0
2024-07-18 10:30:04,4744,29,0
2024-07-18 10:30:04,1278,34,0
2024-07-18 10:30:04,2699582,34,0
2024-07-18 10:30:05,5033,29,0
2024-07-18 10:30:05,3201987,34,0
2024-07-18 10:30:06,4834,30,0
2024-07-18 10:30:06,4168365,34,0
2024-07-18 10:30:07,5787,28,0
2024-07-18 10:30:07,813286,34,0
2024-07-18 10:30:08,9950,30,0
2024-07-18 10:30:08,3969262,34,0
2024-07-18 10:30:09,2987,27,0
2024-07-18 10:30:09,1278,34,0
2024-07-18 10:30:09,2189832,34,0
2024-07-18 10:30:10,6170,29,0
2024-07-18 10:30:10,1278,34,0
2024-07-18 10:30:10,4092133,34,0
2024-07-18 10:30:11,8284,33,0
2024-07-18 10:30:11,2654901,34,0
2024-07-18 10:30:12,4401,30,0
2024-07-18 10:30:12,2192173,34,0
2024-07-18 10:30:13,4445,30,0
2024-07-18 10:30:13,3377092,34,0
2024-07-18 10:30:14,4627,32,0
2024-07-18 10:30:14,3145853,34,0
2024-07-18 10:30:15,3279,28,0
2024-07-18 10:30:15,1278,34,0
2024-07-18 10:30:15,2190926,34,0
2024-07-18 10:30:16,1250,29,0
2024-07-18 10:30:16,717944,34,0
2024-07-18 10:30:17,40,39,0
2024-07-18 10:30:17,40,32,0
2024-07-18 10:30:19,3177,23,0
2024-07-18 10:30:19,4214,31,0
2024-07-18 10:30:19,2853,40,0
2024-07-18 10:30:20,180,19,0
2024-07-18 10:30:20,1986,36,0
2024-07-18 10:30:20,58,16,0
2024-07-18 10:30:20,220,22,0
2024-07-18 10:30:20,1131,24,0
2024-07-18 10:30:20,5599,31,0
2024-07-18 10:30:20,288,23,0
2024-07-18 10:30:20,1509,22,0
2024-07-18 10:30:20,109,40,0
2024-07-18 10:30:20,168,118,1
2024-07-18 10:30:20,1016,118,1
2024-07-18 10:30:20,2556,34,0
2024-07-18 10:30:20,3872573,34,0
2024-07-18 10:30:21,80,30,0
2024-07-18 10:30:21,575,21,0
2024-07-18 10:30:21,4320,29,0
2024-07-18 10:30:21,160,23,0
2024-07-18 10:30:21,1431,36,0
2024-07-18 10:30:21,2694255,34,0
2024-07-18 10:30:22,7811,31,0
2024-07-18 10:30:22,3895795,34,0
2024-07-18 10:30:23,1420,30,0
2024-07-18 10:30:23,1278,34,0
2024-07-18 10:30:23,787373,34,0
2024-07-18 10:30:42,4434,35,0
2024-07-18 10:30:42,2781,25,0
2024-07-18 10:30:44,130,40,0
2024-07-18 10:30:44,416,33,0
2024-07-18 10:30:50,5963,29,0
2024-07-18 10:30:50,1575330,34,0
2024-07-18 10:30:51,5060,30,0
2024-07-18 10:30:51,3607609,34,0
2024-07-18 10:30:52,3999,32,0
2024-07-18 10:30:52,1278,34,0
2024-07-18 10:30:52,2966653,34,0
2024-07-18 10:30:53,3138,29,0
2024-07-18 10:30:53,2190149,34,0
2024-07-18 10:30:54,6596,27,0
2024-07-18 10:30:54,2356624,34,0
2024-07-18 10:30:55,5033,30,0
2024-07-18 10:30:55,3908935,34,0
2024-07-18 10:30:56,3909,33,0
2024-07-18 10:30:56,2145041,34,0
2024-07-18 10:30:57,7740,30,0
2024-07-18 10:30:57,1278,34,0
2024-07-18 10:30:57,2880593,34,0
2024-07-18 10:30:58,2744,29,0
2024-07-18 10:30:58,2556,34,0
2024-07-18 10:30:58,2189600,34,0
2024-07-18 10:30:59,4857,32,0
2024-07-18 10:30:59,4043294,34,0
2024-07-18 10:31:00,7657,28,0
2024-07-18 10:31:00,2698966,34,0
2024-07-18 10:31:01,2911,32,0
2024-07-18 10:31:01,2123019,34,0
2024-07-18 10:31:02,5144,29,0
2024-07-18 10:31:02,1278,34,0
2024-07-18 10:31:02,3685036,34,0
2024-07-18 10:31:03,892,33,0
2024-07-18 10:31:03,40,18,0
2024-07-18 10:31:03,40,32,0
2024-07-18 10:31:03,40,27,0
2024-07-18 10:31:03,40,16,0
2024-07-18 10:31:03,575095,34,0
2024-07-18 10:31:20,2026,41,0
2024-07-18 10:31:20,114,40,0
2024-07-18 10:31:21,253,29,0
2024-07-18 10:31:21,8008,29,0
2024-07-18 10:31:21,2923,40,0
2024-07-18 10:31:21,2483115,34,0
2024-07-18 10:31:22,3367,28,0
2024-07-18 10:31:22,2208376,34,0
2024-07-18 10:31:23,4353,32,0
2024-07-18 10:31:23,40,17,0
2024-07-18 10:31:23,40,118,1
2024-07-18 10:31:23,1278,34,0
2024-07-18 10:31:23,2941241,34,0
2024-07-18 10:31:24,8606,31,0
2024-07-18 10:31:24,3780052,34,0
2024-07-18 10:31:25,3067,32,0
2024-07-18 10:31:25,1278,34,0
2024-07-18 10:31:25,2258698,34,0
2024-07-18 10:31:26,140,31,0
2024-07-18 10:31:26,1137,29,0
2024-07-18 10:31:26,3012,30,0
2024-07-18 10:31:26,168,118,1
2024-07-18 10:31:26,243,118,1
2024-07-18 10:31:26,2192301,34,0
2024-07-18 10:31:27,180,32,0
2024-07-18 10:31:27,2625,29,0
2024-07-18 10:31:27,3287,33,0
2024-07-18 10:31:27,40,17,0
2024-07-18 10:31:27,1628,26,0
2024-07-18 10:31:27,448,34,0
2024-07-18 10:31:27,2963,21,0
2024-07-18 10:31:27,58812,26,0
2024-07-18 10:31:27,733,118,1
2024-07-18 10:31:27,1077774,34,0
2024-07-18 10:31:51,514,30,0
2024-07-18 10:31:51,8573,33,0
2024-07-18 10:31:51,851,53,1
2024-07-18 10:31:51,1278,34,0
2024-07-18 10:31:51,1277820,34,0
2024-07-18 10:31:52,378,38,0
2024-07-18 10:31:52,6464,31,0
2024-07-18 10:31:52,303,39,0
2024-07-18 10:31:52,303,25,0
2024-07-18 10:31:52,303,26,0
2024-07-18 10:31:52,1765,24,0
2024-07-18 10:31:52,4333385,34,0
2024-07-18 10:31:52,167,17,0
2024-07-18 10:31:52,167,16,0
2024-07-18 10:31:52,167,15,0
2024-07-18 10:31:53,5558,30,0
2024-07-18 10:31:53,2242922,34,0
2024-07-18 10:31:54,7078,31,0
2024-07-18 10:31:54,2556,34,0
2024-07-18 10:31:54,2353905,34,0
2024-07-18 10:31:55,7099,30,0
2024-07-18 10:31:55,2556,34,0
2024-07-18 10:31:55,4381129,34,0
2024-07-18 10:31:56,2750,31,0
2024-07-18 10:31:56,1278,34,0
2024-07-18 10:31:56,2191113,34,0
2024-07-18 10:31:57,5027,29,0
2024-07-18 10:31:57,216,34,0
2024-07-18 10:31:57,2390349,34,0
2024-07-18 10:31:58,8588,30,0
2024-07-18 10:31:58,3319628,34,0
2024-07-18 10:31:59,6379,31,0
2024-07-18 10:31:59,1278,34,0
2024-07-18 10:31:59,3223450,34,0
2024-07-18 10:32:00,9775,34,0
2024-07-18 10:32:00,1278,34,0
2024-07-18 10:32:00,4549389,34,0
2024-07-18 10:32:01,3431,27,0
2024-07-18 10:32:01,1278,34,0
2024-07-18 10:32:01,2190321,34,0
2024-07-18 10:32:02,4886,31,0
2024-07-18 10:32:02,1278,34,0
2024-07-18 10:32:02,2791593,34,0
2024-07-18 10:32:03,6345,31,0
2024-07-18 10:32:03,2556,34,0
2024-07-18 10:32:03,3780401,34,0
2024-07-18 10:32:04,695,35,0
2024-07-18 10:32:04,533630,34,0
2024-07-18 10:32:21,2091,20,0
2024-07-18 10:32:21,4662,34,0
2024-07-18 10:32:21,2591,40,0
2024-07-18 10:32:21,414724,34,0
2024-07-18 10:32:22,62,32,0
2024-07-18 10:32:22,5551,31,0
2024-07-18 10:32:22,3806,40,0
2024-07-18 10:32:22,1278,34,0
2024-07-18 10:32:22,3898142,34,0
2024-07-18 10:32:23,2644,31,0
2024-07-18 10:32:23,2421209,34,0
2024-07-18 10:32:24,9362,28,0
2024-07-18 10:32:24,1278,34,0
2024-07-18 10:32:24,4318420,34,0
2024-07-18 10:32:25,2882,30,0
2024-07-18 10:32:25,2192296,34,0
2024-07-18 10:32:26,3786,28,0
2024-07-18 10:32:26,2192349,34,0
2024-07-18 10:32:27,4826,32,0
2024-07-18 10:32:27,1278,34,0
2024-07-18 10:32:27,2640650,34,0
2024-07-18 10:32:28,6482,30,0
2024-07-18 10:32:28,1278,34,0
2024-07-18 10:32:28,1905484,34,0
2024-07-18 10:32:29,3069,32,0
2024-07-18 10:32:29,40,28,0
2024-07-18 10:32:29,40,118,1
2024-07-18 10:32:29,2424889,34,0
2024-07-18 10:32:30,4150,27,0
2024-07-18 10:32:30,1278,34,0
2024-07-18 10:32:30,2515308,34,0
2024-07-18 10:32:32,220,36,0
2024-07-18 10:32:32,1137,26,0
2024-07-18 10:32:32,260,38,0
2024-07-18 10:32:32,2593,28,0
2024-07-18 10:32:32,168,36,0
2024-07-18 10:32:32,1016,36,0
2024-07-18 10:32:32,448,30,0
2024-07-18 10:32:32,2769,27,0
2024-07-18 10:33:01,6837,40,0
2024-07-18 10:33:01,11724,34,0
2024-07-18 10:33:02,9751,28,0
2024-07-18 10:33:02,6172207,34,0
2024-07-18 10:33:03,2663,32,0
2024-07-18 10:33:03,2191557,34,0
2024-07-18 10:33:04,6406,33,0
2024-07-18 10:33:04,2556,34,0
2024-07-18 10:33:04,2355314,34,0
2024-07-18 10:33:05,5720,31,0
2024-07-18 10:33:05,4382430,34,0
2024-07-18 10:33:06,3724,32,0
2024-07-18 10:33:06,2192181,34,0
2024-07-18 10:33:07,7303,29,0
2024-07-18 10:33:07,2355581,34,0
2024-07-18 10:33:08,4166,28,0
2024-07-18 10:33:08,2556,34,0
2024-07-18 10:33:08,4313416,34,0
2024-07-18 10:33:09,3113,29,0
2024-07-18 10:33:09,2260156,34,0
2024-07-18 10:33:10,8440,30,0
2024-07-18 10:33:10,3366933,34,0
2024-07-18 10:33:11,5393,33,0
2024-07-18 10:33:11,3372399,34,0
2024-07-18 10:33:12,3268,31,0
2024-07-18 10:33:12,2556,34,0
2024-07-18 10:33:12,2188823,34,0
2024-07-18 10:33:13,3839,31,0
2024-07-18 10:33:13,1278,34,0
2024-07-18 10:33:13,3056314,34,0
2024-07-18 10:33:22,2091,38,0
2024-07-18 10:33:22,2791,40,0
2024-07-18 10:33:23,7662,27,0
2024-07-18 10:33:23,1278,34,0
2024-07-18 10:33:23,3668210,34,0
2024-07-18 10:33:24,2868,31,0
2024-07-18 10:33:24,2191346,34,0
2024-07-18 10:33:25,3526,30,0
2024-07-18 10:33:25,1278,34,0
2024-07-18 10:33:25,2204345,34,0
2024-07-18 10:33:34,40,36,0
2024-07-18 10:33:34,40,35,0
2024-07-18 10:33:44,180,25,0
2024-07-18 10:33:44,1138,32,0
2024-07-18 10:33:44,260,25,0
2024-07-18 10:33:44,2593,31,0
2024-07-18 10:33:44,168,40,0
2024-07-18 10:33:44,976,40,0
2024-07-18 10:33:44,448,23,0
2024-07-18 10:33:44,3103,32,0
2024-07-18 10:33:51,3754,29,0
2024-07-18 10:33:51,168116,34,0
2024-07-18 10:33:52,3864,29,0
2024-07-18 10:33:52,5691,32,0
2024-07-18 10:33:52,2477,24,0
2024-07-18 10:33:52,4349,28,0
2024-07-18 10:33:52,2491,30,0
2024-07-18 10:33:52,5291,37,0
2024-07-18 10:33:52,4198909,34,0
2024-07-18 10:33:52,5997,17,0
2024-07-18 10:33:52,7342,16,0
2024-07-18 10:33:52,6008,15,0
2024-07-18 10:33:53,6888,33,0
2024-07-18 10:33:53,1278,34,0
2024-07-18 10:33:53,2544256,34,0
2024-07-18 10:33:54,2230,33,0
2024-07-18 10:33:54,2191297,34,0
2024-07-18 10:33:55,3996,30,0
2024-07-18 10:33:55,1278,34,0
2024-07-18 10:33:55,3305049,34,0
2024-07-18 10:33:56,8273,29,0
2024-07-18 10:33:56,2531804,34,0
2024-07-18 10:33:57,3897,30,0
2024-07-18 10:33:57,3097104,34,0
2024-07-18 10:33:58,2119,27,0
2024-07-18 10:33:58,2173785,34,0
2024-07-18 10:33:59,8240,31,0
2024-07-18 10:33:59,1278,34,0
2024-07-18 10:33:59,3908293,34,0
2024-07-18 10:34:00,3742,32,0
2024-07-18 10:34:00,2876911,34,0
2024-07-18 10:34:01,2472,27,0
2024-07-18 10:34:01,2139743,34,0
2024-07-18 10:34:02,1090,29,0
2024-07-18 10:34:02,1052463,34,0
2024-07-18 10:34:23,1965,32,0
2024-07-18 10:34:24,219,38,0
2024-07-18 10:34:24,9444,32,0
2024-07-18 10:34:24,2952,40,0
2024-07-18 10:34:24,2053596,34,0
2024-07-18 10:34:25,7038,29,0
2024-07-18 10:34:25,2548,34,0
2024-07-18 10:34:25,3702160,34,0
2024-07-18 10:34:26,4793,28,0
2024-07-18 10:34:26,2556,34,0
2024-07-18 10:34:26,2522552,34,0
2024-07-18 10:34:27,7315,26,0
2024-07-18 10:34:27,2655420,34,0
2024-07-18 10:34:28,6532,32,0
2024-07-18 10:34:28,3740003,34,0
2024-07-18 10:34:29,3518,28,0
2024-07-18 10:34:29,2226387,34,0
2024-07-18 10:34:30,11979,29,0
2024-07-18 10:34:30,2556,34,0
2024-07-18 10:34:30,4474460,34,0
2024-07-18 10:34:31,5253,35,0
2024-07-18 10:34:31,3761,30,0
2024-07-18 10:34:31,2910,40,0
2024-07-18 10:34:31,2252452,34,0
2024-07-18 10:34:32,4036,33,0
2024-07-18 10:34:32,2226461,34,0
2024-07-18 10:34:33,4451,33,0
2024-07-18 10:34:33,2592867,34,0
2024-07-18 10:34:45,40,40,0
2024-07-18 10:34:45,40,56,1
2024-07-18 10:34:46,180,32,0
2024-07-18 10:34:46,1137,21,0
2024-07-18 10:34:46,260,25,0
2024-07-18 10:34:46,2593,32,0
2024-07-18 10:34:46,168,40,0
2024-07-18 10:34:46,976,40,0
2024-07-18 10:34:46,448,36,0
2024-07-18 10:34:46,2847,24,0
2024-07-18 10:34:59,260,31,0
2024-07-18 10:34:59,2724,20,0
2024-07-18 10:34:59,3004,23,0
2024-07-18 10:34:59,4805,23,0
2024-07-18 10:35:02,5472,28,0
2024-07-18 10:35:02,2556,34,0
2024-07-18 10:35:02,1970641,34,0
2024-07-18 10:35:03,4782,31,0
2024-07-18 10:35:03,3434276,34,0
2024-07-18 10:35:04,4724,30,0
2024-07-18 10:35:04,1278,34,0
2024-07-18 10:35:04,3141775,34,0
2024-07-18 10:35:05,7638,30,0
2024-07-18 10:35:05,1278,34,0
2024-07-18 10:35:05,2373133,34,0
2024-07-18 10:35:06,3080,29,0
2024-07-18 10:35:06,2676635,34,0
2024-07-18 10:35:07,6333,29,0
2024-07-18 10:35:07,2556,34,0
2024-07-18 10:35:07,3897097,34,0
2024-07-18 10:35:08,2747,31,0
2024-07-18 10:35:08,216,34,0
2024-07-18 10:35:08,2192034,34,0
2024-07-18 10:35:09,8966,31,0
2024-07-18 10:35:09,1278,34,0
2024-07-18 10:35:09,3951293,34,0
2024-07-18 10:35:10,3169,30,0
2024-07-18 10:35:10,2752453,34,0
2024-07-18 10:35:11,3813,33,0
2024-07-18 10:35:11,3777446,34,0
2024-07-18 10:35:12,6582,30,0
2024-07-18 10:35:12,1278,34,0
2024-07-18 10:35:12,3027469,34,0
2024-07-18 10:35:13,2665,28,0
2024-07-18 10:35:13,2158142,34,0
2024-07-18 10:35:14,4512,32,0
2024-07-18 10:35:14,4088054,34,0
2024-07-18 10:35:24,2152,37,0
2024-07-18 10:35:24,3432,29,0
2024-07-18 10:35:24,2843,40,0
2024-07-18 10:35:24,7833,34,0
2024-07-18 10:35:25,2621,31,0
2024-07-18 10:35:25,1278,34,0
2024-07-18 10:35:25,2689925,34,0
2024-07-18 10:35:26,2822,29,0
2024-07-18 10:35:26,2476474,34,0
2024-07-18 10:35:27,3601,29,0
2024-07-18 10:35:27,3017563,34,0
2024-07-18 10:35:28,419,47,1
2024-07-18 10:35:28,213916,34,0
2024-07-18 10:35:29,4880,30,0
2024-07-18 10:35:29,1278,34,0
2024-07-18 10:35:29,1044097,34,0
2024-07-18 10:35:30,5815,29,0
2024-07-18 10:35:30,1278,34,0
2024-07-18 10:35:30,3464240,34,0
2024-07-18 10:35:31,3271,32,0
2024-07-18 10:35:31,3110213,34,0
2024-07-18 10:35:32,828,38,0
2024-07-18 10:35:32,1278,34,0
2024-07-18 10:35:32,839541,34,0
2024-07-18 10:35:34,200,73,1
2024-07-18 10:35:34,40,40,0
2024-07-18 10:35:37,4558,29,0
2024-07-18 10:35:37,58530,29,0
2024-07-18 10:35:38,5852,29,0
2024-07-18 10:35:38,1530164,34,0
2024-07-18 10:35:39,5295,30,0
2024-07-18 10:35:39,2556,34,0
2024-07-18 10:35:39,4380498,34,0
2024-07-18 10:35:40,2744,29,0
2024-07-18 10:35:40,216,34,0
2024-07-18 10:35:40,2173916,34,0
2024-07-18 10:35:41,1300,26,0
2024-07-18 10:35:41,713429,34,0
2024-07-18 10:35:51,40,16,0
2024-07-18 10:36:01,40,23,0
2024-07-18 10:36:11,5497,29,0
2024-07-18 10:36:11,1278,34,0
2024-07-18 10:36:11,1672126,34,0
2024-07-18 10:36:12,2546,23,0
2024-07-18 10:36:12,4925,29,0
2024-07-18 10:36:12,3767,26,0
2024-07-18 10:36:12,3759,28,0
2024-07-18 10:36:12,2470,24,0
2024-07-18 10:36:12,5183,34,0
2024-07-18 10:36:12,2556,34,0
2024-07-18 10:36:12,4312634,34,0
2024-07-18 10:36:12,6001,17,0
2024-07-18 10:36:12,5999,16,0
2024-07-18 10:36:12,5992,15,0
2024-07-18 10:36:13,2661,32,0
2024-07-18 10:36:13,2260566,34,0
2024-07-18 10:36:14,6049,29,0
2024-07-18 10:36:14,2690040,34,0
2024-07-18 10:36:15,4125,27,0
2024-07-18 10:36:15,1278,34,0
2024-07-18 10:36:15,3147664,34,0
2024-07-18 10:36:16,4189,30,0
2024-07-18 10:36:16,1278,34,0
2024-07-18 10:36:16,3105336,34,0
2024-07-18 10:36:17,2360,29,0
2024-07-18 10:36:17,1278,34,0
2024-07-18 10:36:17,2120999,34,0
2024-07-18 10:36:18,7653,28,0
2024-07-18 10:36:18,2441700,34,0
2024-07-18 10:36:19,5549,32,0
2024-07-18 10:36:19,1278,34,0
2024-07-18 10:36:19,4370580,34,0
2024-07-18 10:36:20,3416,26,0
2024-07-18 10:36:20,2556,34,0
2024-07-18 10:36:20,2200771,34,0
2024-07-18 10:36:21,8059,28,0
2024-07-18 10:36:21,2368798,34,0
2024-07-18 10:36:22,5401,29,0
2024-07-18 10:36:22,1278,34,0
2024-07-18 10:36:22,4035804,34,0
2024-07-18 10:36:23,3439,29,0
2024-07-18 10:36:23,1278,34,0
2024-07-18 10:36:23,2059799,34,0
2024-07-18 10:36:25,2091,39,0
2024-07-18 10:36:25,2736,40,0
2024-07-18 10:36:36,40,40,0
2024-07-18 10:36:37,180,45,0
2024-07-18 10:36:37,1138,30,0
2024-07-18 10:36:37,260,24,0
2024-07-18 10:36:37,2593,30,0
2024-07-18 10:36:37,168,40,0
2024-07-18 10:36:37,976,40,0
2024-07-18 10:36:37,448,34,0
2024-07-18 10:36:37,2872,34,0
2024-07-18 10:36:51,7866,28,0
2024-07-18 10:36:51,808335,34,0
2024-07-18 10:36:52,5252,28,0
2024-07-18 10:36:52,3053820,34,0
2024-07-18 10:36:53,5001,32,0
2024-07-18 10:36:53,1278,34,0
2024-07-18 10:36:53,2790921,34,0
2024-07-18 10:36:54,4665,29,0
2024-07-18 10:36:54,2556,34,0
2024-07-18 10:36:54,2919378,34,0
2024-07-18 10:36:55,6504,29,0
2024-07-18 10:36:55,2563178,34,0
2024-07-18 10:36:56,6589,29,0
2024-07-18 10:36:56,1278,34,0
2024-07-18 10:36:56,4191327,34,0
2024-07-18 10:36:57,2668,30,0
2024-07-18 10:36:57,1278,34,0
2024-07-18 10:36:57,2121665,34,0
2024-07-18 10:36:58,7690,33,0
2024-07-18 10:36:58,1278,34,0
2024-07-18 10:36:58,3528071,34,0
2024-07-18 10:36:59,2836,24,0
2024-07-18 10:36:59,1278,34,0
2024-07-18 10:36:59,3223119,34,0
2024-07-18 10:37:00,3952,28,0
2024-07-18 10:37:00,2556,34,0
2024-07-18 10:37:00,2257970,34,0
2024-07-18 10:37:01,8513,30,0
2024-07-18 10:37:01,2556,34,0
2024-07-18 10:37:01,2699285,34,0
2024-07-18 10:37:02,5168,31,0
2024-07-18 10:37:02,4050580,34,0
2024-07-18 10:37:03,2399,32,0
2024-07-18 10:37:03,2191472,34,0
2024-07-18 10:37:04,4167,30,0
2024-07-18 10:37:04,2655623,34,0
2024-07-18 10:37:26,2092,28,0
2024-07-18 10:37:26,3691,22,0
2024-07-18 10:37:26,2850,40,0
2024-07-18 10:37:26,338048,34,0
2024-07-18 10:37:27,5378,30,0
2024-07-18 10:37:27,3761822,34,0
2024-07-18 10:37:28,2724,29,0
2024-07-18 10:37:28,2139596,34,0
2024-07-18 10:37:29,8846,28,0
2024-07-18 10:37:29,1278,34,0
2024-07-18 10:37:29,4130674,34,0
2024-07-18 10:37:30,3590,28,0
2024-07-18 10:37:30,1278,34,0
2024-07-18 10:37:30,2676226,34,0
2024-07-18 10:37:31,2396,32,0
2024-07-18 10:37:31,2191565,34,0
2024-07-18 10:37:32,8318,29,0
2024-07-18 10:37:32,1278,34,0
2024-07-18 10:37:32,4518826,34,0
2024-07-18 10:37:33,3611,29,0
2024-07-18 10:37:33,2158481,34,0
2024-07-18 10:37:34,4021,28,0
2024-07-18 10:37:34,1278,34,0
2024-07-18 10:37:34,2264577,34,0
2024-07-18 10:37:35,4566,31,0
2024-07-18 10:37:35,2556,34,0
2024-07-18 10:37:35,3147636,34,0
2024-07-18 10:37:36,254,32,0
2024-07-18 10:37:36,251919,34,0
2024-07-18 10:37:37,140,24,0
2024-07-18 10:37:37,1137,36,0
2024-07-18 10:37:37,208,40,0
2024-07-18 10:37:37,243,40,0
2024-07-18 10:37:37,40,34,0
2024-07-18 10:37:38,80,33,0
2024-07-18 10:37:38,220,37,0
2024-07-18 10:37:38,2561,36,0
2024-07-18 10:37:38,733,40,0
2024-07-18 10:37:38,448,34,0
2024-07-18 10:37:38,2919,34,0
2024-07-18 10:38:01,8303,25,0
2024-07-18 10:38:01,47679,34,0
2024-07-18 10:38:02,4640,27,0
2024-07-18 10:38:02,3358930,34,0
2024-07-18 10:38:03,6980,31,0
2024-07-18 10:38:03,2375762,34,0
2024-07-18 10:38:04,2947,30,0
2024-07-18 10:38:04,2192059,34,0
2024-07-18 10:38:05,6801,30,0
2024-07-18 10:38:05,2556,34,0
2024-07-18 10:38:05,3925000,34,0
2024-07-18 10:38:06,2973,28,0
2024-07-18 10:38:06,2646825,34,0
2024-07-18 10:38:07,839,34,0
2024-07-18 10:38:07,6210,29,0
2024-07-18 10:38:07,303,35,0
2024-07-18 10:38:07,303,56,1
2024-07-18 10:38:07,302,15,0
2024-07-18 10:38:07,2465,28,0
2024-07-18 10:38:07,2380367,34,0
2024-07-18 10:38:07,167,17,0
2024-07-18 10:38:07,167,16,0
2024-07-18 10:38:07,167,15,0
2024-07-18 10:38:08,5327,29,0
2024-07-18 10:38:08,1278,34,0
2024-07-18 10:38:08,4313568,34,0
2024-07-18 10:38:09,3844,29,0
2024-07-18 10:38:09,2556,34,0
2024-07-18 10:38:09,2188998,34,0
2024-07-18 10:38:10,3805,31,0
2024-07-18 10:38:10,1278,34,0
2024-07-18 10:38:10,2549969,34,0
2024-07-18 10:38:11,11187,29,0
2024-07-18 10:38:11,4279489,34,0
2024-07-18 10:38:12,2457,28,0
2024-07-18 10:38:12,1278,34,0
2024-07-18 10:38:12,2191035,34,0
2024-07-18 10:38:13,5854,28,0
2024-07-18 10:38:13,2556,34,0
2024-07-18 10:38:13,3589444,34,0
2024-07-18 10:38:27,2092,38,0
2024-07-18 10:38:27,2774,40,0
2024-07-18 10:38:28,7388,28,0
2024-07-18 10:38:28,3165876,34,0
2024-07-18 10:38:29,3248,31,0
2024-07-18 10:38:29,2192669,34,0
2024-07-18 10:38:30,10333,28,0
2024-07-18 10:38:30,2556,34,0
2024-07-18 10:38:30,4311569,34,0
2024-07-18 10:38:31,4013,25,0
2024-07-18 10:38:31,3114,29,0
2024-07-18 10:38:31,2899,45,0
2024-07-18 10:38:31,2160088,34,0
2024-07-18 10:38:32,4886,29,0
2024-07-18 10:38:32,2638192,34,0
2024-07-18 10:38:37,40,40,0
2024-07-18 10:38:40,180,35,0
2024-07-18 10:38:40,1132,20,0
2024-07-18 10:38:40,120,16,0
2024-07-18 10:38:40,1103,29,0
2024-07-18 10:38:40,168,40,0
2024-07-18 10:38:40,976,40,0
2024-07-18 10:38:40,320,34,0
2024-07-18 10:38:40,1210,34,0
2024-07-18 10:39:02,7073,33,0
2024-07-18 10:39:02,778,34,0
2024-07-18 10:39:03,3543,27,0
2024-07-18 10:39:03,2385975,34,0
2024-07-18 10:39:04,8108,29,0
2024-07-18 10:39:04,4214772,34,0
2024-07-18 10:39:05,4166,31,0
2024-07-18 10:39:05,2556,34,0
2024-07-18 10:39:05,2189061,34,0
2024-07-18 10:39:06,7939,30,0
2024-07-18 10:39:06,2324478,34,0
2024-07-18 10:39:07,5601,30,0
2024-07-18 10:39:07,2481229,34,0
2024-07-18 10:39:08,8282,29,0
2024-07-18 10:39:08,1278,34,0
2024-07-18 10:39:08,4142603,34,0
2024-07-18 10:39:09,3703,28,0
2024-07-18 10:39:09,3036808,34,0
2024-07-18 10:39:10,8854,31,0
2024-07-18 10:39:10,2872404,34,0
2024-07-18 10:39:11,4412,33,0
2024-07-18 10:39:11,1278,34,0
2024-07-18 10:39:11,2986704,34,0
2024-07-18 10:39:12,6032,31,0
2024-07-18 10:39:12,2556,34,0
2024-07-18 10:39:12,2938910,34,0
2024-07-18 10:39:13,6856,30,0
2024-07-18 10:39:13,3686743,34,0
2024-07-18 10:39:14,7752,30,0
2024-07-18 10:39:14,2373429,34,0
2024-07-18 10:39:15,5447,30,0
2024-07-18 10:39:15,1278,34,0
2024-07-18 10:39:15,2691109,34,0
2024-07-18 10:39:16,6557,29,0
2024-07-18 10:39:16,3882516,34,0
2024-07-18 10:39:17,3850,32,0
2024-07-18 10:39:17,1278,34,0
2024-07-18 10:39:17,2190181,34,0
2024-07-18 10:39:18,1778,34,0
2024-07-18 10:39:18,1278,34,0
2024-07-18 10:39:18,794240,34,0
2024-07-18 10:39:19,7858,31,0
2024-07-18 10:39:19,1278,34,0
2024-07-18 10:39:19,1581257,34,0
2024-07-18 10:39:20,6487,32,0
2024-07-18 10:39:20,3906780,34,0
2024-07-18 10:39:21,3481,32,0
2024-07-18 10:39:21,1278,34,0
2024-07-18 10:39:21,2666215,34,0
2024-07-18 10:39:22,4739,29,0
2024-07-18 10:39:22,3566671,34,0
2024-07-18 10:39:28,2092,37,0
2024-07-18 10:39:28,2652,40,0
2024-07-18 10:39:29,5075,32,0
2024-07-18 10:39:29,1025549,34,0
2024-07-18 10:39:30,8665,29,0
2024-07-18 10:39:30,5112,34,0
2024-07-18 10:39:30,4075283,34,0
2024-07-18 10:39:31,2921,26,0
2024-07-18 10:39:31,3619,30,0
2024-07-18 10:39:31,258,45,0
2024-07-18 10:39:31,2556,34,0
2024-07-18 10:39:31,2463749,34,0
2024-07-18 10:39:32,2567,32,0
2024-07-18 10:39:32,216,34,0
2024-07-18 10:39:32,1278,34,0
2024-07-18 10:39:32,2172635,34,0
2024-07-18 10:39:33,3346,33,0
2024-07-18 10:39:33,1278,34,0
2024-07-18 10:39:33,2177764,34,0
2024-07-18 10:39:43,40,40,0
2024-07-18 10:39:43,40,34,0
2024-07-18 10:39:47,4632,31,0
2024-07-18 10:39:47,220,36,0
2024-07-18 10:39:47,2546,35,0
2024-07-18 10:39:47,220,25,0
2024-07-18 10:39:47,1132,44,0
2024-07-18 10:39:47,4582,28,0
2024-07-18 10:39:47,64828,29,0
2024-07-18 10:39:47,408,43,0
2024-07-18 10:39:47,2264,43,0
2024-07-18 10:39:47,168,39,0
2024-07-18 10:39:47,1016,39,0
2024-07-18 10:39:47,848662,34,0
2024-07-18 10:39:48,79,16,0
2024-07-18 10:39:48,5994,26,0
2024-07-18 10:39:48,40,43,0
2024-07-18 10:39:48,292,43,0
2024-07-18 10:39:48,1278,34,0
2024-07-18 10:39:48,3744726,34,0
2024-07-18 10:39:49,2683,30,0
2024-07-18 10:39:49,2156785,34,0
2024-07-18 10:39:50,7712,31,0
2024-07-18 10:39:50,3341066,34,0
2024-07-18 10:39:51,4076,30,0
2024-07-18 10:39:51,2242637,34,0
2024-07-18 10:39:52,4661,30,0
2024-07-18 10:39:52,1278,34,0
2024-07-18 10:39:52,3072999,34,0
2024-07-18 10:39:54,220,34,0
2024-07-18 10:39:54,996,20,0
2024-07-18 10:39:54,168,41,0
2024-07-18 10:39:54,5699,41,0
2024-07-18 10:40:11,100,25,0
2024-07-18 10:40:11,298,21,0
2024-07-18 10:40:11,100,18,0
2024-07-18 10:40:11,298,34,0
2024-07-18 10:40:11,88,34,0
2024-07-18 10:40:11,88,35,0
2024-07-18 10:40:12,560,20,0
2024-07-18 10:40:12,1978,38,0
2024-07-18 10:40:12,120,26,0
2024-07-18 10:40:12,1002,20,0
2024-07-18 10:40:12,180,30,0
2024-07-18 10:40:12,1269,35,0
2024-07-18 10:40:12,440,34,0
2024-07-18 10:40:12,49520,34,0
2024-07-18 10:40:12,200,35,0
2024-07-18 10:40:12,5629,35,0
2024-07-18 10:40:12,288,35,0
2024-07-18 10:40:12,6358,35,0
2024-07-18 10:40:13,80,22,0
2024-07-18 10:40:13,64,46,1
2024-07-18 10:40:13,640,24,0
2024-07-18 10:40:13,1542,31,0
2024-07-18 10:40:13,120,34,0
2024-07-18 10:40:13,5844,34,0
2024-07-18 10:40:13,400,35,0
2024-07-18 10:40:13,41271,35,0
2024-07-18 10:40:14,120,32,0
2024-07-18 10:40:14,100,76,1
2024-07-18 10:40:14,40,16,0
2024-07-18 10:40:14,40,35,0
2024-07-18 10:40:14,25861,35,0
2024-07-18 10:40:14,40,41,0
2024-07-18 10:40:21,3772,22,0
2024-07-18 10:40:21,4201,23,0
2024-07-18 10:40:21,3753,29,0
2024-07-18 10:40:21,2491,29,0
2024-07-18 10:40:21,2477,35,0
2024-07-18 10:40:21,5236,31,0
2024-07-18 10:40:21,510788,34,0
2024-07-18 10:40:21,6000,17,0
2024-07-18 10:40:21,6003,16,0
2024-07-18 10:40:21,6004,15,0
2024-07-18 10:40:22,6571,27,0
2024-07-18 10:40:22,3899524,34,0
2024-07-18 10:40:23,3996,29,0
2024-07-18 10:40:23,2677030,34,0
2024-07-18 10:40:24,7082,30,0
2024-07-18 10:40:24,1278,34,0
2024-07-18 10:40:24,2380524,34,0
2024-07-18 10:40:25,2555,27,0
2024-07-18 10:40:25,2193688,34,0
2024-07-18 10:40:26,5552,27,0
2024-07-18 10:40:26,1278,34,0
2024-07-18 10:40:26,2821787,34,0
2024-07-18 10:40:27,9736,28,0
2024-07-18 10:40:27,3936705,34,0
2024-07-18 10:40:28,3201,33,0
2024-07-18 10:40:28,2200575,34,0
2024-07-18 10:40:29,2092,32,0
2024-07-18 10:40:29,4644,29,0
2024-07-18 10:40:29,2649,40,0
2024-07-18 10:40:29,3396844,34,0
2024-07-18 10:40:30,4181,26,0
2024-07-18 10:40:30,3184862,34,0
2024-07-18 10:40:31,6844,29,0
2024-07-18 10:40:31,1278,34,0
2024-07-18 10:40:31,2364994,34,0
2024-07-18 10:40:32,3991,34,0
2024-07-18 10:40:32,2192129,34,0
2024-07-18 10:40:33,9332,29,0
2024-07-18 10:40:33,4383283,34,0
2024-07-18 10:40:34,2275,32,0
2024-07-18 10:40:34,1278,34,0
2024-07-18 10:40:34,1634410,34,0
2024-07-18 10:40:49,3056,27,0
2024-07-18 10:40:49,140,24,0
2024-07-18 10:40:49,1137,34,0
2024-07-18 10:40:49,40,43,0
2024-07-18 10:40:49,2986,40,0
2024-07-18 10:40:49,208,39,0
2024-07-18 10:40:49,818,39,0
2024-07-18 10:40:50,300,30,0
2024-07-18 10:40:50,2657,30,0
2024-07-18 10:40:50,40,16,0
2024-07-18 10:40:50,448,29,0
2024-07-18 10:40:50,2999,26,0
2024-07-18 10:40:50,158,39,0
2024-07-18 10:41:01,7096,24,0
2024-07-18 10:41:01,15785,34,0
2024-07-18 10:41:02,6234,31,0
2024-07-18 10:41:02,2556,34,0
2024-07-18 10:41:02,2915582,34,0
2024-07-18 10:41:03,3368,28,0
2024-07-18 10:41:03,1278,34,0
2024-07-18 10:41:03,2190438,34,0
2024-07-18 10:41:04,8602,29,0
2024-07-18 10:41:04,4059245,34,0
2024-07-18 10:41:05,6725,30,0
2024-07-18 10:41:05,2693601,34,0
2024-07-18 10:41:06,3976,27,0
2024-07-18 10:41:06,216,34,0
2024-07-18 10:41:06,1278,34,0
2024-07-18 10:41:06,2452006,34,0
2024-07-18 10:41:07,7622,31,0
2024-07-18 10:41:07,2556,34,0
2024-07-18 10:41:07,4118358,34,0
2024-07-18 10:41:08,6698,29,0
2024-07-18 10:41:08,3834,34,0
2024-07-18 10:41:08,2365737,34,0
2024-07-18 10:41:09,4263,29,0
2024-07-18 10:41:09,3752712,34,0
2024-07-18 10:41:10,6020,32,0
2024-07-18 10:41:10,2821372,34,0
2024-07-18 10:41:11,6670,29,0
2024-07-18 10:41:11,2366647,34,0
2024-07-18 10:41:12,7323,30,0
2024-07-18 10:41:12,3423419,34,0
2024-07-18 10:41:13,4285,32,0
2024-07-18 10:41:13,2292733,34,0
2024-07-18 10:41:14,40,35,0
2024-07-18 10:41:30,2120,31,0
2024-07-18 10:41:30,5762,36,0
2024-07-18 10:41:30,222,40,0
2024-07-18 10:41:30,327434,34,0
2024-07-18 10:41:31,66,32,0
2024-07-18 10:41:31,3411,32,0
2024-07-18 10:41:31,2718,40,0
2024-07-18 10:41:31,1278,34,0
2024-07-18 10:41:31,3026750,34,0
2024-07-18 10:41:32,2856,30,0
2024-07-18 10:41:32,2192266,34,0
2024-07-18 10:41:33,9859,28,0
2024-07-18 10:41:33,4027681,34,0
2024-07-18 10:41:34,1357,27,0
2024-07-18 10:41:34,1278,34,0
2024-07-18 10:41:34,872237,34,0
2024-07-18 10:41:35,7375,28,0
2024-07-18 10:41:35,4036641,34,0
2024-07-18 10:41:36,2803,30,0
2024-07-18 10:41:36,1427354,34,0
2024-07-18 10:41:38,4650,31,0
2024-07-18 10:41:38,937811,34,0
2024-07-18 10:41:39,3832,30,0
2024-07-18 10:41:39,3120964,34,0
2024-07-18 10:41:40,5111,30,0
2024-07-18 10:41:40,1278,34,0
2024-07-18 10:41:40,3226364,34,0
2024-07-18 10:41:41,2818,30,0
2024-07-18 10:41:41,2238190,34,0
2024-07-18 10:41:50,40,39,0
2024-07-18 10:41:54,160,33,0
2024-07-18 10:41:54,1103,24,0
2024-07-18 10:41:54,220,29,0
2024-07-18 10:41:54,1137,39,0
2024-07-18 10:41:54,320,32,0
2024-07-18 10:41:54,1150,34,0
2024-07-18 10:41:54,168,39,0
2024-07-18 10:41:54,1016,39,0
2024-07-18 10:42:11,4534,33,0
2024-07-18 10:42:11,679732,34,0
2024-07-18 10:42:12,5230,29,0
2024-07-18 10:42:12,4060248,34,0
2024-07-18 10:42:13,3500,33,0
2024-07-18 10:42:13,2123270,34,0
2024-07-18 10:42:14,6477,30,0
2024-07-18 10:42:14,2706267,34,0
2024-07-18 10:42:15,7899,29,0
2024-07-18 10:42:15,3228936,34,0
2024-07-18 10:42:16,896,25,0
2024-07-18 10:42:16,4432,30,0
2024-07-18 10:42:16,240,29,0
2024-07-18 10:42:16,240,30,0
2024-07-18 10:42:16,240,36,0
2024-07-18 10:42:16,2615,23,0
2024-07-18 10:42:16,1278,34,0
2024-07-18 10:42:16,3242662,34,0
2024-07-18 10:42:17,2213,32,0
2024-07-18 10:42:17,135,23,0
2024-07-18 10:42:17,135,25,0
2024-07-18 10:42:17,63,16,0
2024-07-18 10:42:17,52,13,0
2024-07-18 10:42:17,1278,34,0
2024-07-18 10:42:17,2058031,34,0
2024-07-18 10:42:17,167,17,0
2024-07-18 10:42:17,167,16,0
2024-07-18 10:42:17,167,15,0
2024-07-18 10:42:18,4070,26,0
2024-07-18 10:42:18,274163,34,0
2024-07-18 10:42:19,4197,32,0
2024-07-18 10:42:19,1278,34,0
2024-07-18 10:42:19,2747096,34,0
2024-07-18 10:42:20,4730,30,0
2024-07-18 10:42:20,2556,34,0
2024-07-18 10:42:20,3156802,34,0
2024-07-18 10:42:21,3948,29,0
2024-07-18 10:42:21,2556,34,0
2024-07-18 10:42:21,3057922,34,0
2024-07-18 10:42:22,100,33,0
2024-07-18 10:42:22,560,56,1
2024-07-18 10:42:22,88,43,0
2024-07-18 10:42:23,280,37,0
2024-07-18 10:42:23,1227,29,0
2024-07-18 10:42:23,200,43,0
2024-07-18 10:42:23,6955,43,0
2024-07-18 10:42:24,180,22,0
2024-07-18 10:42:24,3020,29,0
2024-07-18 10:42:24,180,28,0
2024-07-18 10:42:24,4188,41,0
2024-07-18 10:42:24,180,30,0
2024-07-18 10:42:24,4046,28,0
2024-07-18 10:42:24,168,34,0
2024-07-18 10:42:24,7443,34,0
2024-07-18 10:42:24,168,28,0
2024-07-18 10:42:24,6501,28,0
2024-07-18 10:42:24,168,22,0
2024-07-18 10:42:24,4927,22,0
2024-07-18 10:42:31,2152,27,0
2024-07-18 10:42:31,2881,40,0
2024-07-18 10:42:32,5268,31,0
2024-07-18 10:42:32,879829,34,0
2024-07-18 10:42:33,4116,31,0
2024-07-18 10:42:33,3504294,34,0
2024-07-18 10:42:34,6743,30,0
2024-07-18 10:42:34,1278,34,0
2024-07-18 10:42:34,3255220,34,0
2024-07-18 10:42:35,909,29,0
2024-07-18 10:42:35,1007187,34,0
2024-07-18 10:42:55,40,16,0
2024-07-18 10:42:55,40,39,0
2024-07-18 10:43:01,4456,29,0
2024-07-18 10:43:01,535201,34,0
2024-07-18 10:43:02,5040,30,0
2024-07-18 10:43:02,4071914,34,0
2024-07-18 10:43:03,3628,29,0
2024-07-18 10:43:03,2191456,34,0
2024-07-18 10:43:04,140,35,0
2024-07-18 10:43:04,2082,30,0
2024-07-18 10:43:04,220,24,0
2024-07-18 10:43:04,1133,39,0
2024-07-18 10:43:04,7625,28,0
2024-07-18 10:43:04,288,43,0
2024-07-18 10:43:04,1469,43,0
2024-07-18 10:43:04,168,39,0
2024-07-18 10:43:04,1016,39,0
2024-07-18 10:43:04,1278,34,0
2024-07-18 10:43:04,2648153,34,0
2024-07-18 10:43:05,575,23,0
2024-07-18 10:43:05,2301,27,0
2024-07-18 10:43:05,160,43,0
2024-07-18 10:43:05,1371,43,0
2024-07-18 10:43:05,1278,34,0
2024-07-18 10:43:05,2289961,34,0
2024-07-18 10:43:06,5957,31,0
2024-07-18 10:43:06,1278,34,0
2024-07-18 10:43:06,4070595,34,0
2024-07-18 10:43:07,4497,31,0
2024-07-18 10:43:07,3894815,34,0
2024-07-18 10:43:08,6471,30,0
2024-07-18 10:43:08,1662761,34,0
2024-07-18 10:43:09,3904,27,0
2024-07-18 10:43:09,1278,34,0
2024-07-18 10:43:09,3380074,34,0
2024-07-18 10:43:10,2490,31,0
2024-07-18 10:43:10,2556,34,0
2024-07-18 10:43:10,2172733,34,0
2024-07-18 10:43:11,5731,31,0
2024-07-18 10:43:11,3407653,34,0
2024-07-18 10:43:12,5408,29,0
2024-07-18 10:43:12,1278,34,0
2024-07-18 10:43:12,3149828,34,0
2024-07-18 10:43:13,7289,32,0
2024-07-18 10:43:13,1278,34,0
2024-07-18 10:43:13,2397170,34,0
2024-07-18 10:43:14,5193,29,0
2024-07-18 10:43:14,3458071,34,0
2024-07-18 10:43:15,6000,27,0
2024-07-18 10:43:15,3119270,34,0
2024-07-18 10:43:16,2938,28,0
2024-07-18 10:43:16,4452,30,0
2024-07-18 10:43:16,433,40,0
2024-07-18 10:43:16,1278,34,0
2024-07-18 10:43:16,2468368,34,0
2024-07-18 10:43:17,6193,27,0
2024-07-18 10:43:17,3681351,34,0
2024-07-18 10:43:18,7150,30,0
2024-07-18 10:43:18,1278,34,0
2024-07-18 10:43:18,2785545,34,0
2024-07-18 10:43:19,3566,27,0
2024-07-18 10:43:19,2192369,34,0
2024-07-18 10:43:20,6443,30,0
2024-07-18 10:43:20,4122031,34,0
2024-07-18 10:43:21,3709,29,0
2024-07-18 10:43:21,2437568,34,0
2024-07-18 10:43:22,5887,29,0
2024-07-18 10:43:22,2836779,34,0
2024-07-18 10:43:23,721,32,0
2024-07-18 10:43:23,131,24,0
2024-07-18 10:43:23,40,34,0
2024-07-18 10:43:23,6616,34,0
2024-07-18 10:43:24,40,29,0
2024-07-18 10:43:24,259,34,0
2024-07-18 10:43:26,40,43,0
2024-07-18 10:43:26,40,28,0
2024-07-18 10:43:26,40,22,0
2024-07-18 10:43:32,4599,34,0
2024-07-18 10:43:32,709,40,0
2024-07-18 10:43:33,66,56,1
2024-07-18 10:43:33,8191,31,0
2024-07-18 10:43:33,2663,40,0
2024-07-18 10:43:33,3277961,34,0
2024-07-18 10:43:34,4963,31,0
2024-07-18 10:43:34,1278,34,0
2024-07-18 10:43:34,2832931,34,0
2024-07-18 10:43:35,3350,28,0
2024-07-18 10:43:35,2938273,34,0
2024-07-18 10:43:36,2297,29,0
2024-07-18 10:43:36,1666073,34,0
2024-07-18 10:43:37,1814,25,0
2024-07-18 10:43:37,1001966,34,0
2024-07-18 10:43:57,6319,27,0
2024-07-18 10:43:57,5088,26,0
2024-07-18 10:43:57,61392,26,0
2024-07-18 10:43:57,971818,34,0
2024-07-18 10:43:58,3502,32,0
2024-07-18 10:43:58,2192061,34,0
2024-07-18 10:43:59,7099,27,0
2024-07-18 10:43:59,3834,34,0
2024-07-18 10:43:59,4519172,34,0
2024-07-18 10:44:00,4264,30,0
2024-07-18 10:44:00,2556,34,0
2024-07-18 10:44:00,2223879,34,0
2024-07-18 10:44:01,7608,30,0
2024-07-18 10:44:01,2766736,34,0
2024-07-18 10:44:02,5712,27,0
2024-07-18 10:44:02,3542788,34,0
2024-07-18 10:44:03,220,25,0
2024-07-18 10:44:03,1622,30,0
2024-07-18 10:44:03,4169,28,0
2024-07-18 10:44:03,168,21,0
2024-07-18 10:44:03,7303,21,0
2024-07-18 10:44:03,2562558,34,0
2024-07-18 10:44:04,9055,29,0
2024-07-18 10:44:04,4453254,34,0
2024-07-18 10:44:05,4040,29,0
2024-07-18 10:44:05,2192284,34,0
2024-07-18 10:44:06,3161,32,0
2024-07-18 10:44:06,40,43,0
2024-07-18 10:44:06,40,39,0
2024-07-18 10:44:06,2192044,34,0
2024-07-18 10:44:07,4424,33,0
2024-07-18 10:44:07,1278,34,0
2024-07-18 10:44:07,2513457,34,0
2024-07-18 10:44:08,7067,29,0
2024-07-18 10:44:08,2603175,34,0
2024-07-18 10:44:09,1645,29,0
2024-07-18 10:44:09,1361597,34,0
2024-07-18 10:44:16,300,38,0
2024-07-18 10:44:16,2625,28,0
2024-07-18 10:44:16,180,27,0
2024-07-18 10:44:16,1133,21,0
2024-07-18 10:44:16,448,43,0
2024-07-18 10:44:16,2908,43,0
2024-07-18 10:44:16,168,39,0
2024-07-18 10:44:16,976,39,0
2024-07-18 10:44:26,40,34,0
2024-07-18 10:44:31,6588,33,0
2024-07-18 10:44:31,4133,26,0
2024-07-18 10:44:31,2899,45,0
2024-07-18 10:44:31,453198,34,0
2024-07-18 10:44:32,3862,30,0
2024-07-18 10:44:32,3634,30,0
2024-07-18 10:44:32,3108,32,0
2024-07-18 10:44:32,2467,28,0
2024-07-18 10:44:32,2475,31,0
2024-07-18 10:44:32,5237,36,0
2024-07-18 10:44:32,1278,34,0
2024-07-18 10:44:32,2382159,34,0
2024-07-18 10:44:32,7329,17,0
2024-07-18 10:44:32,6013,16,0
2024-07-18 10:44:32,5997,15,0
2024-07-18 10:44:33,2091,37,0
2024-07-18 10:44:33,10226,31,0
2024-07-18 10:44:33,2660,40,0
2024-07-18 10:44:33,1278,34,0
2024-07-18 10:44:33,3500109,34,0
2024-07-18 10:44:34,5181,29,0
2024-07-18 10:44:34,1278,34,0
2024-07-18 10:44:34,3084668,34,0
2024-07-18 10:44:35,4331,32,0
2024-07-18 10:44:35,2397022,34,0
2024-07-18 10:44:36,6024,29,0
2024-07-18 10:44:36,1278,34,0
2024-07-18 10:44:36,3218129,34,0
2024-07-18 10:44:38,5670,28,0
2024-07-18 10:44:38,1166594,34,0
2024-07-18 10:44:39,7621,28,0
2024-07-18 10:44:39,1278,34,0
2024-07-18 10:44:39,3188959,34,0
2024-07-18 10:44:40,5389,32,0
2024-07-18 10:44:40,2556,34,0
2024-07-18 10:44:40,3580615,34,0
2024-07-18 10:44:41,5865,31,0
2024-07-18 10:44:41,2540194,34,0
2024-07-18 10:44:42,634,26,0
2024-07-18 10:44:42,219826,34,0
2024-07-18 10:45:03,180,23,0
2024-07-18 10:45:03,1671,33,0
2024-07-18 10:45:03,168,36,0
2024-07-18 10:45:03,1614,21,0
2024-07-18 10:45:04,6313,27,0
2024-07-18 10:45:04,360,39,0
2024-07-18 10:45:04,1342,25,0
2024-07-18 10:45:04,220,39,0
2024-07-18 10:45:04,2484,31,0
2024-07-18 10:45:04,10315,26,0
2024-07-18 10:45:04,256,35,0
2024-07-18 10:45:04,11438,33,0
2024-07-18 10:45:04,168,40,0
2024-07-18 10:45:04,5963,40,0
2024-07-18 10:45:05,3633,27,0
2024-07-18 10:45:05,1453,36,0
2024-07-18 10:45:07,40,21,0
2024-07-18 10:45:10,5537,27,0
2024-07-18 10:45:10,1278,34,0
2024-07-18 10:45:10,1623467,34,0
2024-07-18 10:45:11,6994,29,0
2024-07-18 10:45:11,4279368,34,0
2024-07-18 10:45:12,3691,27,0
2024-07-18 10:45:12,2481362,34,0
2024-07-18 10:45:13,6690,30,0
2024-07-18 10:45:13,2209445,34,0
2024-07-18 10:45:14,5514,29,0
2024-07-18 10:45:14,1278,34,0
2024-07-18 10:45:14,2608345,34,0
2024-07-18 10:45:15,6944,30,0
2024-07-18 10:45:15,1278,34,0
2024-07-18 10:45:15,4161416,34,0
2024-07-18 10:45:16,6712,31,0
2024-07-18 10:45:16,1278,34,0
2024-07-18 10:45:16,2190864,34,0
2024-07-18 10:45:17,6261,29,0
2024-07-18 10:45:17,40,43,0
2024-07-18 10:45:17,40,39,0
2024-07-18 10:45:17,2556,34,0
2024-07-18 10:45:17,4577525,34,0
2024-07-18 10:45:18,1960,31,0
2024-07-18 10:45:18,1278,34,0
2024-07-18 10:45:18,2122081,34,0
2024-07-18 10:45:19,9244,30,0
2024-07-18 10:45:19,1278,34,0
2024-07-18 10:45:19,4257098,34,0
2024-07-18 10:45:20,3468,28,0
2024-07-18 10:45:20,1278,34,0
2024-07-18 10:45:20,2593590,34,0
2024-07-18 10:45:21,300,31,0
2024-07-18 10:45:21,2625,26,0
2024-07-18 10:45:21,180,49,1
2024-07-18 10:45:21,1132,32,0
2024-07-18 10:45:21,4577,29,0
2024-07-18 10:45:21,448,34,0
2024-07-18 10:45:21,3023,34,0
2024-07-18 10:45:21,168,63,1
2024-07-18 10:45:21,976,63,1
2024-07-18 10:45:21,2192394,34,0
2024-07-18 10:45:22,4807,31,0
2024-07-18 10:45:22,2047232,34,0
2024-07-18 10:45:34,3455,34,0
2024-07-18 10:45:34,277,40,0
2024-07-18 10:45:35,193,24,0
2024-07-18 10:45:35,5669,28,0
2024-07-18 10:45:35,2567,40,0
2024-07-18 10:45:35,1624565,34,0
2024-07-18 10:45:36,3415,35,0
2024-07-18 10:45:36,2280364,34,0
2024-07-18 10:45:37,4453,32,0
2024-07-18 10:45:37,3023104,34,0
2024-07-18 10:45:38,5787,29,0
2024-07-18 10:45:38,2556,34,0
2024-07-18 10:45:38,3421244,34,0
2024-07-18 10:45:39,7985,28,0
2024-07-18 10:45:39,1278,34,0
2024-07-18 10:45:39,2571587,34,0
2024-07-18 10:45:40,3758,26,0
2024-07-18 10:45:40,1278,34,0
2024-07-18 10:45:40,2773312,34,0
2024-07-18 10:45:41,6517,30,0
2024-07-18 10:45:41,3544233,34,0
2024-07-18 10:45:42,4569,31,0
2024-07-18 10:45:42,2538918,34,0
2024-07-18 10:46:08,80,37,0
2024-07-18 10:46:08,40,23,0
2024-07-18 10:46:08,40,40,0
2024-07-18 10:46:10,6376,31,0
2024-07-18 10:46:10,1586498,34,0
2024-07-18 10:46:11,4815,29,0
2024-07-18 10:46:11,3494855,34,0
2024-07-18 10:46:12,3456,29,0
2024-07-18 10:46:12,2556,34,0
2024-07-18 10:46:12,2393208,34,0
2024-07-18 10:46:13,10237,31,0
2024-07-18 10:46:13,1278,34,0
2024-07-18 10:46:13,4382448,34,0
2024-07-18 10:46:14,4402,32,0
2024-07-18 10:46:14,1278,34,0
2024-07-18 10:46:14,2190327,34,0
2024-07-18 10:46:15,5270,28,0
2024-07-18 10:46:15,2878405,34,0
2024-07-18 10:46:16,8370,28,0
2024-07-18 10:46:16,3888941,34,0
2024-07-18 10:46:17,4286,31,0
2024-07-18 10:46:17,2198847,34,0
2024-07-18 10:46:18,5484,32,0
2024-07-18 10:46:18,2556,34,0
2024-07-18 10:46:18,4314698,34,0
2024-07-18 10:46:19,3824,31,0
2024-07-18 10:46:19,1278,34,0
2024-07-18 10:46:19,2083322,34,0
2024-07-18 10:46:20,7820,28,0
2024-07-18 10:46:20,2556,34,0
2024-07-18 10:46:20,2559971,34,0
2024-07-18 10:46:21,8022,29,0
2024-07-18 10:46:21,4568705,34,0
2024-07-18 10:46:22,2863,24,0
2024-07-18 10:46:22,1278,34,0
2024-07-18 10:46:22,1327041,34,0
2024-07-18 10:46:23,40,34,0
2024-07-18 10:46:23,40,63,1
2024-07-18 10:46:25,300,28,0
2024-07-18 10:46:25,2578,26,0
2024-07-18 10:46:25,220,25,0
2024-07-18 10:46:25,1131,18,0
2024-07-18 10:46:25,408,43,0
2024-07-18 10:46:25,2294,43,0
2024-07-18 10:46:25,168,63,1
2024-07-18 10:46:25,1016,63,1
2024-07-18 10:46:26,79,16,0
2024-07-18 10:46:26,40,43,0
2024-07-18 10:46:26,471,43,0
2024-07-18 10:46:35,2092,34,0
2024-07-18 10:46:35,4071,29,0
2024-07-18 10:46:35,2754,40,0
2024-07-18 10:46:35,389955,34,0
2024-07-18 10:46:36,3812,29,0
2024-07-18 10:46:36,3516,31,0
2024-07-18 10:46:36,2469,34,0
2024-07-18 10:46:36,3750,28,0
2024-07-18 10:46:36,3698,25,0
2024-07-18 10:46:36,5166,28,0
2024-07-18 10:46:36,2681713,34,0
2024-07-18 10:46:36,6006,17,0
2024-07-18 10:46:36,5998,16,0
2024-07-18 10:46:36,5997,15,0
2024-07-18 10:46:37,2420,30,0
2024-07-18 10:46:37,2362675,34,0
2024-07-18 10:46:38,7240,30,0
2024-07-18 10:46:38,2615070,34,0
2024-07-18 10:46:39,6901,30,0
2024-07-18 10:46:39,3759753,34,0
2024-07-18 10:46:40,3129,28,0
2024-07-18 10:46:40,1278,34,0
2024-07-18 10:46:40,2549987,34,0
2024-07-18 10:47:11,3627,26,0
2024-07-18 10:47:11,71183,34,0
2024-07-18 10:47:12,5691,31,0
2024-07-18 10:47:12,3082107,34,0
2024-07-18 10:47:13,4828,32,0
2024-07-18 10:47:13,3666128,34,0
2024-07-18 10:47:14,7586,32,0
2024-07-18 10:47:14,2191986,34,0
2024-07-18 10:47:15,3921,28,0
2024-07-18 10:47:15,1278,34,0
2024-07-18 10:47:15,2731555,34,0
2024-07-18 10:47:16,6521,31,0
2024-07-18 10:47:16,4036521,34,0
2024-07-18 10:47:17,6352,29,0
2024-07-18 10:47:17,2192145,34,0
2024-07-18 10:47:18,3605,29,0
2024-07-18 10:47:18,1278,34,0
2024-07-18 10:47:18,3175007,34,0
2024-07-18 10:47:19,7783,30,0
2024-07-18 10:47:19,2556,34,0
2024-07-18 10:47:19,3523653,34,0
2024-07-18 10:47:20,2698,34,0
2024-07-18 10:47:20,1278,34,0
2024-07-18 10:47:20,2195077,34,0
2024-07-18 10:47:21,5611,29,0
2024-07-18 10:47:21,2556,34,0
2024-07-18 10:47:21,4270496,34,0
2024-07-18 10:47:29,40,43,0
2024-07-18 10:47:29,40,63,1
2024-07-18 10:47:33,100,27,0
2024-07-18 10:47:33,576,32,0
2024-07-18 10:47:33,88,40,0
2024-07-18 10:47:34,80,15,0
2024-07-18 10:47:34,556,24,0
2024-07-18 10:47:34,220,27,0
2024-07-18 10:47:34,2657,26,0
2024-07-18 10:47:34,80,40,0
2024-07-18 10:47:34,976,40,0
2024-07-18 10:47:34,448,43,0
2024-07-18 10:47:34,2811,43,0
2024-07-18 10:47:36,2092,19,0
2024-07-18 10:47:36,2742,40,0
2024-07-18 10:47:37,8130,29,0
2024-07-18 10:47:37,3834,34,0
2024-07-18 10:47:37,2526733,34,0
2024-07-18 10:47:38,2519,31,0
2024-07-18 10:47:38,2367457,34,0
2024-07-18 10:47:39,5814,31,0
2024-07-18 10:47:39,1278,34,0
2024-07-18 10:47:39,2740284,34,0
2024-07-18 10:47:40,9221,31,0
2024-07-18 10:47:40,3242295,34,0
2024-07-18 10:48:07,4600,30,0
2024-07-18 10:48:07,4641,30,0
2024-07-18 10:48:07,52517,31,0
2024-07-18 10:48:07,1278,34,0
2024-07-18 10:48:07,1039417,34,0
2024-07-18 10:48:08,10151,30,0
2024-07-18 10:48:08,2556,34,0
2024-07-18 10:48:08,4266470,34,0
2024-07-18 10:48:09,3252,28,0
2024-07-18 10:48:09,1278,34,0
2024-07-18 10:48:09,2206061,34,0
2024-07-18 10:48:10,3518,29,0
2024-07-18 10:48:10,1278,34,0
2024-07-18 10:48:10,2190981,34,0
2024-07-18 10:48:11,6988,31,0
2024-07-18 10:48:11,1278,34,0
2024-07-18 10:48:11,4508418,34,0
2024-07-18 10:48:12,7108,29,0
2024-07-18 10:48:12,2230188,34,0
2024-07-18 10:48:13,4606,32,0
2024-07-18 10:48:13,2902803,34,0
2024-07-18 10:48:14,3333,29,0
2024-07-18 10:48:14,2556,34,0
2024-07-18 10:48:14,2508596,34,0
2024-07-18 10:48:34,40,40,0
2024-07-18 10:48:34,40,43,0
2024-07-18 10:48:35,220,27,0
2024-07-18 10:48:35,1137,32,0
2024-07-18 10:48:35,300,35,0
2024-07-18 10:48:35,2657,28,0
2024-07-18 10:48:35,168,40,0
2024-07-18 10:48:35,1016,40,0
2024-07-18 10:48:35,448,43,0
2024-07-18 10:48:35,2914,43,0
2024-07-18 10:48:37,2092,32,0
2024-07-18 10:48:37,4259,32,0
2024-07-18 10:48:37,2902,40,0
2024-07-18 10:48:37,290763,34,0
2024-07-18 10:48:38,3904,29,0
2024-07-18 10:48:38,5197,26,0
2024-07-18 10:48:38,2474,28,0
2024-07-18 10:48:38,3689,22,0
2024-07-18 10:48:38,3749,36,0
2024-07-18 10:48:38,5491,27,0
2024-07-18 10:48:38,3246208,34,0
2024-07-18 10:48:38,6003,17,0
2024-07-18 10:48:38,6012,16,0
2024-07-18 10:48:38,6001,15,0
2024-07-18 10:48:39,3624,27,0
2024-07-18 10:48:39,1278,34,0
2024-07-18 10:48:39,2365415,34,0
2024-07-18 10:48:40,10037,30,0
2024-07-18 10:48:40,3988224,34,0
2024-07-18 10:48:41,3818,30,0
2024-07-18 10:48:41,1278,34,0
2024-07-18 10:48:41,2585521,34,0
2024-07-18 10:48:42,3315,28,0
2024-07-18 10:48:42,1278,34,0
2024-07-18 10:48:42,2347216,34,0
2024-07-18 10:48:43,11421,30,0
2024-07-18 10:48:43,1278,34,0
2024-07-18 10:48:43,4400005,34,0
2024-07-18 10:48:44,3581,32,0
2024-07-18 10:48:44,2368689,34,0
2024-07-18 10:48:45,3374,27,0
2024-07-18 10:48:45,2098615,34,0
2024-07-18 10:48:56,12803,30,0
2024-07-18 10:48:56,400,31,0
2024-07-18 10:48:56,1478,34,0
2024-07-18 10:48:56,14945,27,0
2024-07-18 10:48:56,256,27,0
2024-07-18 10:48:56,11541,27,0
2024-07-18 10:48:57,187,24,0
2024-07-18 10:48:57,103,27,0
2024-07-18 10:49:01,5233,27,0
2024-07-18 10:49:01,2897,44,0
2024-07-18 10:49:02,5616,36,0
2024-07-18 10:49:02,1814698,34,0
2024-07-18 10:49:03,7200,31,0
2024-07-18 10:49:03,1278,34,0
2024-07-18 10:49:03,2825613,34,0
2024-07-18 10:49:04,2532,28,0
2024-07-18 10:49:04,1965903,34,0
2024-07-18 10:49:05,2770,30,0
2024-07-18 10:49:05,2589588,34,0
2024-07-18 10:49:06,4466,33,0
2024-07-18 10:49:06,2640766,34,0
2024-07-18 10:49:08,7786,28,0
2024-07-18 10:49:08,2556,34,0
2024-07-18 10:49:08,1540155,34,0
2024-07-18 10:49:09,6053,31,0
2024-07-18 10:49:09,3406207,34,0
2024-07-18 10:49:10,4704,28,0
2024-07-18 10:49:10,1278,34,0
2024-07-18 10:49:10,3563493,34,0
2024-07-18 10:49:11,1158,26,0
2024-07-18 10:49:11,448806,34,0
2024-07-18 10:49:31,4259,27,0
2024-07-18 10:49:31,4420,30,0
2024-07-18 10:49:31,252,44,0
2024-07-18 10:49:31,263433,34,0
2024-07-18 10:49:32,58,36,0
2024-07-18 10:49:32,7574,28,0
2024-07-18 10:49:32,105,44,0
2024-07-18 10:49:32,3847544,34,0
2024-07-18 10:49:33,2697,31,0
2024-07-18 10:49:33,1278,34,0
2024-07-18 10:49:33,2398856,34,0
2024-07-18 10:49:34,8371,28,0
2024-07-18 10:49:34,3352415,34,0
2024-07-18 10:49:35,4200,30,0
2024-07-18 10:49:35,40,40,0
2024-07-18 10:49:35,40,43,0
2024-07-18 10:49:35,2815448,34,0
2024-07-18 10:49:36,3103,29,0
2024-07-18 10:49:36,1278,34,0
2024-07-18 10:49:36,2775291,34,0
2024-07-18 10:49:37,6282,32,0
2024-07-18 10:49:37,4384422,34,0
2024-07-18 10:49:38,2092,29,0
2024-07-18 10:49:38,5834,29,0
2024-07-18 10:49:38,4128,40,0
2024-07-18 10:49:38,1575863,34,0
2024-07-18 10:49:39,3380,30,0
2024-07-18 10:49:39,1278,34,0
2024-07-18 10:49:39,2755500,34,0
2024-07-18 10:49:40,6174,30,0
2024-07-18 10:49:40,1278,34,0
2024-07-18 10:49:40,4459701,34,0
2024-07-18 10:49:41,1430,31,0
2024-07-18 10:49:41,720533,34,0
2024-07-18 10:49:42,180,23,0
2024-07-18 10:49:42,1132,21,0
2024-07-18 10:49:42,140,28,0
2024-07-18 10:49:42,2578,32,0
2024-07-18 10:49:42,484,46,1
2024-07-18 10:49:42,168,40,0
2024-07-18 10:49:42,976,40,0
2024-07-18 10:49:42,408,43,0
2024-07-18 10:49:42,2195,43,0
2024-07-18 10:49:42,403794,34,0
2024-07-18 10:49:43,40,24,0
2024-07-18 10:49:43,79,36,0
2024-07-18 10:49:43,40,43,0
2024-07-18 10:49:43,705,43,0
2024-07-18 10:50:00,80,27,0
2024-07-18 10:50:10,5072,28,0
2024-07-18 10:50:10,611047,34,0
2024-07-18 10:50:11,4382,30,0
2024-07-18 10:50:11,2799429,34,0
2024-07-18 10:50:12,7606,31,0
2024-07-18 10:50:12,2556,34,0
2024-07-18 10:50:12,4559558,34,0
2024-07-18 10:50:13,7163,29,0
2024-07-18 10:50:13,1278,34,0
2024-07-18 10:50:13,2191219,34,0
2024-07-18 10:50:14,3607,32,0
2024-07-18 10:50:14,2589266,34,0
2024-07-18 10:50:15,6045,29,0
2024-07-18 10:50:15,1278,34,0
2024-07-18 10:50:15,4129593,34,0
2024-07-18 10:50:16,7632,31,0
2024-07-18 10:50:16,1278,34,0
2024-07-18 10:50:16,2225491,34,0
2024-07-18 10:50:17,3846,29,0
2024-07-18 10:50:17,2637509,34,0
2024-07-18 10:50:18,3549,29,0
2024-07-18 10:50:18,2662695,34,0
2024-07-18 10:50:19,5930,29,0
2024-07-18 10:50:19,1278,34,0
2024-07-18 10:50:19,3627566,34,0
2024-07-18 10:50:20,6179,29,0
2024-07-18 10:50:20,1278,34,0
2024-07-18 10:50:20,1672116,34,0
2024-07-18 10:50:21,4613,31,0
2024-07-18 10:50:21,3055535,34,0
2024-07-18 10:50:22,9354,30,0
2024-07-18 10:50:22,1278,34,0
2024-07-18 10:50:22,4115947,34,0
2024-07-18 10:50:23,2810,28,0
2024-07-18 10:50:23,902464,34,0
2024-07-18 10:50:39,3547,31,0
2024-07-18 10:50:39,2092,29,0
2024-07-18 10:50:39,4330,30,0
2024-07-18 10:50:39,2374,31,0
2024-07-18 10:50:39,2659,40,0
2024-07-18 10:50:39,459466,34,0
2024-07-18 10:50:40,476,35,0
2024-07-18 10:50:40,13674,30,0
2024-07-18 10:50:40,2491,29,0
2024-07-18 10:50:40,3747,23,0
2024-07-18 10:50:40,3674,34,0
2024-07-18 10:50:40,3385,29,0
2024-07-18 10:50:40,1278,34,0
2024-07-18 10:50:40,7405119,34,0
2024-07-18 10:50:40,6008,17,0
2024-07-18 10:50:40,6012,16,0
2024-07-18 10:50:40,6009,15,0
2024-07-18 10:50:41,10095,29,0
2024-07-18 10:50:41,1278,34,0
2024-07-18 10:50:41,5481204,34,0
2024-07-18 10:50:46,40,40,0
2024-07-18 10:50:46,40,43,0
2024-07-18 10:50:51,220,31,0
2024-07-18 10:50:51,2593,25,0
2024-07-18 10:50:51,180,29,0
2024-07-18 10:50:51,1131,41,0
2024-07-18 10:50:51,448,30,0
2024-07-18 10:50:51,2604,23,0
2024-07-18 10:50:51,168,82,1
2024-07-18 10:50:51,976,82,1
2024-07-18 10:51:09,10970,31,0
2024-07-18 10:51:09,2556,34,0
2024-07-18 10:51:09,4579944,34,0
2024-07-18 10:51:10,18791,29,0
2024-07-18 10:51:10,1278,34,0
2024-07-18 10:51:10,11006048,34,0
2024-07-18 10:51:11,14849,28,0
2024-07-18 10:51:11,1278,34,0
2024-07-18 10:51:11,8510006,34,0
2024-07-18 10:51:12,4858,29,0
2024-07-18 10:51:12,2734181,34,0
2024-07-18 10:51:40,1386,20,0
2024-07-18 10:51:40,3647,27,0
2024-07-18 10:51:40,2860,40,0
2024-07-18 10:51:41,1731,31,0
2024-07-18 10:51:41,12031,29,0
2024-07-18 10:51:41,3038,34,0
2024-07-18 10:51:41,2747,40,0
2024-07-18 10:51:41,3834,34,0
2024-07-18 10:51:41,6221675,34,0
2024-07-18 10:51:42,13214,31,0
2024-07-18 10:51:42,2556,34,0
2024-07-18 10:51:42,7983846,34,0
2024-07-18 10:51:43,11310,32,0
2024-07-18 10:51:43,2556,34,0
2024-07-18 10:51:43,6086077,34,0
2024-07-18 10:51:44,10232,29,0
2024-07-18 10:51:44,1278,34,0
2024-07-18 10:51:44,7936970,34,0
2024-07-18 10:51:46,140,36,0
2024-07-18 10:51:46,1956,25,0
2024-07-18 10:51:46,168,35,0
2024-07-18 10:51:46,258,29,0
2024-07-18 10:51:48,40,21,0
2024-07-18 10:51:48,1402,33,0
2024-07-18 10:51:51,40,21,0
2024-07-18 10:51:51,40,82,1
2024-07-18 10:51:59,300,22,0
2024-07-18 10:51:59,2625,28,0
2024-07-18 10:51:59,180,20,0
2024-07-18 10:51:59,1138,18,0
2024-07-18 10:51:59,448,29,0
2024-07-18 10:51:59,3131,23,0
2024-07-18 10:51:59,168,82,1
2024-07-18 10:51:59,976,82,1
2024-07-18 10:52:11,40,33,0
2024-07-18 10:52:11,40,17,0
2024-07-18 10:52:12,6405,29,0
2024-07-18 10:52:12,216,34,0
2024-07-18 10:52:12,2556,34,0
2024-07-18 10:52:12,2179199,34,0
2024-07-18 10:52:13,17325,30,0
2024-07-18 10:52:13,3834,34,0
2024-07-18 10:52:13,10263368,34,0
2024-07-18 10:52:14,12806,32,0
2024-07-18 10:52:14,2556,34,0
2024-07-18 10:52:14,8759110,34,0
2024-07-18 10:52:15,8788,28,0
2024-07-18 10:52:15,6390,34,0
2024-07-18 10:52:15,6834175,34,0
2024-07-18 10:52:17,4557,31,0
2024-07-18 10:52:17,56496,18,0
2024-07-18 10:52:41,2026,31,0
2024-07-18 10:52:41,178,40,0
2024-07-18 10:52:42,2586,32,0
2024-07-18 10:52:42,189,39,0
2024-07-18 10:52:42,14000,29,0
2024-07-18 10:52:42,2471,24,0
2024-07-18 10:52:42,2541,37,0
2024-07-18 10:52:42,2467,23,0
2024-07-18 10:52:42,5181,28,0
2024-07-18 10:52:42,2635,40,0
2024-07-18 10:52:42,1278,34,0
2024-07-18 10:52:42,6533512,34,0
2024-07-18 10:52:42,6006,17,0
2024-07-18 10:52:42,5999,16,0
2024-07-18 10:52:42,5999,15,0
2024-07-18 10:52:43,15153,29,0
2024-07-18 10:52:43,9220737,34,0
2024-07-18 10:52:44,11547,29,0
2024-07-18 10:52:44,1278,34,0
2024-07-18 10:52:44,7012008,34,0
2024-07-18 10:53:01,40,35,0
2024-07-18 10:53:01,40,82,1
2024-07-18 10:53:02,180,29,0
2024-07-18 10:53:02,1137,27,0
2024-07-18 10:53:02,220,35,0
2024-07-18 10:53:02,2593,35,0
2024-07-18 10:53:02,168,40,0
2024-07-18 10:53:02,976,40,0
2024-07-18 10:53:02,448,25,0
2024-07-18 10:53:02,2787,31,0
2024-07-18 10:53:23,6838,23,0
2024-07-18 10:53:23,120,34,0
2024-07-18 10:53:24,10352,30,0
2024-07-18 10:53:24,5112,34,0
2024-07-18 10:53:24,8580306,34,0
2024-07-18 10:53:25,14992,29,0
2024-07-18 10:53:25,3834,34,0
2024-07-18 10:53:25,9470297,34,0
2024-07-18 10:53:26,10548,29,0
2024-07-18 10:53:26,2556,34,0
2024-07-18 10:53:26,7948167,34,0
2024-07-18 10:53:27,16088,29,0
2024-07-18 10:53:27,8632551,34,0
2024-07-18 10:53:28,14441,30,0
2024-07-18 10:53:28,8555210,34,0
2024-07-18 10:53:29,6987,29,0
2024-07-18 10:53:29,5154062,34,0
2024-07-18 10:53:42,2092,34,0
2024-07-18 10:53:42,3507,44,0
2024-07-18 10:53:42,2740,40,0
2024-07-18 10:53:42,20603,34,0
2024-07-18 10:53:43,8780,30,0
2024-07-18 10:53:43,1278,34,0
2024-07-18 10:53:43,6677104,34,0
2024-07-18 10:53:44,10812,30,0
2024-07-18 10:53:44,5254211,34,0
2024-07-18 10:54:07,180,24,0
2024-07-18 10:54:07,1137,28,0
2024-07-18 10:54:07,208,40,0
2024-07-18 10:54:07,976,40,0
2024-07-18 10:54:07,40,57,1
2024-07-18 10:54:08,300,36,0
2024-07-18 10:54:08,2625,26,0
2024-07-18 10:54:08,448,26,0
2024-07-18 10:54:08,2946,29,0
2024-07-18 10:54:25,11458,27,0
2024-07-18 10:54:25,2556,34,0
2024-07-18 10:54:25,3198146,34,0
2024-07-18 10:54:26,14939,30,0
2024-07-18 10:54:26,1278,34,0
2024-07-18 10:54:26,9105861,34,0
2024-07-18 10:54:27,12541,30,0
2024-07-18 10:54:27,1278,34,0
2024-07-18 10:54:27,6468028,34,0
2024-07-18 10:54:28,13550,32,0
2024-07-18 10:54:28,2556,34,0
2024-07-18 10:54:28,7271771,34,0
2024-07-18 10:54:29,10809,30,0
2024-07-18 10:54:29,2556,34,0
2024-07-18 10:54:29,9875176,34,0
2024-07-18 10:54:30,2304,29,0
2024-07-18 10:54:30,1669533,34,0
2024-07-18 10:54:31,6423,31,0
2024-07-18 10:54:31,2911,36,0
2024-07-18 10:54:33,10414,29,0
2024-07-18 10:54:33,1278,34,0
2024-07-18 10:54:33,3965685,34,0
2024-07-18 10:54:34,8524,30,0
2024-07-18 10:54:34,2556,34,0
2024-07-18 10:54:34,6147840,34,0
2024-07-18 10:54:36,901,34,0
2024-07-18 10:54:36,303,46,1
2024-07-18 10:54:36,303,19,0
2024-07-18 10:54:36,375,40,0
2024-07-18 10:54:36,2667,27,0
2024-07-18 10:54:36,167,17,0
2024-07-18 10:54:36,167,16,0
2024-07-18 10:54:36,167,15,0
2024-07-18 10:54:43,2093,32,0
2024-07-18 10:54:43,2695,40,0
2024-07-18 10:54:44,10470,29,0
2024-07-18 10:54:44,4797734,34,0
2024-07-18 10:54:45,5690,29,0
2024-07-18 10:54:45,2556,34,0
2024-07-18 10:54:45,4805434,34,0
2024-07-18 10:54:57,2119,21,0
2024-07-18 10:54:57,7287,28,0
2024-07-18 10:54:57,1289,40,0
2024-07-18 10:54:57,3393994,34,0
2024-07-18 10:54:58,9607,30,0
2024-07-18 10:54:58,1278,34,0
2024-07-18 10:54:58,7343557,34,0
2024-07-18 10:55:07,40,40,0
2024-07-18 10:55:07,40,56,1
2024-07-18 10:55:08,260,27,0
2024-07-18 10:55:08,2561,26,0
2024-07-18 10:55:08,180,23,0
2024-07-18 10:55:08,1137,47,1
2024-07-18 10:55:08,448,27,0
2024-07-18 10:55:08,2982,30,0
2024-07-18 10:55:08,168,80,1
2024-07-18 10:55:08,976,80,1
2024-07-18 10:55:11,100,36,0
2024-07-18 10:55:11,568,28,0
2024-07-18 10:55:11,88,112,1
2024-07-18 10:55:12,480,33,0
2024-07-18 10:55:12,1987,27,0
2024-07-18 10:55:12,440,112,1
2024-07-18 10:55:12,46011,112,1
2024-07-18 10:55:13,80,32,0
2024-07-18 10:55:13,64,18,0
2024-07-18 10:55:13,80,112,1
2024-07-18 10:55:13,5845,112,1
2024-07-18 10:55:34,7378,31,0
2024-07-18 10:55:34,2796810,34,0
2024-07-18 10:55:35,11342,30,0
2024-07-18 10:55:35,2556,34,0
2024-07-18 10:55:35,7954561,34,0
2024-07-18 10:55:36,12312,28,0
2024-07-18 10:55:36,216,34,0
2024-07-18 10:55:36,7039597,34,0
2024-07-18 10:55:37,14547,30,0
2024-07-18 10:55:37,1278,34,0
2024-07-18 10:55:37,9227919,34,0
2024-07-18 10:55:38,13539,29,0
2024-07-18 10:55:38,3834,34,0
2024-07-18 10:55:38,8757935,34,0
2024-07-18 10:55:39,6120,30,0
2024-07-18 10:55:39,4597394,34,0
2024-07-18 10:55:44,3179,41,0
2024-07-18 10:55:44,3699,27,0
2024-07-18 10:55:44,2657,40,0
2024-07-18 10:55:44,83167,34,0
2024-07-18 10:55:45,7913,32,0
2024-07-18 10:55:45,1278,34,0
2024-07-18 10:55:45,4813555,34,0
2024-07-18 10:55:46,4190,30,0
2024-07-18 10:55:46,4763247,34,0
2024-07-18 10:56:08,40,32,0
2024-07-18 10:56:08,40,80,1
2024-07-18 10:56:14,180,28,0
2024-07-18 10:56:14,1138,26,0
2024-07-18 10:56:14,180,32,0
2024-07-18 10:56:14,2625,25,0
2024-07-18 10:56:14,168,36,0
2024-07-18 10:56:14,976,36,0
2024-07-18 10:56:14,448,29,0
2024-07-18 10:56:14,2695,24,0
2024-07-18 10:56:24,9309,30,0
2024-07-18 10:56:24,1278,34,0
2024-07-18 10:56:24,4131210,34,0
2024-07-18 10:56:25,18053,30,0
2024-07-18 10:56:25,3834,34,0
2024-07-18 10:56:25,10973354,34,0
2024-07-18 10:56:26,9937,29,0
2024-07-18 10:56:26,432,34,0
2024-07-18 10:56:26,1278,34,0
2024-07-18 10:56:26,4701426,34,0
2024-07-18 10:56:27,2981,32,0
2024-07-18 10:56:27,12457,29,0
2024-07-18 10:56:27,44275,30,0
2024-07-18 10:56:27,7724426,34,0
2024-07-18 10:56:28,16401,30,0
2024-07-18 10:56:28,1278,34,0
2024-07-18 10:56:28,9304393,34,0
2024-07-18 10:56:29,843,27,0
2024-07-18 10:56:29,3233,29,0
2024-07-18 10:56:29,300,30,0
2024-07-18 10:56:29,300,38,0
2024-07-18 10:56:29,300,32,0
2024-07-18 10:56:29,2564,28,0
2024-07-18 10:56:29,2069573,34,0
2024-07-18 10:56:29,167,17,0
2024-07-18 10:56:29,167,16,0
2024-07-18 10:56:29,167,15,0
2024-07-18 10:56:45,2281,32,0
2024-07-18 10:56:45,2781,40,0
2024-07-18 10:56:46,60,35,0
2024-07-18 10:56:46,19138,32,0
2024-07-18 10:56:46,109,40,0
2024-07-18 10:56:46,2556,34,0
2024-07-18 10:56:46,4665692,34,0
2024-07-18 10:56:47,13442,30,0
2024-07-18 10:56:47,2556,34,0
2024-07-18 10:56:47,7182352,34,0
2024-07-18 10:56:48,7026,27,0
2024-07-18 10:56:48,5112,34,0
2024-07-18 10:56:48,6557357,34,0
2024-07-18 10:57:19,140,40,0
2024-07-18 10:57:19,1137,33,0
2024-07-18 10:57:19,40,36,0
2024-07-18 10:57:19,40,17,0
2024-07-18 10:57:19,168,39,0
2024-07-18 10:57:19,818,39,0
2024-07-18 10:57:20,340,31,0
2024-07-18 10:57:20,2593,27,0
2024-07-18 10:57:20,40,17,0
2024-07-18 10:57:20,448,26,0
2024-07-18 10:57:20,2893,31,0
2024-07-18 10:57:20,158,39,0
2024-07-18 10:57:23,7692,32,0
2024-07-18 10:57:23,1086655,34,0
2024-07-18 10:57:24,17029,29,0
2024-07-18 10:57:24,2556,34,0
2024-07-18 10:57:24,11820137,34,0
2024-07-18 10:57:25,17979,31,0
2024-07-18 10:57:25,9770826,34,0
2024-07-18 10:57:26,14012,30,0
2024-07-18 10:57:26,9130713,34,0
2024-07-18 10:57:27,8519,30,0
2024-07-18 10:57:27,1278,34,0
2024-07-18 10:57:27,7254688,34,0
2024-07-18 10:57:46,2026,23,0
2024-07-18 10:57:46,4547,28,0
2024-07-18 10:57:46,171,40,0
2024-07-18 10:57:46,144630,34,0
2024-07-18 10:57:47,129,54,1
2024-07-18 10:57:47,12638,28,0
2024-07-18 10:57:47,3904,40,0
2024-07-18 10:57:47,2556,34,0
2024-07-18 10:57:47,10248440,34,0
2024-07-18 10:57:48,16090,29,0
2024-07-18 10:57:48,2556,34,0
2024-07-18 10:57:48,10066181,34,0
2024-07-18 10:57:49,1995,33,0
2024-07-18 10:57:49,1516441,34,0
2024-07-18 10:58:19,40,39,0
2024-07-18 10:58:24,9634,29,0
2024-07-18 10:58:24,40,35,0
2024-07-18 10:58:24,2610504,34,0
2024-07-18 10:58:25,140,36,0
2024-07-18 10:58:25,2561,31,0
2024-07-18 10:58:25,1075,24,0
2024-07-18 10:58:25,220,24,0
2024-07-18 10:58:25,1138,26,0
2024-07-18 10:58:25,8885,28,0
2024-07-18 10:58:25,301,25,0
2024-07-18 10:58:25,300,35,0
2024-07-18 10:58:25,300,19,0
2024-07-18 10:58:25,448,38,0
2024-07-18 10:58:25,2924,39,0
2024-07-18 10:58:25,2775,26,0
2024-07-18 10:58:25,168,39,0
2024-07-18 10:58:25,1016,39,0
2024-07-18 10:58:25,1278,34,0
2024-07-18 10:58:25,6643792,34,0
2024-07-18 10:58:25,167,17,0
2024-07-18 10:58:25,167,16,0
2024-07-18 10:58:25,167,15,0
2024-07-18 10:58:26,13838,29,0
2024-07-18 10:58:26,1278,34,0
2024-07-18 10:58:26,8295945,34,0
2024-07-18 10:58:27,16111,30,0
2024-07-18 10:58:27,8958404,34,0
2024-07-18 10:58:28,16823,31,0
2024-07-18 10:58:28,2556,34,0
2024-07-18 10:58:28,9867239,34,0
2024-07-18 10:58:29,7617,31,0
2024-07-18 10:58:29,2556,34,0
2024-07-18 10:58:29,5907882,34,0
2024-07-18 10:58:30,193,35,0
2024-07-18 10:58:30,66074,34,0
2024-07-18 10:58:31,6508,30,0
2024-07-18 10:58:31,1030780,34,0
2024-07-18 10:58:32,10496,28,0
2024-07-18 10:58:32,2556,34,0
2024-07-18 10:58:32,5815359,34,0
2024-07-18 10:58:33,3316,26,0
2024-07-18 10:58:33,1278,34,0
2024-07-18 10:58:33,3171127,34,0
2024-07-18 10:58:47,2093,22,0
2024-07-18 10:58:47,2692,40,0
2024-07-18 10:58:48,16768,30,0
2024-07-18 10:58:48,7432068,34,0
2024-07-18 10:58:49,5069,28,0
2024-07-18 10:58:49,1278,34,0
2024-07-18 10:58:49,3363312,34,0
2024-07-18 10:59:20,8696,31,0
2024-07-18 10:59:20,235858,34,0
2024-07-18 10:59:21,10264,29,0
2024-07-18 10:59:21,9447180,34,0
2024-07-18 10:59:22,11359,29,0
2024-07-18 10:59:22,2556,34,0
2024-07-18 10:59:22,6401684,34,0
2024-07-18 10:59:23,10978,31,0
2024-07-18 10:59:23,1278,34,0
2024-07-18 10:59:23,6335657,34,0
2024-07-18 10:59:24,17408,30,0
2024-07-18 10:59:24,2556,34,0
2024-07-18 10:59:24,9495275,34,0
2024-07-18 10:59:25,2895,29,0
2024-07-18 10:59:25,1278,34,0
2024-07-18 10:59:25,2323868,34,0
2024-07-18 10:59:30,40,21,0
2024-07-18 10:59:30,40,39,0
2024-07-18 10:59:31,6590,24,0
2024-07-18 10:59:31,2898,45,0
2024-07-18 10:59:32,60,21,0
2024-07-18 10:59:32,180,26,0
2024-07-18 10:59:32,1137,29,0
2024-07-18 10:59:32,6578,26,0
2024-07-18 10:59:32,168,39,0
2024-07-18 10:59:32,936,39,0
2024-07-18 10:59:32,844818,34,0
2024-07-18 10:59:33,160,27,0
2024-07-18 10:59:33,2625,28,0
2024-07-18 10:59:33,7949,30,0
2024-07-18 10:59:33,368,36,0
2024-07-18 10:59:33,2703,32,0
2024-07-18 10:59:33,7136133,34,0
2024-07-18 10:59:48,2032,31,0
2024-07-18 10:59:48,5037,30,0
2024-07-18 10:59:48,2818,40,0
2024-07-18 10:59:48,1308108,34,0
2024-07-18 10:59:49,10846,29,0
2024-07-18 10:59:49,3834,34,0
2024-07-18 10:59:49,7378436,34,0
2024-07-18 10:59:51,7379,30,0
2024-07-18 10:59:51,2556,34,0
2024-07-18 10:59:51,2846939,34,0
2024-07-18 10:59:52,7730,30,0
2024-07-18 10:59:52,5112,34,0
2024-07-18 10:59:52,6664042,34,0
2024-07-18 10:59:54,200,31,0
2024-07-18 10:59:54,40,39,0
2024-07-18 11:00:21,2039,25,0
2024-07-18 11:00:21,6481,32,0
2024-07-18 11:00:21,550,40,0
2024-07-18 11:00:21,3834,34,0
2024-07-18 11:00:21,3068729,34,0
2024-07-18 11:00:22,1062,30,0
2024-07-18 11:00:22,13264,31,0
2024-07-18 11:00:22,364,22,0
2024-07-18 11:00:22,300,35,0
2024-07-18 11:00:22,300,22,0
2024-07-18 11:00:22,2624,30,0
2024-07-18 11:00:22,8048851,34,0
2024-07-18 11:00:22,166,17,0
2024-07-18 11:00:22,167,16,0
2024-07-18 11:00:22,167,15,0
2024-07-18 11:00:23,9538,27,0
2024-07-18 11:00:23,1278,34,0
2024-07-18 11:00:23,7824387,34,0
2024-07-18 11:00:24,12582,31,0
2024-07-18 11:00:24,2029,34,0
2024-07-18 11:00:24,7554539,34,0
2024-07-18 11:00:25,2430,33,0
2024-07-18 11:00:25,1930238,34,0
2024-07-18 11:00:31,1701,35,0
2024-07-18 11:00:31,250,45,0
2024-07-18 11:00:33,5758,29,0
2024-07-18 11:00:33,1428965,34,0
2024-07-18 11:00:34,11130,30,0
2024-07-18 11:00:34,1278,34,0
2024-07-18 11:00:34,8475242,34,0
2024-07-18 11:00:36,40,16,0
2024-07-18 11:00:37,4139,29,0
2024-07-18 11:00:37,40224,29,0
2024-07-18 11:00:49,1388,34,0
2024-07-18 11:00:49,2093,26,0
2024-07-18 11:00:49,2602,40,0
2024-07-18 11:00:50,2950,39,0
2024-07-18 11:00:50,13974,29,0
2024-07-18 11:00:50,3041,30,0
2024-07-18 11:00:50,54,40,0
2024-07-18 11:00:50,7668,34,0
2024-07-18 11:00:50,8268265,34,0
2024-07-18 11:00:52,10226,29,0
2024-07-18 11:00:52,2556,34,0
2024-07-18 11:00:52,5341445,34,0
2024-07-18 11:00:53,2937,28,0
2024-07-18 11:00:53,2209077,34,0
2024-07-18 11:00:56,40,39,0
2024-07-18 11:01:02,180,36,0
2024-07-18 11:01:02,1131,21,0
2024-07-18 11:01:02,300,30,0
2024-07-18 11:01:02,2657,26,0
2024-07-18 11:01:02,168,40,0
2024-07-18 11:01:02,936,40,0
2024-07-18 11:01:02,448,33,0
2024-07-18 11:01:02,3121,29,0
2024-07-18 11:01:33,11412,30,0
2024-07-18 11:01:33,2556,34,0
2024-07-18 11:01:33,3717940,34,0
2024-07-18 11:01:34,15891,30,0
2024-07-18 11:01:34,3834,34,0
2024-07-18 11:01:34,10408408,34,0
2024-07-18 11:01:35,15571,31,0
2024-07-18 11:01:35,2556,34,0
2024-07-18 11:01:35,8481521,34,0
2024-07-18 11:01:36,16553,28,0
2024-07-18 11:01:36,1278,34,0
2024-07-18 11:01:36,10043117,34,0
2024-07-18 11:01:37,13795,31,0
2024-07-18 11:01:37,1278,34,0
2024-07-18 11:01:37,9395462,34,0
2024-07-18 11:01:38,465,32,0
2024-07-18 11:01:38,234300,34,0
2024-07-18 11:01:50,2026,39,0
2024-07-18 11:01:50,114,40,0
2024-07-18 11:01:51,67,32,0
2024-07-18 11:01:51,12540,30,0
2024-07-18 11:01:51,5518,40,0
2024-07-18 11:01:51,2556,34,0
2024-07-18 11:01:51,6357367,34,0
2024-07-18 11:01:52,13708,30,0
2024-07-18 11:01:52,1278,34,0
2024-07-18 11:01:52,8499359,34,0
2024-07-18 11:01:53,7890,31,0
2024-07-18 11:01:53,5583069,34,0
2024-07-18 11:02:02,40,40,0
2024-07-18 11:02:02,40,32,0
2024-07-18 11:02:03,180,25,0
2024-07-18 11:02:03,1132,27,0
2024-07-18 11:02:03,220,21,0
2024-07-18 11:02:03,2593,28,0
2024-07-18 11:02:03,168,40,0
2024-07-18 11:02:03,976,40,0
2024-07-18 11:02:03,448,28,0
2024-07-18 11:02:03,2770,29,0
2024-07-18 11:02:33,6766,29,0
2024-07-18 11:02:33,669873,34,0
2024-07-18 11:02:34,2589,28,0
2024-07-18 11:02:34,15811,31,0
2024-07-18 11:02:34,3680,35,0
2024-07-18 11:02:34,3704,33,0
2024-07-18 11:02:34,3740,25,0
2024-07-18 11:02:34,5212,25,0
2024-07-18 11:02:34,5112,34,0
2024-07-18 11:02:34,9537598,34,0
2024-07-18 11:02:34,5999,17,0
2024-07-18 11:02:34,5995,16,0
2024-07-18 11:02:34,6005,15,0
2024-07-18 11:02:35,11225,28,0
2024-07-18 11:02:35,9122366,34,0
2024-07-18 11:02:36,12046,31,0
2024-07-18 11:02:36,1278,34,0
2024-07-18 11:02:36,7667613,34,0
2024-07-18 11:02:37,12214,29,0
2024-07-18 11:02:37,5112,34,0
2024-07-18 11:02:37,6915852,34,0
2024-07-18 11:02:38,3497,32,0
2024-07-18 11:02:38,2909772,34,0
2024-07-18 11:02:51,2093,27,0
2024-07-18 11:02:51,3439,25,0
2024-07-18 11:02:51,2611,40,0
2024-07-18 11:02:52,10516,30,0
2024-07-18 11:02:52,54,40,0
2024-07-18 11:02:52,2556,34,0
2024-07-18 11:02:52,7408884,34,0
2024-07-18 11:02:53,11700,32,0
2024-07-18 11:02:53,6656889,34,0
2024-07-18 11:02:54,2100,30,0
2024-07-18 11:02:54,684313,34,0
2024-07-18 11:03:08,180,43,0
2024-07-18 11:03:08,1137,40,0
2024-07-18 11:03:08,140,29,0
2024-07-18 11:03:08,2050,34,0
2024-07-18 11:03:08,168,39,0
2024-07-18 11:03:08,976,39,0
2024-07-18 11:03:08,40,40,0
2024-07-18 11:03:08,40,18,0
2024-07-18 11:03:08,288,34,0
2024-07-18 11:03:08,1509,34,0
2024-07-18 11:03:09,120,30,0
2024-07-18 11:03:09,575,29,0
2024-07-18 11:03:09,160,34,0
2024-07-18 11:03:09,1303,34,0
2024-07-18 11:03:34,12128,28,0
2024-07-18 11:03:34,1278,34,0
2024-07-18 11:03:34,4380504,34,0
2024-07-18 11:03:35,17326,30,0
2024-07-18 11:03:35,8512792,34,0
2024-07-18 11:03:36,18930,28,0
2024-07-18 11:03:36,1278,34,0
2024-07-18 11:03:36,9293137,34,0
2024-07-18 11:03:37,15032,32,0
2024-07-18 11:03:37,1278,34,0
2024-07-18 11:03:37,7338618,34,0
2024-07-18 11:03:38,13400,29,0
2024-07-18 11:03:38,2556,34,0
2024-07-18 11:03:38,8379826,34,0
2024-07-18 11:03:52,2155,25,0
2024-07-18 11:03:52,7281,28,0
2024-07-18 11:03:52,3965,40,0
2024-07-18 11:03:52,2556,34,0
2024-07-18 11:03:52,1966277,34,0
2024-07-18 11:03:53,10287,32,0
2024-07-18 11:03:53,7198383,34,0
2024-07-18 11:03:54,7068,30,0
2024-07-18 11:03:54,1278,34,0
2024-07-18 11:03:54,2099494,34,0
2024-07-18 11:03:55,9889,32,0
2024-07-18 11:03:55,2556,34,0
2024-07-18 11:03:55,6453369,34,0
2024-07-18 11:04:08,60,39,0
2024-07-18 11:04:08,40,39,0
2024-07-18 11:04:08,40,34,0
2024-07-18 11:04:09,160,29,0
2024-07-18 11:04:09,1137,46,1
2024-07-18 11:04:09,340,25,0
2024-07-18 11:04:09,2593,28,0
2024-07-18 11:04:09,168,39,0
2024-07-18 11:04:09,1016,39,0
2024-07-18 11:04:09,448,34,0
2024-07-18 11:04:09,2784,34,0
2024-07-18 11:04:31,689,37,0
2024-07-18 11:04:31,7742,26,0
2024-07-18 11:04:31,4224,25,0
2024-07-18 11:04:31,2347,40,0
2024-07-18 11:04:32,568,27,0
2024-07-18 11:04:32,452,28,0
2024-07-18 11:04:32,12457,29,0
2024-07-18 11:04:32,304,27,0
2024-07-18 11:04:32,303,29,0
2024-07-18 11:04:32,303,44,0
2024-07-18 11:04:32,3544,28,0
2024-07-18 11:04:32,1881,40,0
2024-07-18 11:04:32,7668,34,0
2024-07-18 11:04:32,8890757,34,0
2024-07-18 11:04:32,167,17,0
2024-07-18 11:04:32,167,16,0
2024-07-18 11:04:32,167,15,0
2024-07-18 11:04:33,13764,30,0
2024-07-18 11:04:33,216,34,0
2024-07-18 11:04:33,2556,34,0
2024-07-18 11:04:33,8764673,34,0
2024-07-18 11:04:34,15016,29,0
2024-07-18 11:04:34,1278,34,0
2024-07-18 11:04:34,8175219,34,0
2024-07-18 11:04:35,12282,29,0
2024-07-18 11:04:35,7031126,34,0
2024-07-18 11:04:41,252,21,0
2024-07-18 11:04:41,252,19,0
2024-07-18 11:04:42,220,30,0
2024-07-18 11:04:42,2820,29,0
2024-07-18 11:04:42,2964,22,0
2024-07-18 11:04:42,1826,22,0
2024-07-18 11:04:44,40,16,0
2024-07-18 11:04:44,1397,22,0
2024-07-18 11:04:47,4433,29,0
2024-07-18 11:04:47,6797,27,0
2024-07-18 11:04:47,52883,18,0
2024-07-18 11:04:47,2587376,34,0
2024-07-18 11:04:48,5780,31,0
2024-07-18 11:04:48,1278,34,0
2024-07-18 11:04:48,4163512,34,0
2024-07-18 11:04:53,2092,23,0
2024-07-18 11:04:53,3951,24,0
2024-07-18 11:04:53,2855,40,0
2024-07-18 11:04:53,268602,34,0
2024-07-18 11:04:54,9421,28,0
2024-07-18 11:04:54,1278,34,0
2024-07-18 11:04:54,7047631,34,0
2024-07-18 11:04:55,1724,29,0
2024-07-18 11:04:55,2556,34,0
2024-07-18 11:04:55,1940011,34,0
2024-07-18 11:04:58,280,31,0
2024-07-18 11:04:58,3096,30,0
2024-07-18 11:04:58,536,33,0
2024-07-18 11:04:58,10869,33,0
2024-07-18 11:04:59,160,30,0
2024-07-18 11:04:59,142,19,0
2024-07-18 11:04:59,240,33,0
2024-07-18 11:04:59,142,33,0
2024-07-18 11:05:00,100,25,0
2024-07-18 11:05:00,557,24,0
2024-07-18 11:05:00,100,29,0
2024-07-18 11:05:00,557,14,0
2024-07-18 11:05:00,88,43,0
2024-07-18 11:05:00,88,40,0
2024-07-18 11:05:01,80,18,0
2024-07-18 11:05:01,2889,25,0
2024-07-18 11:05:01,160,31,0
2024-07-18 11:05:01,2095,17,0
2024-07-18 11:05:01,200,32,0
2024-07-18 11:05:01,3710,31,0
2024-07-18 11:05:01,160,43,0
2024-07-18 11:05:01,1323,43,0
2024-07-18 11:05:01,120,40,0
2024-07-18 11:05:01,7147,40,0
2024-07-18 11:05:01,520,34,0
2024-07-18 11:05:01,2596,34,0
2024-07-18 11:05:02,80,25,0
2024-07-18 11:05:02,949,32,0
2024-07-18 11:05:02,240,34,0
2024-07-18 11:05:02,1159,34,0
2024-07-18 11:05:09,40,39,0
2024-07-18 11:05:11,180,34,0
2024-07-18 11:05:11,1137,29,0
2024-07-18 11:05:11,80,40,0
2024-07-18 11:05:11,1024,47,1
2024-07-18 11:05:11,168,39,0
2024-07-18 11:05:11,976,39,0
2024-07-18 11:05:11,280,34,0
2024-07-18 11:05:11,1157,34,0
2024-07-18 11:05:19,267,32,0
2024-07-18 11:05:19,440,26,0
2024-07-18 11:05:19,1015,40,0
2024-07-18 11:05:19,75,31,0
2024-07-18 11:05:19,3741,26,0
2024-07-18 11:05:19,260,37,0
2024-07-18 11:05:19,556,30,0
2024-07-18 11:05:19,186,87,1
2024-07-18 11:05:19,416,87,1
2024-07-18 11:05:19,5048,87,1
2024-07-18 11:05:19,91,19,0
2024-07-18 11:05:19,7914,19,0
2024-07-18 11:05:19,288,19,0
2024-07-18 11:05:19,5362,19,0
2024-07-18 11:05:20,180,29,0
2024-07-18 11:05:20,1050,29,0
2024-07-18 11:05:20,220,27,0
2024-07-18 11:05:20,1098,37,0
2024-07-18 11:05:20,1045,26,0
2024-07-18 11:05:20,168,36,0
2024-07-18 11:05:20,976,36,0
2024-07-18 11:05:20,288,21,0
2024-07-18 11:05:20,3869,21,0
2024-07-18 11:05:20,2492,19,0
2024-07-18 11:05:21,260,34,0
2024-07-18 11:05:21,1789,32,0
2024-07-18 11:05:21,348,42,0
2024-07-18 11:05:21,368,25,0
2024-07-18 11:05:21,5274,25,0
2024-07-18 11:05:21,810,19,0
2024-07-18 11:05:23,300,28,0
2024-07-18 11:05:23,1622,44,0
2024-07-18 11:05:23,288,21,0
2024-07-18 11:05:23,4698,21,0
2024-07-18 11:05:25,40,16,0
2024-07-18 11:05:25,40,40,0
2024-07-18 11:05:27,40,56,1
2024-07-18 11:05:27,40,22,0
2024-07-18 11:05:28,40,22,0
2024-07-18 11:05:29,231,30,0
2024-07-18 11:05:29,741,19,0
2024-07-18 11:05:30,220,21,0
2024-07-18 11:05:30,1955,41,0
2024-07-18 11:05:30,118,29,0
2024-07-18 11:05:30,368,18,0
2024-07-18 11:05:30,1576,18,0
2024-07-18 11:05:30,70,19,0
2024-07-18 11:05:31,40,57,1
2024-07-18 11:05:31,221,42,0
2024-07-18 11:05:31,40,30,0
2024-07-18 11:05:31,80,30,0
2024-07-18 11:05:31,6383,37,0
2024-07-18 11:05:31,348,18,0
2024-07-18 11:05:31,80,25,0
2024-07-18 11:05:31,346,25,0
2024-07-18 11:05:31,2830,21,0
2024-07-18 11:05:31,640,18,0
2024-07-18 11:05:31,3099,18,0
2024-07-18 11:05:31,811,19,0
2024-07-18 11:05:32,1367,27,0
2024-07-18 11:05:32,40,32,0
2024-07-18 11:05:32,360,29,0
2024-07-18 11:05:32,4888,39,0
2024-07-18 11:05:32,349,35,0
2024-07-18 11:05:32,8415,24,0
2024-07-18 11:05:32,373,21,0
2024-07-18 11:05:32,280,18,0
2024-07-18 11:05:32,7340,18,0
2024-07-18 11:05:32,811,19,0
2024-07-18 11:05:33,80,32,0
2024-07-18 11:05:33,79,23,0
2024-07-18 11:05:33,348,31,0
2024-07-18 11:05:33,40,18,0
2024-07-18 11:05:33,2282,18,0
2024-07-18 11:05:33,812,19,0
2024-07-18 11:05:34,7621,28,0
2024-07-18 11:05:34,1278,34,0
2024-07-18 11:05:34,2403473,34,0
2024-07-18 11:05:35,13954,30,0
2024-07-18 11:05:35,1278,34,0
2024-07-18 11:05:35,9338312,34,0
2024-07-18 11:05:36,11276,29,0
2024-07-18 11:05:36,3834,34,0
2024-07-18 11:05:36,8972044,34,0
2024-07-18 11:05:37,11613,29,0
2024-07-18 11:05:37,1278,34,0
2024-07-18 11:05:37,7097155,34,0
2024-07-18 11:05:38,2213,27,0
2024-07-18 11:05:38,2531222,34,0
2024-07-18 11:05:41,160,32,0
2024-07-18 11:05:41,2412,23,0
2024-07-18 11:05:41,160,18,0
2024-07-18 11:05:41,2716,18,0
2024-07-18 11:05:43,180,17,0
2024-07-18 11:05:43,955,33,0
2024-07-18 11:05:43,168,22,0
2024-07-18 11:05:43,5028,22,0
2024-07-18 11:05:44,8039,33,0
2024-07-18 11:05:44,180,30,0
2024-07-18 11:05:44,860,25,0
2024-07-18 11:05:44,40,32,0
2024-07-18 11:05:44,5326,39,0
2024-07-18 11:05:44,168,32,0
2024-07-18 11:05:44,4746,26,0
