Time,Length,ARTT,Status
2024-06-26 16:10:56,60,46,1
2024-06-26 16:10:57,160,31,0
2024-06-26 16:10:57,1128,28,0
2024-06-26 16:10:57,168,34,0
2024-06-26 16:10:57,6181,62,1
2024-06-26 16:10:59,220,29,0
2024-06-26 16:10:59,2866,43,0
2024-06-26 16:10:59,1280,45,0
2024-06-26 16:10:59,13357,47,1
2024-06-26 16:10:59,340,46,1
2024-06-26 16:10:59,1818,82,1
2024-06-26 16:10:59,248,43,0
2024-06-26 16:10:59,7520,43,0
2024-06-26 16:10:59,44224,26,0
2024-06-26 16:10:59,31199,26,0
2024-06-26 16:10:59,1624,61,1
2024-06-26 16:10:59,5282,61,1
2024-06-26 16:11:00,8360,44,0
2024-06-26 16:11:00,8554,45,0
2024-06-26 16:11:00,180,60,1
2024-06-26 16:11:00,6365,57,1
2024-06-26 16:11:00,80,42,0
2024-06-26 16:11:00,1428,21,0
2024-06-26 16:11:00,200,52,1
2024-06-26 16:11:00,13721,72,1
2024-06-26 16:11:00,740,37,0
2024-06-26 16:11:00,3465,41,0
2024-06-26 16:11:00,946758,56,1
2024-06-26 16:11:00,886231,56,1
2024-06-26 16:11:00,288,31,0
2024-06-26 16:11:00,5846,65,1
2024-06-26 16:11:00,80,43,0
2024-06-26 16:11:00,870,43,0
2024-06-26 16:11:00,9886,26,0
2024-06-26 16:11:00,22226,26,0
2024-06-26 16:11:00,1144,32,0
2024-06-26 16:11:00,20485,32,0
2024-06-26 16:11:01,3040,43,0
2024-06-26 16:11:01,1574,47,1
2024-06-26 16:11:01,2080,38,0
2024-06-26 16:11:01,3067,35,0
2024-06-26 16:11:01,80,54,1
2024-06-26 16:11:01,120,28,0
2024-06-26 16:11:01,8475,38,0
2024-06-26 16:11:01,724,35,0
2024-06-26 16:11:01,423247,56,1
2024-06-26 16:11:01,582159,56,1
2024-06-26 16:11:01,195686,46,1
2024-06-26 16:11:01,159024,46,1
2024-06-26 16:11:01,271,62,1
2024-06-26 16:11:01,4334,26,0
2024-06-26 16:11:01,10470,26,0
2024-06-26 16:11:01,3264,59,1
2024-06-26 16:11:02,9080,38,0
2024-06-26 16:11:02,11172,40,0
2024-06-26 16:11:02,1137,35,0
2024-06-26 16:11:02,40,37,0
2024-06-26 16:11:02,40,37,0
2024-06-26 16:11:02,64,24,0
2024-06-26 16:11:02,1522219,46,1
2024-06-26 16:11:02,1660645,46,1
2024-06-26 16:11:02,40,26,0
2024-06-26 16:11:02,312,23,0
2024-06-26 16:11:02,80,61,1
2024-06-26 16:11:03,40,24,0
2024-06-26 16:11:03,64,42,0
2024-06-26 16:11:03,13680,39,0
2024-06-26 16:11:03,7880,43,0
2024-06-26 16:11:03,40,49,1
2024-06-26 16:11:03,64,29,0
2024-06-26 16:11:03,320,70,1
2024-06-26 16:11:03,8179,45,0
2024-06-26 16:11:03,180,35,0
2024-06-26 16:11:03,5006,47,1
2024-06-26 16:11:03,11620,44,0
2024-06-26 16:11:03,1415,50,1
2024-06-26 16:11:03,120,56,1
2024-06-26 16:11:03,2458750,46,1
2024-06-26 16:11:03,3449017,46,1
2024-06-26 16:11:03,80,43,0
2024-06-26 16:11:03,11344,26,0
2024-06-26 16:11:03,32040,26,0
2024-06-26 16:11:03,568,19,0
2024-06-26 16:11:03,10500,19,0
2024-06-26 16:11:03,995134,29,0
2024-06-26 16:11:03,1181913,29,0
2024-06-26 16:11:04,40,41,0
2024-06-26 16:11:04,64,23,0
2024-06-26 16:11:04,11760,44,0
2024-06-26 16:11:04,8668,41,0
2024-06-26 16:11:04,80,28,0
2024-06-26 16:11:04,5530,33,0
2024-06-26 16:11:04,440,55,1
2024-06-26 16:11:04,1936,30,0
2024-06-26 16:11:04,80,56,1
2024-06-26 16:11:04,2252967,46,1
2024-06-26 16:11:04,2924196,46,1
2024-06-26 16:11:04,40,43,0
2024-06-26 16:11:04,560,19,0
2024-06-26 16:11:04,7252,19,0
2024-06-26 16:11:04,8764,32,0
2024-06-26 16:11:04,13692,32,0
2024-06-26 16:11:05,17240,40,0
2024-06-26 16:11:05,7092,36,0
2024-06-26 16:11:05,40,42,0
2024-06-26 16:11:05,4345,46,1
2024-06-26 16:11:05,40,39,0
2024-06-26 16:11:05,64,38,0
2024-06-26 16:11:05,3002170,46,1
2024-06-26 16:11:05,4117100,46,1
2024-06-26 16:11:05,440,19,0
2024-06-26 16:11:05,6216,19,0
2024-06-26 16:11:05,120,29,0
2024-06-26 16:11:06,15720,39,0
2024-06-26 16:11:06,3940,43,0
2024-06-26 16:11:06,2847288,46,1
2024-06-26 16:11:06,4024460,46,1
2024-06-26 16:11:07,5360,39,0
2024-06-26 16:11:07,1970,39,0
2024-06-26 16:11:07,1010062,46,1
2024-06-26 16:11:07,1421667,46,1
2024-06-26 16:11:11,960,36,0
2024-06-26 16:11:11,788,56,1
2024-06-26 16:11:11,163131,46,1
2024-06-26 16:11:11,232126,46,1
2024-06-26 16:11:15,880,48,1
2024-06-26 16:11:15,788,58,1
2024-06-26 16:11:15,138182,46,1
2024-06-26 16:11:15,216101,46,1
2024-06-26 16:11:19,2080,48,1
2024-06-26 16:11:19,788,20,0
2024-06-26 16:11:19,268628,46,1
2024-06-26 16:11:19,215298,46,1
2024-06-26 16:11:24,1560,37,0
2024-06-26 16:11:24,788,38,0
2024-06-26 16:11:24,178681,46,1
2024-06-26 16:11:24,246618,46,1
2024-06-26 16:11:29,3880,38,0
2024-06-26 16:11:29,1576,70,1
2024-06-26 16:11:29,543076,46,1
2024-06-26 16:11:29,597700,46,1
2024-06-26 16:11:33,1120,40,0
2024-06-26 16:11:33,788,29,0
2024-06-26 16:11:33,131046,46,1
2024-06-26 16:11:33,196520,46,1
2024-06-26 16:11:37,1920,33,0
2024-06-26 16:11:37,788,49,1
2024-06-26 16:11:37,202828,46,1
2024-06-26 16:11:37,211483,46,1
2024-06-26 16:11:41,1320,47,1
2024-06-26 16:11:41,788,30,0
2024-06-26 16:11:41,40,36,0
2024-06-26 16:11:41,157010,46,1
2024-06-26 16:11:41,222777,46,1
2024-06-26 16:11:41,80,32,0
2024-06-26 16:11:47,800,34,0
2024-06-26 16:11:47,788,20,0
2024-06-26 16:11:47,65880,46,1
2024-06-26 16:11:47,96561,46,1
2024-06-26 16:11:50,920,36,0
2024-06-26 16:11:50,788,29,0
2024-06-26 16:11:50,94914,46,1
2024-06-26 16:11:50,109661,46,1
2024-06-26 16:11:53,400,28,0
2024-06-26 16:11:53,788,76,1
2024-06-26 16:11:53,39766,46,1
2024-06-26 16:11:53,45698,46,1
2024-06-26 16:11:57,400,45,0
2024-06-26 16:11:57,788,22,0
2024-06-26 16:11:57,40,19,0
2024-06-26 16:11:57,71,48,1
2024-06-26 16:11:57,40080,46,1
2024-06-26 16:11:57,47784,46,1
2024-06-26 16:11:57,120,39,0
2024-06-26 16:11:57,117,37,0
2024-06-26 16:12:00,520,44,0
2024-06-26 16:12:00,788,59,1
2024-06-26 16:12:00,25522,40,0
2024-06-26 16:12:00,44874,46,1
2024-06-26 16:12:00,73103,46,1
2024-06-26 16:12:00,80,39,0
2024-06-26 16:12:01,40,28,0
2024-06-26 16:12:01,271,17,0
2024-06-26 16:12:02,100,27,0
2024-06-26 16:12:02,228,38,0
2024-06-26 16:12:02,128,28,0
2024-06-26 16:12:03,640,49,1
2024-06-26 16:12:03,788,22,0
2024-06-26 16:12:03,40,37,0
2024-06-26 16:12:03,2411,20,0
2024-06-26 16:12:03,120,21,0
2024-06-26 16:12:03,430,25,0
2024-06-26 16:12:03,70112,46,1
2024-06-26 16:12:03,54614,46,1
2024-06-26 16:12:03,40,26,0
2024-06-26 16:12:03,8156,26,0
2024-06-26 16:12:03,80,38,0
2024-06-26 16:12:03,3490,71,1
2024-06-26 16:12:04,8360,42,0
2024-06-26 16:12:04,5593,32,0
2024-06-26 16:12:04,40,22,0
2024-06-26 16:12:04,5952,35,0
2024-06-26 16:12:04,40,19,0
2024-06-26 16:12:04,64,28,0
2024-06-26 16:12:04,1065203,34,0
2024-06-26 16:12:04,1360643,34,0
2024-06-26 16:12:04,40,26,0
2024-06-26 16:12:04,2285,26,0
2024-06-26 16:12:04,80,32,0
2024-06-26 16:12:05,6440,42,0
2024-06-26 16:12:05,4800,45,0
2024-06-26 16:12:05,40,38,0
2024-06-26 16:12:05,64,56,1
2024-06-26 16:12:05,1072859,34,0
2024-06-26 16:12:05,1666868,34,0
2024-06-26 16:12:05,120,32,0
2024-06-26 16:12:07,120,26,0
2024-06-26 16:12:07,40,19,0
2024-06-26 16:12:11,800,42,0
2024-06-26 16:12:11,788,22,0
2024-06-26 16:12:11,81184,46,1
2024-06-26 16:12:11,100749,46,1
2024-06-26 16:12:14,1080,45,0
2024-06-26 16:12:14,788,61,1
2024-06-26 16:12:14,112708,46,1
2024-06-26 16:12:14,144296,46,1
2024-06-26 16:12:17,1040,52,1
2024-06-26 16:12:17,788,26,0
2024-06-26 16:12:17,100164,46,1
2024-06-26 16:12:17,146469,46,1
2024-06-26 16:12:20,788,28,0
2024-06-26 16:12:20,80,46,1
2024-06-26 16:12:21,3080,37,0
2024-06-26 16:12:21,474254,46,1
2024-06-26 16:12:21,717292,46,1
2024-06-26 16:12:27,1040,45,0
2024-06-26 16:12:27,1576,47,1
2024-06-26 16:12:27,122682,46,1
2024-06-26 16:12:27,170268,46,1
2024-06-26 16:12:29,220,34,0
2024-06-26 16:12:29,3893,67,1
2024-06-26 16:12:29,40,17,0
2024-06-26 16:12:29,248,35,0
2024-06-26 16:12:29,5734,30,0
2024-06-26 16:12:29,80,24,0
2024-06-26 16:12:31,1080,36,0
2024-06-26 16:12:31,788,30,0
2024-06-26 16:12:31,131498,46,1
2024-06-26 16:12:31,156641,46,1
2024-06-26 16:12:35,840,38,0
2024-06-26 16:12:35,788,26,0
2024-06-26 16:12:35,68844,46,1
2024-06-26 16:12:35,98969,46,1
2024-06-26 16:12:39,640,47,1
2024-06-26 16:12:39,1576,38,0
2024-06-26 16:12:39,94334,46,1
2024-06-26 16:12:39,112178,46,1
2024-06-26 16:12:42,440,39,0
2024-06-26 16:12:42,788,39,0
2024-06-26 16:12:42,83204,46,1
2024-06-26 16:12:42,65465,46,1
2024-06-26 16:12:50,560,32,0
2024-06-26 16:12:50,788,107,1
2024-06-26 16:12:50,73536,46,1
2024-06-26 16:12:50,116626,46,1
2024-06-26 16:12:55,640,69,1
2024-06-26 16:12:55,788,20,0
2024-06-26 16:12:55,87002,46,1
2024-06-26 16:12:55,107795,46,1
2024-06-26 16:13:00,1040,32,0
2024-06-26 16:13:00,1576,40,0
2024-06-26 16:13:00,40,25,0
2024-06-26 16:13:00,8702,47,1
2024-06-26 16:13:00,174704,46,1
2024-06-26 16:13:00,205237,46,1
2024-06-26 16:13:00,80,37,0
2024-06-26 16:13:00,271,37,0
2024-06-26 16:13:04,40,26,0
2024-06-26 16:13:09,80,34,0
2024-06-26 16:13:29,40,22,0
2024-06-26 16:14:00,40,23,0
2024-06-26 16:14:00,80,46,1
2024-06-26 16:14:00,40,31,0
2024-06-26 16:14:00,117,36,0
2024-06-26 16:14:01,40,28,0
2024-06-26 16:14:01,71,46,1
2024-06-26 16:14:01,80,31,0
2024-06-26 16:14:03,140,27,0
2024-06-26 16:14:03,1510,22,0
2024-06-26 16:14:03,168,40,0
2024-06-26 16:14:03,6372,40,0
2024-06-26 16:14:04,40,17,0
2024-06-26 16:14:04,1035,40,0
2024-06-26 16:14:41,220,50,1
2024-06-26 16:14:41,2795,26,0
2024-06-26 16:14:41,288,39,0
2024-06-26 16:14:41,6117,33,0
2024-06-26 16:15:06,40,40,0
2024-06-26 16:15:41,40,219,1
2024-06-26 16:15:41,2191,42,0
2024-06-26 16:15:41,40,18,0
2024-06-26 16:15:41,271,21,0
2024-06-26 16:15:59,180,34,0
2024-06-26 16:15:59,10911,77,1
2024-06-26 16:15:59,248,23,0
2024-06-26 16:15:59,6412,23,0
2024-06-26 16:16:00,40,96,1
2024-06-26 16:16:00,931,23,0
2024-06-26 16:16:02,60,38,0
2024-06-26 16:16:02,240,37,0
2024-06-26 16:16:02,1750,23,0
2024-06-26 16:16:02,256,23,0
2024-06-26 16:16:02,6161,23,0
2024-06-26 16:16:03,640,33,0
2024-06-26 16:16:03,3552,42,0
2024-06-26 16:16:03,200,33,0
2024-06-26 16:16:03,3544,50,1
2024-06-26 16:16:03,320,35,0
2024-06-26 16:16:03,14232,29,0
2024-06-26 16:16:03,100,30,0
2024-06-26 16:16:03,244,28,0
2024-06-26 16:16:03,40,31,0
2024-06-26 16:16:03,2287,38,0
2024-06-26 16:16:03,712,29,0
2024-06-26 16:16:03,19592,29,0
2024-06-26 16:16:03,288,42,0
2024-06-26 16:16:03,7995,42,0
2024-06-26 16:16:03,240,23,0
2024-06-26 16:16:03,28496,23,0
2024-06-26 16:16:03,88,33,0
2024-06-26 16:16:03,40,39,0
2024-06-26 16:16:03,271,19,0
2024-06-26 16:16:04,8040,46,1
2024-06-26 16:16:04,7410,46,1
2024-06-26 16:16:04,40,26,0
2024-06-26 16:16:04,733,173,1
2024-06-26 16:16:04,180,39,0
2024-06-26 16:16:04,3069,64,1
2024-06-26 16:16:04,540,47,1
2024-06-26 16:16:04,9961,34,0
2024-06-26 16:16:04,7380,39,0
2024-06-26 16:16:04,1415,32,0
2024-06-26 16:16:04,160,38,0
2024-06-26 16:16:04,1068,51,1
2024-06-26 16:16:04,40,100,1
2024-06-26 16:16:04,71,22,0
2024-06-26 16:16:04,1360450,29,0
2024-06-26 16:16:04,1529544,29,0
2024-06-26 16:16:04,40,42,0
2024-06-26 16:16:04,435,42,0
2024-06-26 16:16:04,408,28,0
2024-06-26 16:16:04,15125,28,0
2024-06-26 16:16:04,11472,23,0
2024-06-26 16:16:04,38107,23,0
2024-06-26 16:16:04,697112,29,0
2024-06-26 16:16:04,897107,29,0
2024-06-26 16:16:04,240,30,0
2024-06-26 16:16:04,7201,37,0
2024-06-26 16:16:04,120,31,0
2024-06-26 16:16:05,8880,40,0
2024-06-26 16:16:05,7821,35,0
2024-06-26 16:16:05,40,25,0
2024-06-26 16:16:05,64,29,0
2024-06-26 16:16:05,1040,45,0
2024-06-26 16:16:05,1720,29,0
2024-06-26 16:16:05,1613204,29,0
2024-06-26 16:16:05,1927294,29,0
2024-06-26 16:16:05,80,42,0
2024-06-26 16:16:05,139880,28,0
2024-06-26 16:16:05,224461,28,0
2024-06-26 16:16:06,15600,43,0
2024-06-26 16:16:06,8619,40,0
2024-06-26 16:16:06,1200,37,0
2024-06-26 16:16:06,2752,27,0
2024-06-26 16:16:06,3002596,29,0
2024-06-26 16:16:06,4225755,29,0
2024-06-26 16:16:06,184518,28,0
2024-06-26 16:16:06,219410,28,0
2024-06-26 16:16:07,13760,39,0
2024-06-26 16:16:07,5096,39,0
2024-06-26 16:16:07,1040,37,0
2024-06-26 16:16:07,2408,58,1
2024-06-26 16:16:07,2790705,29,0
2024-06-26 16:16:07,4158141,29,0
2024-06-26 16:16:07,167314,28,0
2024-06-26 16:16:07,277252,28,0
2024-06-26 16:16:08,1600,44,0
2024-06-26 16:16:08,784,38,0
2024-06-26 16:16:08,1600,38,0
2024-06-26 16:16:08,3096,42,0
2024-06-26 16:16:08,40,38,0
2024-06-26 16:16:08,269,74,1
2024-06-26 16:16:08,285982,29,0
2024-06-26 16:16:08,387410,29,0
2024-06-26 16:16:08,285622,28,0
2024-06-26 16:16:08,339124,28,0
2024-06-26 16:16:08,40,44,0
2024-06-26 16:16:08,407,37,0
2024-06-26 16:16:09,320,41,0
2024-06-26 16:16:09,344,33,0
2024-06-26 16:16:09,58630,28,0
2024-06-26 16:16:09,50979,28,0
2024-06-26 16:16:10,920,57,1
2024-06-26 16:16:10,784,30,0
2024-06-26 16:16:10,81352,29,0
2024-06-26 16:16:10,114459,29,0
2024-06-26 16:16:12,40,37,0
2024-06-26 16:16:12,265,47,1
2024-06-26 16:16:12,40,39,0
2024-06-26 16:16:12,407,23,0
2024-06-26 16:16:16,40,39,0
2024-06-26 16:16:16,269,19,0
2024-06-26 16:16:16,40,41,0
2024-06-26 16:16:16,407,35,0
2024-06-26 16:16:17,1520,45,0
2024-06-26 16:16:17,1568,37,0
2024-06-26 16:16:17,200868,29,0
2024-06-26 16:16:17,299222,29,0
2024-06-26 16:16:20,40,86,1
2024-06-26 16:16:20,266,36,0
2024-06-26 16:16:20,40,28,0
2024-06-26 16:16:20,407,107,1
2024-06-26 16:16:21,40,41,0
2024-06-26 16:16:21,1134,54,1
2024-06-26 16:16:21,40,23,0
2024-06-26 16:16:21,1009,23,0
2024-06-26 16:16:24,1080,40,0
2024-06-26 16:16:24,1568,30,0
2024-06-26 16:16:24,138016,29,0
2024-06-26 16:16:24,167170,29,0
2024-06-26 16:16:28,784,39,0
2024-06-26 16:16:28,80,29,0
2024-06-26 16:16:29,600,43,0
2024-06-26 16:16:29,48220,29,0
2024-06-26 16:16:29,92778,29,0
2024-06-26 16:16:33,840,34,0
2024-06-26 16:16:33,784,22,0
2024-06-26 16:16:33,66550,29,0
2024-06-26 16:16:33,100230,29,0
2024-06-26 16:16:36,560,57,1
2024-06-26 16:16:36,784,65,1
2024-06-26 16:16:36,53398,29,0
2024-06-26 16:16:36,58087,29,0
2024-06-26 16:16:41,640,49,1
2024-06-26 16:16:41,784,43,0
2024-06-26 16:16:41,53496,29,0
2024-06-26 16:16:41,82194,29,0
2024-06-26 16:16:46,800,44,0
2024-06-26 16:16:46,1568,79,1
2024-06-26 16:16:46,260,39,0
2024-06-26 16:16:46,1509,28,0
2024-06-26 16:16:46,102222,29,0
2024-06-26 16:16:46,108905,29,0
2024-06-26 16:16:46,2964,33,0
2024-06-26 16:16:46,3316,39,0
2024-06-26 16:16:48,877,31,0
2024-06-26 16:16:48,40,89,1
2024-06-26 16:16:49,40,35,0
2024-06-26 16:16:49,1135,36,0
2024-06-26 16:16:51,720,34,0
2024-06-26 16:16:51,1568,86,1
2024-06-26 16:16:51,122988,29,0
2024-06-26 16:16:51,130035,29,0
2024-06-26 16:16:56,640,31,0
2024-06-26 16:16:56,784,38,0
2024-06-26 16:16:56,72818,29,0
2024-06-26 16:16:56,113448,29,0
2024-06-26 16:17:01,680,37,0
2024-06-26 16:17:01,784,20,0
2024-06-26 16:17:01,87916,29,0
2024-06-26 16:17:01,111564,29,0
2024-06-26 16:17:03,40,56,1
2024-06-26 16:17:03,71,39,0
2024-06-26 16:17:03,260,30,0
2024-06-26 16:17:03,21782,45,0
2024-06-26 16:17:03,160,23,0
2024-06-26 16:17:03,40,29,0
2024-06-26 16:17:03,328,35,0
2024-06-26 16:17:03,6118,32,0
2024-06-26 16:17:04,2411,37,0
2024-06-26 16:17:04,40,23,0
2024-06-26 16:17:05,80,73,1
2024-06-26 16:17:05,5956,38,0
2024-06-26 16:17:05,4640,40,0
2024-06-26 16:17:05,4692,56,1
2024-06-26 16:17:05,40,23,0
2024-06-26 16:17:05,7818,23,0
2024-06-26 16:17:05,402568,166,1
2024-06-26 16:17:05,930386,166,1
2024-06-26 16:17:06,2200,39,0
2024-06-26 16:17:06,1568,33,0
2024-06-26 16:17:06,6920,39,0
2024-06-26 16:17:06,5772,38,0
2024-06-26 16:17:06,173838,29,0
2024-06-26 16:17:06,166245,29,0
2024-06-26 16:17:06,1025774,166,1
2024-06-26 16:17:06,1274130,166,1
2024-06-26 16:17:08,40,28,0
2024-06-26 16:17:11,720,48,1
2024-06-26 16:17:11,784,62,1
2024-06-26 16:17:11,70740,29,0
2024-06-26 16:17:11,87850,29,0
2024-06-26 16:17:16,784,42,0
2024-06-26 16:17:16,80,29,0
2024-06-26 16:17:17,840,32,0
2024-06-26 16:17:17,90346,29,0
2024-06-26 16:17:17,97198,29,0
2024-06-26 16:17:20,80,33,0
2024-06-26 16:17:20,71,31,0
2024-06-26 16:17:20,120,24,0
2024-06-26 16:17:20,117,35,0
2024-06-26 16:17:21,960,44,0
2024-06-26 16:17:21,784,21,0
2024-06-26 16:17:21,100080,29,0
2024-06-26 16:17:21,106884,29,0
2024-06-26 16:17:24,1040,49,1
2024-06-26 16:17:24,784,25,0
2024-06-26 16:17:24,91368,29,0
2024-06-26 16:17:24,82295,29,0
2024-06-26 16:17:25,220,59,1
2024-06-26 16:17:25,1111,68,1
2024-06-26 16:17:25,220,60,1
2024-06-26 16:17:25,1150,38,0
2024-06-26 16:17:25,180,24,0
2024-06-26 16:17:25,927,26,0
2024-06-26 16:17:25,1028,41,0
2024-06-26 16:17:25,528,35,0
2024-06-26 16:17:25,100,76,1
2024-06-26 16:17:25,557,214,1
2024-06-26 16:17:25,288,26,0
2024-06-26 16:17:25,8879,26,0
2024-06-26 16:17:25,288,67,1
2024-06-26 16:17:25,6807,67,1
2024-06-26 16:17:25,168,30,0
2024-06-26 16:17:25,7304,30,0
2024-06-26 16:17:25,3360,39,0
2024-06-26 16:17:25,1408,44,0
2024-06-26 16:17:25,88,47,1
2024-06-26 16:17:26,480,34,0
2024-06-26 16:17:26,784,26,0
2024-06-26 16:17:26,1025,39,0
2024-06-26 16:17:26,120,39,0
2024-06-26 16:17:26,2800,97,1
2024-06-26 16:17:26,55794,29,0
2024-06-26 16:17:26,43462,29,0
2024-06-26 16:17:26,580,27,0
2024-06-26 16:17:26,80,47,1
2024-06-26 16:17:26,6906,47,1
2024-06-26 16:17:27,640,56,1
2024-06-26 16:17:27,58194,29,0
2024-06-26 16:17:27,89302,29,0
2024-06-26 16:17:29,180,47,1
2024-06-26 16:17:29,3893,37,0
2024-06-26 16:17:29,248,36,0
2024-06-26 16:17:29,5694,34,0
2024-06-26 16:17:31,680,37,0
2024-06-26 16:17:31,784,22,0
2024-06-26 16:17:31,66736,29,0
2024-06-26 16:17:31,77566,29,0
2024-06-26 16:17:35,40,21,0
2024-06-26 16:17:35,40,48,1
2024-06-26 16:17:35,40,112,1
2024-06-26 16:17:35,40,39,0
2024-06-26 16:17:35,40,36,0
2024-06-26 16:17:35,40,26,0
2024-06-26 16:17:35,40,67,1
2024-06-26 16:17:35,40,30,0
2024-06-26 16:17:35,40,38,0
2024-06-26 16:17:35,40,47,1
2024-06-26 16:17:36,1240,32,0
2024-06-26 16:17:36,1568,48,1
2024-06-26 16:17:36,187452,29,0
2024-06-26 16:17:36,235094,29,0
2024-06-26 16:17:37,40,21,0
2024-06-26 16:17:41,600,55,1
2024-06-26 16:17:41,784,128,1
2024-06-26 16:17:41,81738,29,0
2024-06-26 16:17:41,71623,29,0
2024-06-26 16:17:44,1160,52,1
2024-06-26 16:17:44,784,37,0
2024-06-26 16:17:44,116752,29,0
2024-06-26 16:17:44,152751,29,0
2024-06-26 16:17:49,80,30,0
2024-06-26 16:17:49,40,35,0
2024-06-26 16:17:49,71,37,0
2024-06-26 16:17:52,880,44,0
2024-06-26 16:17:52,784,38,0
2024-06-26 16:17:52,70950,29,0
2024-06-26 16:17:52,97388,29,0
2024-06-26 16:17:55,840,37,0
2024-06-26 16:17:55,784,24,0
2024-06-26 16:17:55,87090,29,0
2024-06-26 16:17:55,76215,29,0
2024-06-26 16:17:59,720,43,0
2024-06-26 16:17:59,784,42,0
2024-06-26 16:17:59,68466,29,0
2024-06-26 16:17:59,90605,29,0
2024-06-26 16:18:03,840,36,0
2024-06-26 16:18:03,1568,53,1
2024-06-26 16:18:03,40,37,0
2024-06-26 16:18:03,8416,76,1
2024-06-26 16:18:03,101264,29,0
2024-06-26 16:18:03,132372,29,0
2024-06-26 16:18:03,80,21,0
2024-06-26 16:18:03,271,38,0
2024-06-26 16:18:06,840,45,0
2024-06-26 16:18:06,784,67,1
2024-06-26 16:18:06,102562,29,0
2024-06-26 16:18:06,131577,29,0
2024-06-26 16:18:09,680,42,0
2024-06-26 16:18:09,784,41,0
2024-06-26 16:18:09,101804,29,0
2024-06-26 16:18:09,76265,29,0
2024-06-26 16:18:10,40,23,0
2024-06-26 16:18:10,80,166,1
2024-06-26 16:18:18,1040,31,0
2024-06-26 16:18:18,1568,42,0
2024-06-26 16:18:18,166176,29,0
2024-06-26 16:18:18,168740,29,0
2024-06-26 16:18:19,40,38,0
2024-06-26 16:18:19,6290,29,0
2024-06-26 16:18:23,1480,43,0
2024-06-26 16:18:23,784,30,0
2024-06-26 16:18:23,266476,29,0
2024-06-26 16:18:23,393517,29,0
2024-06-26 16:18:27,3040,39,0
2024-06-26 16:18:27,784,85,1
2024-06-26 16:18:27,301182,29,0
2024-06-26 16:18:27,492116,29,0
2024-06-26 16:18:30,1880,42,0
2024-06-26 16:18:30,784,37,0
2024-06-26 16:18:30,245384,29,0
2024-06-26 16:18:30,309341,29,0
2024-06-26 16:18:30,40,49,1
2024-06-26 16:18:34,2000,37,0
2024-06-26 16:18:34,784,54,1
2024-06-26 16:18:34,261690,29,0
2024-06-26 16:18:34,336221,29,0
2024-06-26 16:18:38,1160,40,0
2024-06-26 16:18:38,784,19,0
2024-06-26 16:18:38,108774,29,0
2024-06-26 16:18:38,168771,29,0
2024-06-26 16:18:42,1080,40,0
2024-06-26 16:18:42,784,31,0
2024-06-26 16:18:42,115012,29,0
2024-06-26 16:18:42,162447,29,0
2024-06-26 16:18:45,784,77,1
2024-06-26 16:18:45,80,29,0
2024-06-26 16:18:46,1080,45,0
2024-06-26 16:18:46,94493,29,0
2024-06-26 16:18:46,169237,29,0
2024-06-26 16:18:50,1200,41,0
2024-06-26 16:18:50,784,23,0
2024-06-26 16:18:50,119128,29,0
2024-06-26 16:18:50,152696,29,0
2024-06-26 16:18:53,1160,47,1
2024-06-26 16:18:53,784,28,0
2024-06-26 16:18:53,126000,29,0
2024-06-26 16:18:53,166958,29,0
2024-06-26 16:18:57,1480,40,0
2024-06-26 16:18:57,784,34,0
2024-06-26 16:18:57,170290,29,0
2024-06-26 16:18:57,254227,29,0
2024-06-26 16:19:03,300,30,0
2024-06-26 16:19:03,15027,54,1
2024-06-26 16:19:03,448,27,0
2024-06-26 16:19:03,6235,33,0
2024-06-26 16:19:05,1480,39,0
2024-06-26 16:19:05,1568,34,0
2024-06-26 16:19:05,191632,29,0
2024-06-26 16:19:05,269865,29,0
2024-06-26 16:19:08,784,56,1
2024-06-26 16:19:08,80,29,0
2024-06-26 16:19:09,1000,37,0
2024-06-26 16:19:09,103416,29,0
2024-06-26 16:19:09,154343,29,0
2024-06-26 16:19:11,920,39,0
2024-06-26 16:19:11,784,49,1
2024-06-26 16:19:11,97708,29,0
2024-06-26 16:19:11,130430,29,0
2024-06-26 16:19:14,1000,32,0
2024-06-26 16:19:14,784,137,1
2024-06-26 16:19:14,111498,29,0
2024-06-26 16:19:14,131148,29,0
2024-06-26 16:19:16,880,37,0
2024-06-26 16:19:16,784,38,0
2024-06-26 16:19:16,90080,29,0
2024-06-26 16:19:16,123523,29,0
2024-06-26 16:19:19,920,41,0
2024-06-26 16:19:19,784,44,0
2024-06-26 16:19:19,100364,29,0
2024-06-26 16:19:19,115310,29,0
2024-06-26 16:19:21,140,100,1
2024-06-26 16:19:21,1784,33,0
2024-06-26 16:19:21,168,29,0
2024-06-26 16:19:21,191,29,0
2024-06-26 16:19:22,1240,36,0
2024-06-26 16:19:22,784,38,0
2024-06-26 16:19:22,40,37,0
2024-06-26 16:19:22,125002,29,0
2024-06-26 16:19:22,183096,29,0
2024-06-26 16:19:22,1035,29,0
2024-06-26 16:19:27,1040,50,1
2024-06-26 16:19:27,784,72,1
2024-06-26 16:19:27,112860,29,0
2024-06-26 16:19:27,142542,29,0
2024-06-26 16:19:31,960,33,0
2024-06-26 16:19:31,784,36,0
2024-06-26 16:19:31,91222,29,0
2024-06-26 16:19:31,143971,29,0
2024-06-26 16:19:35,1960,42,0
2024-06-26 16:19:35,1568,32,0
2024-06-26 16:19:35,276848,29,0
2024-06-26 16:19:35,409202,29,0
2024-06-26 16:19:43,880,36,0
2024-06-26 16:19:43,784,30,0
2024-06-26 16:19:43,163940,29,0
2024-06-26 16:19:43,256927,29,0
2024-06-26 16:19:44,40,20,0
2024-06-26 16:19:47,1160,49,1
2024-06-26 16:19:47,784,31,0
2024-06-26 16:19:47,170080,29,0
2024-06-26 16:19:47,224370,29,0
2024-06-26 16:19:51,784,36,0
2024-06-26 16:19:51,80,29,0
2024-06-26 16:19:52,1400,38,0
2024-06-26 16:19:52,173936,29,0
2024-06-26 16:19:52,224216,29,0
2024-06-26 16:19:55,1560,36,0
2024-06-26 16:19:55,784,40,0
2024-06-26 16:19:55,196026,29,0
2024-06-26 16:19:55,221815,29,0
2024-06-26 16:20:02,1520,45,0
2024-06-26 16:20:02,784,24,0
2024-06-26 16:20:02,200596,29,0
2024-06-26 16:20:02,261515,29,0
2024-06-26 16:20:03,40,20,0
2024-06-26 16:20:03,7273,22,0
2024-06-26 16:20:03,40,37,0
2024-06-26 16:20:03,271,15,0
2024-06-26 16:20:09,1680,32,0
2024-06-26 16:20:09,784,33,0
2024-06-26 16:20:09,203492,29,0
2024-06-26 16:20:09,287445,29,0
2024-06-26 16:20:13,2160,41,0
2024-06-26 16:20:13,1568,27,0
2024-06-26 16:20:13,245936,29,0
2024-06-26 16:20:13,274881,29,0
2024-06-26 16:20:18,760,45,0
2024-06-26 16:20:18,784,35,0
2024-06-26 16:20:18,109676,29,0
2024-06-26 16:20:18,145334,29,0
2024-06-26 16:20:21,1400,46,1
2024-06-26 16:20:21,784,30,0
2024-06-26 16:20:21,95588,29,0
2024-06-26 16:20:21,88761,29,0
2024-06-26 16:20:22,520,37,0
2024-06-26 16:20:22,58124,29,0
2024-06-26 16:20:22,58665,29,0
2024-06-26 16:20:22,40,29,0
2024-06-26 16:20:25,800,38,0
2024-06-26 16:20:25,784,40,0
2024-06-26 16:20:25,84952,29,0
2024-06-26 16:20:25,87514,29,0
2024-06-26 16:20:28,960,31,0
2024-06-26 16:20:28,784,31,0
2024-06-26 16:20:28,93260,29,0
2024-06-26 16:20:28,128952,29,0
2024-06-26 16:20:32,1040,45,0
2024-06-26 16:20:32,784,37,0
2024-06-26 16:20:32,81461,29,0
2024-06-26 16:20:32,167457,29,0
2024-06-26 16:20:34,1000,36,0
2024-06-26 16:20:34,784,52,1
2024-06-26 16:20:34,97126,29,0
2024-06-26 16:20:34,129638,29,0
2024-06-26 16:20:38,784,64,1
2024-06-26 16:20:38,80,29,0
2024-06-26 16:20:39,1480,41,0
2024-06-26 16:20:39,191874,29,0
2024-06-26 16:20:39,278818,29,0
2024-06-26 16:20:43,1960,43,0
2024-06-26 16:20:43,784,20,0
2024-06-26 16:20:43,257588,29,0
2024-06-26 16:20:43,377600,29,0
2024-06-26 16:20:46,760,39,0
2024-06-26 16:20:46,784,32,0
2024-06-26 16:20:46,63654,29,0
2024-06-26 16:20:46,78393,29,0
2024-06-26 16:20:49,1960,41,0
2024-06-26 16:20:49,784,62,1
2024-06-26 16:20:49,265262,29,0
2024-06-26 16:20:49,371093,29,0
2024-06-26 16:20:54,960,40,0
2024-06-26 16:20:54,1568,43,0
2024-06-26 16:20:54,112862,29,0
2024-06-26 16:20:54,157763,29,0
2024-06-26 16:20:59,560,33,0
2024-06-26 16:20:59,784,39,0
2024-06-26 16:20:59,91767,29,0
2024-06-26 16:20:59,140992,29,0
2024-06-26 16:21:02,640,29,0
2024-06-26 16:21:02,784,48,1
2024-06-26 16:21:02,87662,29,0
2024-06-26 16:21:02,116028,29,0
2024-06-26 16:21:03,40,26,0
2024-06-26 16:21:03,7372,38,0
2024-06-26 16:21:03,40,19,0
2024-06-26 16:21:03,271,31,0
2024-06-26 16:21:05,2480,33,0
2024-06-26 16:21:05,784,29,0
2024-06-26 16:21:05,227596,29,0
2024-06-26 16:21:05,170963,29,0
2024-06-26 16:21:10,760,51,1
2024-06-26 16:21:10,784,41,0
2024-06-26 16:21:10,74116,29,0
2024-06-26 16:21:10,96700,29,0
2024-06-26 16:21:13,760,44,0
2024-06-26 16:21:13,784,30,0
2024-06-26 16:21:13,68388,29,0
2024-06-26 16:21:13,107556,29,0
2024-06-26 16:21:16,840,39,0
2024-06-26 16:21:16,784,75,1
2024-06-26 16:21:16,79432,29,0
2024-06-26 16:21:16,102513,29,0
2024-06-26 16:21:21,720,36,0
2024-06-26 16:21:21,784,52,1
2024-06-26 16:21:21,73174,29,0
2024-06-26 16:21:21,94077,29,0
2024-06-26 16:21:26,680,42,0
2024-06-26 16:21:26,784,26,0
2024-06-26 16:21:26,55358,29,0
2024-06-26 16:21:26,92605,29,0
2024-06-26 16:21:31,1520,50,1
2024-06-26 16:21:31,1568,55,1
2024-06-26 16:21:31,218982,29,0
2024-06-26 16:21:31,268932,29,0
2024-06-26 16:21:33,520,31,0
2024-06-26 16:21:33,784,40,0
2024-06-26 16:21:33,99086,29,0
2024-06-26 16:21:33,140498,29,0
2024-06-26 16:21:34,40,23,0
2024-06-26 16:21:39,880,41,0
2024-06-26 16:21:39,784,65,1
2024-06-26 16:21:39,113076,29,0
2024-06-26 16:21:39,135972,29,0
2024-06-26 16:21:44,960,34,0
2024-06-26 16:21:44,784,34,0
2024-06-26 16:21:44,104705,29,0
2024-06-26 16:21:44,160919,29,0
2024-06-26 16:21:49,1360,49,1
2024-06-26 16:21:49,784,18,0
2024-06-26 16:21:49,140,31,0
2024-06-26 16:21:49,8906,92,1
2024-06-26 16:21:49,134146,29,0
2024-06-26 16:21:49,131489,29,0
2024-06-26 16:21:49,208,32,0
2024-06-26 16:21:49,4357,75,1
2024-06-26 16:21:50,40,36,0
2024-06-26 16:21:53,1200,36,0
2024-06-26 16:21:53,784,30,0
2024-06-26 16:21:53,125910,29,0
2024-06-26 16:21:53,169495,29,0
2024-06-26 16:22:01,1160,40,0
2024-06-26 16:22:01,784,32,0
2024-06-26 16:22:01,131086,29,0
2024-06-26 16:22:01,135515,29,0
2024-06-26 16:22:03,340,36,0
2024-06-26 16:22:03,14143,49,1
2024-06-26 16:22:03,448,48,1
2024-06-26 16:22:03,6235,27,0
2024-06-26 16:22:04,720,40,0
2024-06-26 16:22:04,784,30,0
2024-06-26 16:22:04,71360,29,0
2024-06-26 16:22:04,87858,29,0
2024-06-26 16:22:09,1320,39,0
2024-06-26 16:22:09,1568,38,0
2024-06-26 16:22:09,189514,29,0
2024-06-26 16:22:09,223750,29,0
2024-06-26 16:22:14,440,38,0
2024-06-26 16:22:14,784,26,0
2024-06-26 16:22:14,84906,29,0
2024-06-26 16:22:14,93461,29,0
2024-06-26 16:22:19,840,43,0
2024-06-26 16:22:19,784,54,1
2024-06-26 16:22:19,108466,29,0
2024-06-26 16:22:19,131158,29,0
2024-06-26 16:22:22,180,64,1
2024-06-26 16:22:22,1784,37,0
2024-06-26 16:22:22,168,40,0
2024-06-26 16:22:22,1199,40,0
2024-06-26 16:22:24,880,39,0
2024-06-26 16:22:24,784,37,0
2024-06-26 16:22:24,106244,29,0
2024-06-26 16:22:24,149777,29,0
2024-06-26 16:22:29,840,46,1
2024-06-26 16:22:29,784,38,0
2024-06-26 16:22:29,40,42,0
2024-06-26 16:22:29,3212,32,0
2024-06-26 16:22:29,83496,29,0
2024-06-26 16:22:29,106635,29,0
2024-06-26 16:22:29,40,36,0
2024-06-26 16:22:29,2574,42,0
2024-06-26 16:22:34,760,63,1
2024-06-26 16:22:34,784,21,0
2024-06-26 16:22:34,72424,29,0
2024-06-26 16:22:34,107486,29,0
2024-06-26 16:22:39,1000,44,0
2024-06-26 16:22:39,784,59,1
2024-06-26 16:22:39,94140,29,0
2024-06-26 16:22:39,129472,29,0
2024-06-26 16:22:44,880,42,0
2024-06-26 16:22:44,784,29,0
2024-06-26 16:22:44,85342,29,0
2024-06-26 16:22:44,102909,29,0
2024-06-26 16:22:48,1040,41,0
2024-06-26 16:22:48,784,49,1
2024-06-26 16:22:48,95550,29,0
2024-06-26 16:22:48,147178,29,0
2024-06-26 16:22:49,40,49,1
2024-06-26 16:22:49,8053,28,0
2024-06-26 16:22:49,40,35,0
2024-06-26 16:22:49,1277,22,0
2024-06-26 16:22:52,1400,46,1
2024-06-26 16:22:52,784,39,0
2024-06-26 16:22:52,151490,29,0
2024-06-26 16:22:52,183417,29,0
2024-06-26 16:22:55,1320,32,0
2024-06-26 16:22:55,784,28,0
2024-06-26 16:22:55,158428,29,0
2024-06-26 16:22:55,218203,29,0
2024-06-26 16:23:02,2200,41,0
2024-06-26 16:23:02,1568,42,0
2024-06-26 16:23:02,323136,29,0
2024-06-26 16:23:02,440296,29,0
2024-06-26 16:23:03,40,30,0
2024-06-26 16:23:03,6954,38,0
2024-06-26 16:23:03,40,35,0
2024-06-26 16:23:03,271,49,1
2024-06-26 16:23:06,1080,46,1
2024-06-26 16:23:06,784,28,0
2024-06-26 16:23:06,120678,29,0
2024-06-26 16:23:06,158549,29,0
2024-06-26 16:23:10,784,31,0
2024-06-26 16:23:10,80,29,0
2024-06-26 16:23:11,960,37,0
2024-06-26 16:23:11,85976,29,0
2024-06-26 16:23:11,120226,29,0
2024-06-26 16:23:14,1040,36,0
2024-06-26 16:23:14,784,44,0
2024-06-26 16:23:14,112326,29,0
2024-06-26 16:23:14,122076,29,0
2024-06-26 16:23:17,1040,42,0
2024-06-26 16:23:17,784,40,0
2024-06-26 16:23:17,110740,29,0
2024-06-26 16:23:17,146989,29,0
2024-06-26 16:23:21,1320,36,0
2024-06-26 16:23:21,785,80,1
2024-06-26 16:23:21,172778,29,0
2024-06-26 16:23:21,198025,29,0
2024-06-26 16:23:26,960,42,0
2024-06-26 16:23:26,786,65,1
2024-06-26 16:23:26,84494,29,0
2024-06-26 16:23:26,116511,29,0
2024-06-26 16:23:27,40,40,0
2024-06-26 16:23:30,1920,41,0
2024-06-26 16:23:30,786,40,0
2024-06-26 16:23:30,244372,29,0
2024-06-26 16:23:30,319529,29,0
2024-06-26 16:23:33,1560,42,0
2024-06-26 16:23:33,786,103,1
2024-06-26 16:23:33,204576,29,0
2024-06-26 16:23:33,299722,29,0
2024-06-26 16:23:34,840,38,0
2024-06-26 16:23:34,786,37,0
2024-06-26 16:23:34,134874,29,0
2024-06-26 16:23:34,239762,29,0
2024-06-26 16:23:38,1040,38,0
2024-06-26 16:23:38,786,47,1
2024-06-26 16:23:38,205242,29,0
2024-06-26 16:23:38,270398,29,0
2024-06-26 16:23:41,786,25,0
2024-06-26 16:23:41,80,29,0
2024-06-26 16:23:42,1520,42,0
2024-06-26 16:23:42,262602,29,0
2024-06-26 16:23:42,339234,29,0
2024-06-26 16:23:45,1120,58,1
2024-06-26 16:23:45,786,28,0
2024-06-26 16:23:45,156314,29,0
2024-06-26 16:23:45,213469,29,0
2024-06-26 16:23:49,2680,37,0
2024-06-26 16:23:49,786,36,0
2024-06-26 16:23:49,421602,29,0
2024-06-26 16:23:49,599374,29,0
2024-06-26 16:23:52,1320,36,0
2024-06-26 16:23:52,786,24,0
2024-06-26 16:23:52,181070,29,0
2024-06-26 16:23:52,245493,29,0
2024-06-26 16:23:52,40,38,0
2024-06-26 16:23:55,840,41,0
2024-06-26 16:23:55,786,76,1
2024-06-26 16:23:55,80080,29,0
2024-06-26 16:23:55,117438,29,0
2024-06-26 16:24:02,1160,32,0
2024-06-26 16:24:02,1572,20,0
2024-06-26 16:24:02,121610,29,0
2024-06-26 16:24:02,184240,29,0
2024-06-26 16:24:02,40,173,1
2024-06-26 16:24:03,600,41,0
2024-06-26 16:24:03,260,39,0
2024-06-26 16:24:03,8462,34,0
2024-06-26 16:24:03,117316,29,0
2024-06-26 16:24:03,125063,29,0
2024-06-26 16:24:03,288,48,1
2024-06-26 16:24:03,6117,29,0
2024-06-26 16:24:07,786,34,0
2024-06-26 16:24:07,80,29,0
2024-06-26 16:24:08,1320,37,0
2024-06-26 16:24:08,165654,29,0
2024-06-26 16:24:08,223485,29,0
2024-06-26 16:24:12,3320,39,0
2024-06-26 16:24:12,1572,47,1
2024-06-26 16:24:12,498977,29,0
2024-06-26 16:24:12,595862,29,0
2024-06-26 16:24:13,840,38,0
2024-06-26 16:24:13,131448,29,0
2024-06-26 16:24:13,191508,29,0
2024-06-26 16:24:17,200,43,0
2024-06-26 16:24:17,786,21,0
2024-06-26 16:24:17,48918,29,0
2024-06-26 16:24:17,41423,29,0
2024-06-26 16:24:18,2160,43,0
2024-06-26 16:24:18,367155,29,0
2024-06-26 16:24:18,638789,29,0
2024-06-26 16:24:22,1480,48,1
2024-06-26 16:24:22,786,20,0
2024-06-26 16:24:22,288842,29,0
2024-06-26 16:24:22,389489,29,0
2024-06-26 16:24:23,40,17,0
2024-06-26 16:24:27,1720,39,0
2024-06-26 16:24:27,786,76,1
2024-06-26 16:24:27,239788,29,0
2024-06-26 16:24:27,349290,29,0
2024-06-26 16:24:32,3280,41,0
2024-06-26 16:24:32,1572,40,0
2024-06-26 16:24:32,440193,29,0
2024-06-26 16:24:32,636549,29,0
2024-06-26 16:24:33,1280,34,0
2024-06-26 16:24:33,137010,29,0
2024-06-26 16:24:33,291454,29,0
2024-06-26 16:24:37,640,36,0
2024-06-26 16:24:37,786,29,0
2024-06-26 16:24:37,100854,29,0
2024-06-26 16:24:37,133352,29,0
2024-06-26 16:24:38,1920,40,0
2024-06-26 16:24:38,359818,29,0
2024-06-26 16:24:38,546728,29,0
2024-06-26 16:24:42,2080,42,0
2024-06-26 16:24:42,786,40,0
2024-06-26 16:24:42,382018,29,0
2024-06-26 16:24:42,539472,29,0
2024-06-26 16:24:43,640,47,1
2024-06-26 16:24:43,111418,29,0
2024-06-26 16:24:43,176626,29,0
2024-06-26 16:24:47,2440,39,0
2024-06-26 16:24:47,786,32,0
2024-06-26 16:24:47,331660,29,0
2024-06-26 16:24:47,506945,29,0
2024-06-26 16:24:52,3720,41,0
2024-06-26 16:24:52,1572,47,1
2024-06-26 16:24:52,635186,29,0
2024-06-26 16:24:52,1005147,29,0
2024-06-26 16:24:53,200,47,1
2024-06-26 16:24:53,29686,29,0
2024-06-26 16:24:53,52767,29,0
2024-06-26 16:24:57,760,45,0
2024-06-26 16:24:57,786,53,1
2024-06-26 16:24:57,68003,29,0
2024-06-26 16:24:57,93166,29,0
2024-06-26 16:25:02,2920,39,0
2024-06-26 16:25:02,786,31,0
2024-06-26 16:25:02,459276,29,0
2024-06-26 16:25:02,693572,29,0
2024-06-26 16:25:03,40,46,1
2024-06-26 16:25:03,6918,20,0
2024-06-26 16:25:03,40,42,0
2024-06-26 16:25:03,271,60,1
2024-06-26 16:25:07,2600,44,0
2024-06-26 16:25:07,1572,97,1
2024-06-26 16:25:07,404216,29,0
2024-06-26 16:25:07,566274,29,0
2024-06-26 16:25:08,840,29,0
2024-06-26 16:25:08,87712,29,0
2024-06-26 16:25:08,124085,29,0
2024-06-26 16:25:12,2240,42,0
2024-06-26 16:25:12,786,25,0
2024-06-26 16:25:12,276176,29,0
2024-06-26 16:25:12,363058,29,0
2024-06-26 16:25:18,2440,46,1
2024-06-26 16:25:18,1572,37,0
2024-06-26 16:25:18,392182,29,0
2024-06-26 16:25:18,518018,29,0
2024-06-26 16:25:22,100,66,1
2024-06-26 16:25:22,557,74,1
2024-06-26 16:25:22,88,23,0
2024-06-26 16:25:23,1520,53,1
2024-06-26 16:25:23,786,23,0
2024-06-26 16:25:23,80,31,0
2024-06-26 16:25:23,1227,73,1
2024-06-26 16:25:23,165338,29,0
2024-06-26 16:25:23,238059,29,0
2024-06-26 16:25:23,80,23,0
2024-06-26 16:25:23,1199,23,0
2024-06-26 16:25:28,1440,39,0
2024-06-26 16:25:28,786,33,0
2024-06-26 16:25:28,181184,29,0
2024-06-26 16:25:28,258270,29,0
2024-06-26 16:25:31,2120,45,0
2024-06-26 16:25:31,786,71,1
2024-06-26 16:25:31,282022,29,0
2024-06-26 16:25:31,408618,29,0
2024-06-26 16:25:37,1960,38,0
2024-06-26 16:25:37,786,39,0
2024-06-26 16:25:37,257484,29,0
2024-06-26 16:25:37,345829,29,0
2024-06-26 16:25:41,1560,39,0
2024-06-26 16:25:41,786,28,0
2024-06-26 16:25:41,207594,29,0
2024-06-26 16:25:41,265011,29,0
2024-06-26 16:25:45,880,45,0
2024-06-26 16:25:45,786,29,0
2024-06-26 16:25:45,88910,29,0
2024-06-26 16:25:45,109175,29,0
2024-06-26 16:25:48,1320,40,0
2024-06-26 16:25:48,786,40,0
2024-06-26 16:25:48,142144,29,0
2024-06-26 16:25:48,219272,29,0
2024-06-26 16:25:53,1240,43,0
2024-06-26 16:25:53,786,50,1
2024-06-26 16:25:53,131376,29,0
2024-06-26 16:25:53,201825,29,0
2024-06-26 16:25:55,880,38,0
2024-06-26 16:25:55,786,58,1
2024-06-26 16:25:55,74914,29,0
2024-06-26 16:25:55,126949,29,0
2024-06-26 16:25:59,1840,40,0
2024-06-26 16:25:59,1572,50,1
2024-06-26 16:25:59,282950,29,0
2024-06-26 16:25:59,368818,29,0
2024-06-26 16:26:03,40,55,1
2024-06-26 16:26:03,7031,38,0
2024-06-26 16:26:03,40,46,1
2024-06-26 16:26:03,271,37,0
2024-06-26 16:26:04,120,31,0
2024-06-26 16:26:04,85878,35,0
2024-06-26 16:26:04,200,23,0
2024-06-26 16:26:04,2821,23,0
2024-06-26 16:26:06,1440,44,0
2024-06-26 16:26:06,1572,44,0
2024-06-26 16:26:06,258944,29,0
2024-06-26 16:26:06,321112,29,0
2024-06-26 16:26:07,280,31,0
2024-06-26 16:26:07,40000,29,0
2024-06-26 16:26:07,72943,29,0
2024-06-26 16:26:12,1320,40,0
2024-06-26 16:26:12,786,95,1
2024-06-26 16:26:12,241716,29,0
2024-06-26 16:26:12,264155,29,0
2024-06-26 16:26:13,400,39,0
2024-06-26 16:26:13,41822,29,0
2024-06-26 16:26:13,84310,29,0
2024-06-26 16:26:15,400,35,0
2024-06-26 16:26:15,786,30,0
2024-06-26 16:26:15,23382,29,0
2024-06-26 16:26:15,18178,29,0
2024-06-26 16:26:16,560,50,1
2024-06-26 16:26:16,41496,29,0
2024-06-26 16:26:16,70911,29,0
2024-06-26 16:26:22,786,96,1
2024-06-26 16:26:22,80,29,0
2024-06-26 16:26:23,1320,42,0
2024-06-26 16:26:23,173860,29,0
2024-06-26 16:26:23,237569,29,0
2024-06-26 16:26:27,1760,43,0
2024-06-26 16:26:27,1572,32,0
2024-06-26 16:26:27,223148,29,0
2024-06-26 16:26:27,343976,29,0
2024-06-26 16:26:30,1120,48,1
2024-06-26 16:26:30,786,62,1
2024-06-26 16:26:30,195318,29,0
2024-06-26 16:26:30,270875,29,0
2024-06-26 16:26:34,1400,43,0
2024-06-26 16:26:34,786,31,0
2024-06-26 16:26:34,180286,29,0
2024-06-26 16:26:34,257871,29,0
2024-06-26 16:26:41,1920,36,0
2024-06-26 16:26:41,1572,32,0
2024-06-26 16:26:41,284264,29,0
2024-06-26 16:26:41,377267,29,0
2024-06-26 16:26:46,600,38,0
2024-06-26 16:26:46,1572,21,0
2024-06-26 16:26:46,108716,29,0
2024-06-26 16:26:46,137126,29,0
2024-06-26 16:26:51,1440,36,0
2024-06-26 16:26:51,1572,24,0
2024-06-26 16:26:51,178814,29,0
2024-06-26 16:26:51,236837,29,0
2024-06-26 16:26:58,1680,35,0
2024-06-26 16:26:58,786,30,0
2024-06-26 16:26:58,127806,29,0
2024-06-26 16:26:58,127504,29,0
2024-06-26 16:27:01,520,41,0
2024-06-26 16:27:01,786,126,1
2024-06-26 16:27:01,48152,29,0
2024-06-26 16:27:01,63905,29,0
2024-06-26 16:27:03,300,52,1
2024-06-26 16:27:03,16003,28,0
2024-06-26 16:27:03,448,51,1
2024-06-26 16:27:03,6194,29,0
2024-06-26 16:27:05,786,27,0
2024-06-26 16:27:05,80,29,0
2024-06-26 16:27:06,520,36,0
2024-06-26 16:27:06,41756,29,0
2024-06-26 16:27:06,62199,29,0
2024-06-26 16:27:06,40,23,0
2024-06-26 16:27:09,920,39,0
2024-06-26 16:27:09,786,76,1
2024-06-26 16:27:09,98290,29,0
2024-06-26 16:27:09,111375,29,0
2024-06-26 16:27:13,1400,42,0
2024-06-26 16:27:13,1572,76,1
2024-06-26 16:27:13,173218,29,0
2024-06-26 16:27:13,207781,29,0
2024-06-26 16:27:17,786,41,0
2024-06-26 16:27:17,80,29,0
2024-06-26 16:27:18,560,34,0
2024-06-26 16:27:18,108308,29,0
2024-06-26 16:27:18,144032,29,0
2024-06-26 16:27:25,760,40,0
2024-06-26 16:27:25,786,36,0
2024-06-26 16:27:25,95350,29,0
2024-06-26 16:27:25,96509,29,0
2024-06-26 16:27:28,1080,42,0
2024-06-26 16:27:28,786,28,0
2024-06-26 16:27:28,107369,29,0
2024-06-26 16:27:28,139410,29,0
2024-06-26 16:27:29,100,29,0
2024-06-26 16:27:29,577,23,0
2024-06-26 16:27:29,88,31,0
2024-06-26 16:27:30,80,28,0
2024-06-26 16:27:30,3316,40,0
2024-06-26 16:27:30,160,30,0
2024-06-26 16:27:30,5694,20,0
2024-06-26 16:27:32,1000,49,1
2024-06-26 16:27:32,786,23,0
2024-06-26 16:27:32,98961,29,0
2024-06-26 16:27:32,140922,29,0
2024-06-26 16:27:36,1200,36,0
2024-06-26 16:27:36,786,34,0
2024-06-26 16:27:36,114528,29,0
2024-06-26 16:27:36,135248,29,0
2024-06-26 16:27:40,1640,46,1
2024-06-26 16:27:40,786,27,0
2024-06-26 16:27:40,126902,29,0
2024-06-26 16:27:40,88910,29,0
2024-06-26 16:27:44,786,32,0
2024-06-26 16:27:44,80,29,0
2024-06-26 16:27:45,1040,38,0
2024-06-26 16:27:45,104970,29,0
2024-06-26 16:27:45,135659,29,0
2024-06-26 16:27:50,1080,43,0
2024-06-26 16:27:50,786,19,0
2024-06-26 16:27:50,100006,29,0
2024-06-26 16:27:50,135384,29,0
2024-06-26 16:27:54,786,28,0
2024-06-26 16:27:54,80,29,0
2024-06-26 16:27:55,1120,45,0
2024-06-26 16:27:55,114116,29,0
2024-06-26 16:27:55,139165,29,0
2024-06-26 16:27:59,1040,33,0
2024-06-26 16:27:59,786,20,0
2024-06-26 16:27:59,103672,29,0
2024-06-26 16:27:59,121632,29,0
2024-06-26 16:28:03,40,38,0
2024-06-26 16:28:03,6496,43,0
2024-06-26 16:28:03,40,24,0
2024-06-26 16:28:03,271,28,0
2024-06-26 16:28:04,1120,35,0
2024-06-26 16:28:04,786,59,1
2024-06-26 16:28:04,121644,29,0
2024-06-26 16:28:04,123707,29,0
2024-06-26 16:28:09,920,47,1
2024-06-26 16:28:09,786,24,0
2024-06-26 16:28:09,91224,29,0
2024-06-26 16:28:09,98715,29,0
2024-06-26 16:28:13,840,33,0
2024-06-26 16:28:13,786,38,0
2024-06-26 16:28:13,86774,29,0
2024-06-26 16:28:13,92892,29,0
2024-06-26 16:28:16,1200,32,0
2024-06-26 16:28:16,786,35,0
2024-06-26 16:28:16,128694,29,0
2024-06-26 16:28:16,156086,29,0
2024-06-26 16:28:19,920,45,0
2024-06-26 16:28:19,786,52,1
2024-06-26 16:28:19,86276,29,0
2024-06-26 16:28:19,125772,29,0
2024-06-26 16:28:23,1000,37,0
2024-06-26 16:28:23,786,118,1
2024-06-26 16:28:23,180,38,0
2024-06-26 16:28:23,1784,25,0
2024-06-26 16:28:23,88702,29,0
2024-06-26 16:28:23,69441,29,0
2024-06-26 16:28:23,168,29,0
2024-06-26 16:28:23,1248,29,0
2024-06-26 16:28:25,786,32,0
2024-06-26 16:28:25,80,29,0
2024-06-26 16:28:26,640,27,0
2024-06-26 16:28:26,68928,29,0
2024-06-26 16:28:26,70309,29,0
2024-06-26 16:28:28,760,31,0
2024-06-26 16:28:28,786,26,0
2024-06-26 16:28:28,72198,29,0
2024-06-26 16:28:28,80820,29,0
2024-06-26 16:28:32,760,34,0
2024-06-26 16:28:32,786,33,0
2024-06-26 16:28:32,71498,29,0
2024-06-26 16:28:32,103513,29,0
2024-06-26 16:28:33,40,40,0
2024-06-26 16:28:35,1080,48,1
2024-06-26 16:28:35,786,28,0
2024-06-26 16:28:35,103744,29,0
2024-06-26 16:28:35,126834,29,0
2024-06-26 16:28:40,1280,54,1
2024-06-26 16:28:40,786,65,1
2024-06-26 16:28:40,94538,29,0
2024-06-26 16:28:40,82933,29,0
2024-06-26 16:28:44,786,29,0
2024-06-26 16:28:44,80,29,0
2024-06-26 16:28:45,1480,43,0
2024-06-26 16:28:45,786,19,0
2024-06-26 16:28:45,197092,29,0
2024-06-26 16:28:45,225721,29,0
2024-06-26 16:28:48,400,46,1
2024-06-26 16:28:48,786,67,1
2024-06-26 16:28:48,69088,29,0
2024-06-26 16:28:48,79665,29,0
2024-06-26 16:28:52,1480,46,1
2024-06-26 16:28:52,786,29,0
2024-06-26 16:28:52,201594,29,0
2024-06-26 16:28:52,308844,29,0
2024-06-26 16:28:56,640,40,0
2024-06-26 16:28:56,786,38,0
2024-06-26 16:28:56,81046,29,0
2024-06-26 16:28:56,97927,29,0
2024-06-26 16:28:59,840,45,0
2024-06-26 16:28:59,786,21,0
2024-06-26 16:28:59,108726,29,0
2024-06-26 16:28:59,109523,29,0
2024-06-26 16:29:03,1280,46,1
2024-06-26 16:29:03,786,58,1
2024-06-26 16:29:03,40,82,1
2024-06-26 16:29:03,7427,31,0
2024-06-26 16:29:03,175872,29,0
2024-06-26 16:29:03,245016,29,0
2024-06-26 16:29:03,40,41,0
2024-06-26 16:29:03,271,21,0
2024-06-26 16:29:06,1920,45,0
2024-06-26 16:29:06,786,21,0
2024-06-26 16:29:06,263670,29,0
2024-06-26 16:29:06,384751,29,0
2024-06-26 16:29:10,180,54,1
2024-06-26 16:29:10,1157,32,0
2024-06-26 16:29:10,208,32,0
2024-06-26 16:29:10,7486,42,0
2024-06-26 16:29:11,120,26,0
2024-06-26 16:29:11,496,77,1
2024-06-26 16:29:11,80,45,0
2024-06-26 16:29:11,1239,45,0
2024-06-26 16:29:12,1080,44,0
2024-06-26 16:29:12,786,19,0
2024-06-26 16:29:12,113430,29,0
2024-06-26 16:29:12,161365,29,0
2024-06-26 16:29:15,1680,43,0
2024-06-26 16:29:15,786,32,0
2024-06-26 16:29:15,208784,29,0
2024-06-26 16:29:15,293612,29,0
2024-06-26 16:29:20,1800,40,0
2024-06-26 16:29:20,786,66,1
2024-06-26 16:29:20,250142,29,0
2024-06-26 16:29:20,352678,29,0
2024-06-26 16:29:24,40,29,0
2024-06-26 16:29:25,1800,43,0
2024-06-26 16:29:25,786,40,0
2024-06-26 16:29:25,250648,29,0
2024-06-26 16:29:25,299170,29,0
2024-06-26 16:29:30,1360,39,0
2024-06-26 16:29:30,786,39,0
2024-06-26 16:29:30,177844,29,0
2024-06-26 16:29:30,203758,29,0
2024-06-26 16:29:33,1120,42,0
2024-06-26 16:29:33,786,59,1
2024-06-26 16:29:33,133496,29,0
2024-06-26 16:29:33,180743,29,0
2024-06-26 16:29:35,840,37,0
2024-06-26 16:29:35,786,77,1
2024-06-26 16:29:35,65358,29,0
2024-06-26 16:29:35,104179,29,0
2024-06-26 16:29:39,560,47,1
2024-06-26 16:29:39,786,82,1
2024-06-26 16:29:39,50080,29,0
2024-06-26 16:29:39,79857,29,0
2024-06-26 16:29:42,800,44,0
2024-06-26 16:29:42,786,30,0
2024-06-26 16:29:42,81974,29,0
2024-06-26 16:29:42,80779,29,0
2024-06-26 16:29:46,1440,34,0
2024-06-26 16:29:46,786,25,0
2024-06-26 16:29:46,180,24,0
2024-06-26 16:29:46,1977,68,1
2024-06-26 16:29:46,145534,29,0
2024-06-26 16:29:46,158560,29,0
2024-06-26 16:29:46,168,19,0
2024-06-26 16:29:46,6482,19,0
2024-06-26 16:29:50,1000,32,0
2024-06-26 16:29:50,786,43,0
2024-06-26 16:29:50,220,78,1
2024-06-26 16:29:50,1482,33,0
2024-06-26 16:29:50,220,28,0
2024-06-26 16:29:50,1482,32,0
2024-06-26 16:29:50,180,48,1
2024-06-26 16:29:50,2350,37,0
2024-06-26 16:29:50,97838,29,0
2024-06-26 16:29:50,135900,29,0
2024-06-26 16:29:50,248,41,0
2024-06-26 16:29:50,6975,41,0
2024-06-26 16:29:50,168,34,0
2024-06-26 16:29:50,5640,27,0
2024-06-26 16:29:50,208,24,0
2024-06-26 16:29:50,6836,46,1
2024-06-26 16:29:51,40,26,0
2024-06-26 16:29:51,40,22,0
2024-06-26 16:29:51,399,33,0
2024-06-26 16:29:54,800,50,1
2024-06-26 16:29:54,786,32,0
2024-06-26 16:29:54,70740,29,0
2024-06-26 16:29:54,111119,29,0
2024-06-26 16:29:57,40,36,0
2024-06-26 16:29:57,71,47,1
2024-06-26 16:29:59,960,46,1
2024-06-26 16:29:59,786,38,0
2024-06-26 16:29:59,40,22,0
2024-06-26 16:29:59,85026,29,0
2024-06-26 16:29:59,93262,29,0
2024-06-26 16:29:59,40,26,0
2024-06-26 16:30:03,880,39,0
2024-06-26 16:30:03,786,38,0
2024-06-26 16:30:03,40,41,0
2024-06-26 16:30:03,6950,219,1
2024-06-26 16:30:03,81498,29,0
2024-06-26 16:30:03,123287,29,0
2024-06-26 16:30:03,40,36,0
2024-06-26 16:30:03,271,38,0
2024-06-26 16:30:05,220,31,0
2024-06-26 16:30:05,1462,24,0
2024-06-26 16:30:05,208,41,0
2024-06-26 16:30:05,868,41,0
2024-06-26 16:30:06,40,41,0
2024-06-26 16:30:08,920,34,0
2024-06-26 16:30:08,1572,27,0
2024-06-26 16:30:08,105689,29,0
2024-06-26 16:30:08,145403,29,0
2024-06-26 16:30:13,600,60,1
2024-06-26 16:30:13,786,39,0
2024-06-26 16:30:13,60,42,0
2024-06-26 16:30:13,107702,29,0
2024-06-26 16:30:13,140985,29,0
2024-06-26 16:30:14,120,30,0
2024-06-26 16:30:14,658,50,1
2024-06-26 16:30:14,168,31,0
2024-06-26 16:30:14,3450,26,0
2024-06-26 16:30:15,40,36,0
2024-06-26 16:30:18,1040,45,0
2024-06-26 16:30:18,786,37,0
2024-06-26 16:30:18,40,38,0
2024-06-26 16:30:18,125192,29,0
2024-06-26 16:30:18,159683,29,0
2024-06-26 16:30:18,40,42,0
2024-06-26 16:30:23,600,36,0
2024-06-26 16:30:23,786,33,0
2024-06-26 16:30:23,56598,29,0
2024-06-26 16:30:23,66597,29,0
2024-06-26 16:30:28,1280,44,0
2024-06-26 16:30:28,786,26,0
2024-06-26 16:30:28,140902,29,0
2024-06-26 16:30:28,128490,29,0
2024-06-26 16:30:33,2360,48,1
2024-06-26 16:30:33,1572,24,0
2024-06-26 16:30:33,339558,29,0
2024-06-26 16:30:33,478598,29,0
2024-06-26 16:30:35,40,40,0
2024-06-26 16:30:35,40,19,0
2024-06-26 16:30:38,400,31,0
2024-06-26 16:30:38,786,32,0
2024-06-26 16:30:38,59008,29,0
2024-06-26 16:30:38,83223,29,0
2024-06-26 16:30:40,786,33,0
2024-06-26 16:30:40,80,29,0
2024-06-26 16:30:41,840,41,0
2024-06-26 16:30:41,131144,29,0
2024-06-26 16:30:41,202466,29,0
2024-06-26 16:30:43,880,40,0
2024-06-26 16:30:43,786,22,0
2024-06-26 16:30:43,89314,29,0
2024-06-26 16:30:43,112622,29,0
2024-06-26 16:30:46,1240,45,0
2024-06-26 16:30:46,786,35,0
2024-06-26 16:30:46,97612,29,0
2024-06-26 16:30:46,104530,29,0
2024-06-26 16:30:49,1160,44,0
2024-06-26 16:30:49,786,31,0
2024-06-26 16:30:49,140080,29,0
2024-06-26 16:30:49,191058,29,0
2024-06-26 16:30:50,240,42,0
2024-06-26 16:30:50,70000,29,0
2024-06-26 16:30:50,109840,29,0
2024-06-26 16:30:51,80,46,1
2024-06-26 16:30:51,40,43,0
2024-06-26 16:30:51,71,37,0
2024-06-26 16:30:56,1280,41,0
2024-06-26 16:30:56,786,39,0
2024-06-26 16:30:56,160380,29,0
2024-06-26 16:30:56,214202,29,0
2024-06-26 16:30:59,1000,53,1
2024-06-26 16:30:59,786,33,0
2024-06-26 16:30:59,110580,29,0
2024-06-26 16:30:59,106295,29,0
2024-06-26 16:31:03,520,48,1
2024-06-26 16:31:03,786,40,0
2024-06-26 16:31:03,40,20,0
2024-06-26 16:31:03,7287,44,0
2024-06-26 16:31:03,55632,29,0
2024-06-26 16:31:03,55512,29,0
2024-06-26 16:31:03,40,87,1
2024-06-26 16:31:03,271,26,0
2024-06-26 16:31:08,1000,41,0
2024-06-26 16:31:08,1572,44,0
2024-06-26 16:31:08,136428,29,0
2024-06-26 16:31:08,170517,29,0
2024-06-26 16:31:11,760,43,0
2024-06-26 16:31:11,786,25,0
2024-06-26 16:31:11,120702,29,0
2024-06-26 16:31:11,163952,29,0
2024-06-26 16:31:14,1080,39,0
2024-06-26 16:31:14,786,51,1
2024-06-26 16:31:14,106736,29,0
2024-06-26 16:31:14,162325,29,0
2024-06-26 16:31:16,786,36,0
2024-06-26 16:31:16,80,29,0
2024-06-26 16:31:17,840,38,0
2024-06-26 16:31:17,80000,29,0
2024-06-26 16:31:17,116494,29,0
2024-06-26 16:31:24,2720,36,0
2024-06-26 16:31:24,1180,55,1
2024-06-26 16:31:24,140,26,0
2024-06-26 16:31:24,1784,32,0
2024-06-26 16:31:24,193124,29,0
2024-06-26 16:31:24,65530,29,0
2024-06-26 16:31:24,168,26,0
2024-06-26 16:31:24,191,26,0
2024-06-26 16:31:25,480,47,1
2024-06-26 16:31:25,392,44,0
2024-06-26 16:31:25,40,82,1
2024-06-26 16:31:25,89354,29,0
2024-06-26 16:31:25,118930,29,0
2024-06-26 16:31:25,1064,26,0
2024-06-26 16:31:30,520,30,0
2024-06-26 16:31:30,786,23,0
2024-06-26 16:31:30,70152,29,0
2024-06-26 16:31:30,87041,29,0
2024-06-26 16:31:35,1480,49,1
2024-06-26 16:31:35,1572,42,0
2024-06-26 16:31:35,210305,29,0
2024-06-26 16:31:35,316332,29,0
2024-06-26 16:31:40,1000,40,0
2024-06-26 16:31:40,1572,33,0
2024-06-26 16:31:40,182750,29,0
2024-06-26 16:31:40,186909,29,0
2024-06-26 16:31:48,680,32,0
2024-06-26 16:31:48,1572,39,0
2024-06-26 16:31:48,142504,29,0
2024-06-26 16:31:48,205282,29,0
2024-06-26 16:31:53,360,32,0
2024-06-26 16:31:53,786,29,0
2024-06-26 16:31:53,62562,29,0
2024-06-26 16:31:53,87863,29,0
2024-06-26 16:31:58,560,39,0
2024-06-26 16:31:58,786,37,0
2024-06-26 16:31:58,82562,29,0
2024-06-26 16:31:58,121895,29,0
2024-06-26 16:32:00,440,30,0
2024-06-26 16:32:00,786,22,0
2024-06-26 16:32:00,73666,29,0
2024-06-26 16:32:00,92000,29,0
2024-06-26 16:32:03,1080,50,1
2024-06-26 16:32:03,786,22,0
2024-06-26 16:32:03,260,42,0
2024-06-26 16:32:03,15985,31,0
2024-06-26 16:32:03,175380,29,0
2024-06-26 16:32:03,243618,29,0
2024-06-26 16:32:03,448,34,0
2024-06-26 16:32:03,5885,34,0
2024-06-26 16:32:04,80,89,1
2024-06-26 16:32:04,349,34,0
2024-06-26 16:32:06,920,45,0
2024-06-26 16:32:06,786,27,0
2024-06-26 16:32:06,84906,29,0
2024-06-26 16:32:06,128784,29,0
2024-06-26 16:32:10,720,48,1
2024-06-26 16:32:10,786,43,0
2024-06-26 16:32:10,63182,29,0
2024-06-26 16:32:10,101738,29,0
2024-06-26 16:32:13,720,45,0
2024-06-26 16:32:13,786,67,1
2024-06-26 16:32:13,61400,29,0
2024-06-26 16:32:13,96689,29,0
2024-06-26 16:32:18,2760,39,0
2024-06-26 16:32:18,1572,48,1
2024-06-26 16:32:18,308020,29,0
2024-06-26 16:32:18,249995,29,0
2024-06-26 16:32:25,560,36,0
2024-06-26 16:32:25,786,22,0
2024-06-26 16:32:25,84274,29,0
2024-06-26 16:32:25,155759,29,0
2024-06-26 16:32:27,40,26,0
2024-06-26 16:32:29,1320,44,0
2024-06-26 16:32:29,1572,35,0
2024-06-26 16:32:29,60,40,0
2024-06-26 16:32:29,182654,29,0
2024-06-26 16:32:29,285250,29,0
2024-06-26 16:32:30,120,54,1
2024-06-26 16:32:30,3893,49,1
2024-06-26 16:32:30,248,29,0
2024-06-26 16:32:30,5654,63,1
2024-06-26 16:32:37,520,41,0
2024-06-26 16:32:37,786,29,0
2024-06-26 16:32:37,104946,29,0
2024-06-26 16:32:37,121837,29,0
2024-06-26 16:32:41,920,40,0
2024-06-26 16:32:41,786,30,0
2024-06-26 16:32:41,95318,29,0
2024-06-26 16:32:41,109214,29,0
2024-06-26 16:32:46,1080,47,1
2024-06-26 16:32:46,786,127,1
2024-06-26 16:32:46,106422,29,0
2024-06-26 16:32:46,116794,29,0
2024-06-26 16:32:50,800,48,1
2024-06-26 16:32:50,786,76,1
2024-06-26 16:32:50,74332,29,0
2024-06-26 16:32:50,98378,29,0
2024-06-26 16:32:53,1240,43,0
2024-06-26 16:32:53,1572,30,0
2024-06-26 16:32:53,157684,29,0
2024-06-26 16:32:53,228942,29,0
2024-06-26 16:32:56,764,32,0
2024-06-26 16:32:56,3536,50,1
2024-06-26 16:32:58,1040,34,0
2024-06-26 16:32:58,786,40,0
2024-06-26 16:32:58,108734,29,0
2024-06-26 16:32:58,116724,29,0
2024-06-26 16:33:03,40,24,0
2024-06-26 16:33:03,7024,37,0
2024-06-26 16:33:03,40,37,0
2024-06-26 16:33:03,271,20,0
2024-06-26 16:33:05,1440,44,0
2024-06-26 16:33:05,1572,44,0
2024-06-26 16:33:05,215600,29,0
2024-06-26 16:33:05,203680,29,0
2024-06-26 16:33:06,40,24,0
2024-06-26 16:33:06,40,25,0
2024-06-26 16:33:10,880,53,1
2024-06-26 16:33:10,786,32,0
2024-06-26 16:33:10,122286,29,0
2024-06-26 16:33:10,165672,29,0
2024-06-26 16:33:14,786,89,1
2024-06-26 16:33:14,80,29,0
2024-06-26 16:33:15,520,47,1
2024-06-26 16:33:15,64794,29,0
2024-06-26 16:33:15,75145,29,0
2024-06-26 16:33:18,680,38,0
2024-06-26 16:33:18,786,21,0
2024-06-26 16:33:18,71498,29,0
2024-06-26 16:33:18,83029,29,0
2024-06-26 16:33:22,180,29,0
2024-06-26 16:33:22,1639,30,0
2024-06-26 16:33:22,168,29,0
2024-06-26 16:33:22,3858,29,0
2024-06-26 16:33:23,1040,43,0
2024-06-26 16:33:23,786,65,1
2024-06-26 16:33:23,108098,29,0
2024-06-26 16:33:23,122439,29,0
2024-06-26 16:33:26,1080,47,1
2024-06-26 16:33:26,786,31,0
2024-06-26 16:33:26,120080,29,0
2024-06-26 16:33:26,155131,29,0
2024-06-26 16:33:29,1120,39,0
2024-06-26 16:33:29,786,30,0
2024-06-26 16:33:29,123222,29,0
2024-06-26 16:33:29,160657,29,0
2024-06-26 16:33:34,40,42,0
2024-06-26 16:33:35,40,42,0
2024-06-26 16:33:35,786,20,0
2024-06-26 16:33:35,14254,29,0
2024-06-26 16:33:36,1040,43,0
2024-06-26 16:33:36,110652,29,0
2024-06-26 16:33:36,130774,29,0
2024-06-26 16:33:41,1080,47,1
2024-06-26 16:33:41,786,29,0
2024-06-26 16:33:41,123514,29,0
2024-06-26 16:33:41,121392,29,0
2024-06-26 16:33:45,1120,42,0
2024-06-26 16:33:45,786,30,0
2024-06-26 16:33:45,113666,29,0
2024-06-26 16:33:45,153119,29,0
2024-06-26 16:33:50,1040,45,0
2024-06-26 16:33:50,786,36,0
2024-06-26 16:33:50,101576,29,0
2024-06-26 16:33:50,126377,29,0
2024-06-26 16:33:57,880,47,1
2024-06-26 16:33:57,1572,29,0
2024-06-26 16:33:57,99820,29,0
2024-06-26 16:33:57,100857,29,0
2024-06-26 16:33:58,240,26,0
2024-06-26 16:33:58,31418,29,0
2024-06-26 16:33:58,51362,29,0
2024-06-26 16:34:00,480,35,0
2024-06-26 16:34:00,786,26,0
2024-06-26 16:34:00,77806,29,0
2024-06-26 16:34:00,81162,29,0
2024-06-26 16:34:03,560,42,0
2024-06-26 16:34:03,786,36,0
2024-06-26 16:34:03,40,38,0
2024-06-26 16:34:03,7112,37,0
2024-06-26 16:34:03,50476,29,0
2024-06-26 16:34:03,76144,29,0
2024-06-26 16:34:03,40,18,0
2024-06-26 16:34:03,271,39,0
2024-06-26 16:34:06,760,42,0
2024-06-26 16:34:06,786,37,0
2024-06-26 16:34:06,73528,29,0
2024-06-26 16:34:06,89471,29,0
2024-06-26 16:34:08,180,30,0
2024-06-26 16:34:08,2350,33,0
2024-06-26 16:34:08,208,29,0
2024-06-26 16:34:08,6836,25,0
2024-06-26 16:34:09,40,28,0
2024-06-26 16:34:09,1720,41,0
2024-06-26 16:34:09,786,40,0
2024-06-26 16:34:09,191832,29,0
2024-06-26 16:34:09,241803,29,0
2024-06-26 16:34:13,1040,36,0
2024-06-26 16:34:13,786,34,0
2024-06-26 16:34:13,102916,29,0
2024-06-26 16:34:13,134864,29,0
2024-06-26 16:34:17,1120,52,1
2024-06-26 16:34:17,786,35,0
2024-06-26 16:34:17,104574,29,0
2024-06-26 16:34:17,130824,29,0
2024-06-26 16:34:20,760,43,0
2024-06-26 16:34:20,786,85,1
2024-06-26 16:34:20,60740,29,0
2024-06-26 16:34:20,114462,29,0
2024-06-26 16:34:23,680,41,0
2024-06-26 16:34:23,786,23,0
2024-06-26 16:34:23,55358,29,0
2024-06-26 16:34:23,96963,29,0
2024-06-26 16:34:25,40,42,0
2024-06-26 16:34:25,1137,29,0
2024-06-26 16:34:25,40,29,0
2024-06-26 16:34:25,1058,29,0
2024-06-26 16:34:27,1080,39,0
2024-06-26 16:34:27,786,44,0
2024-06-26 16:34:27,79158,29,0
2024-06-26 16:34:27,146364,29,0
2024-06-26 16:34:34,1040,34,0
2024-06-26 16:34:34,786,35,0
2024-06-26 16:34:34,116850,29,0
2024-06-26 16:34:34,139698,29,0
2024-06-26 16:34:37,880,38,0
2024-06-26 16:34:37,786,29,0
2024-06-26 16:34:37,82044,29,0
2024-06-26 16:34:37,95028,29,0
2024-06-26 16:34:40,920,31,0
2024-06-26 16:34:40,786,35,0
2024-06-26 16:34:40,85492,29,0
2024-06-26 16:34:40,106436,29,0
2024-06-26 16:34:43,880,45,0
2024-06-26 16:34:43,786,21,0
2024-06-26 16:34:43,100080,29,0
2024-06-26 16:34:43,99771,29,0
2024-06-26 16:34:51,1080,38,0
2024-06-26 16:34:51,786,44,0
2024-06-26 16:34:51,118726,29,0
2024-06-26 16:34:51,120556,29,0
2024-06-26 16:34:54,786,30,0
2024-06-26 16:34:54,80,29,0
2024-06-26 16:34:55,680,46,1
2024-06-26 16:34:55,62658,29,0
2024-06-26 16:34:55,88368,29,0
2024-06-26 16:34:58,1040,43,0
2024-06-26 16:34:58,1572,36,0
2024-06-26 16:34:58,122438,29,0
2024-06-26 16:34:58,208108,29,0
2024-06-26 16:35:03,600,46,1
2024-06-26 16:35:03,786,63,1
2024-06-26 16:35:03,40,38,0
2024-06-26 16:35:03,6771,22,0
2024-06-26 16:35:03,60458,29,0
2024-06-26 16:35:03,93547,29,0
2024-06-26 16:35:03,40,29,0
2024-06-26 16:35:03,271,20,0
2024-06-26 16:35:05,220,74,1
2024-06-26 16:35:05,1489,56,1
2024-06-26 16:35:05,248,47,1
2024-06-26 16:35:05,6997,47,1
2024-06-26 16:35:07,560,40,0
2024-06-26 16:35:07,786,28,0
2024-06-26 16:35:07,69394,29,0
2024-06-26 16:35:07,63274,29,0
2024-06-26 16:35:09,80,47,1
2024-06-26 16:35:09,40,20,0
2024-06-26 16:35:09,71,17,0
2024-06-26 16:35:11,880,50,1
2024-06-26 16:35:11,786,42,0
2024-06-26 16:35:11,87864,29,0
2024-06-26 16:35:11,75512,29,0
2024-06-26 16:35:15,1080,41,0
2024-06-26 16:35:15,786,49,1
2024-06-26 16:35:15,95996,29,0
2024-06-26 16:35:15,171397,29,0
2024-06-26 16:35:19,1000,48,1
2024-06-26 16:35:19,1572,31,0
2024-06-26 16:35:19,122714,29,0
2024-06-26 16:35:19,138160,29,0
2024-06-26 16:35:20,120,35,0
2024-06-26 16:35:20,60000,29,0
2024-06-26 16:35:20,90216,29,0
2024-06-26 16:35:26,40,29,0
2024-06-26 16:35:27,640,42,0
2024-06-26 16:35:27,786,36,0
2024-06-26 16:35:27,81306,29,0
2024-06-26 16:35:27,126307,29,0
2024-06-26 16:35:31,840,47,1
2024-06-26 16:35:31,786,30,0
2024-06-26 16:35:31,146936,29,0
2024-06-26 16:35:31,157535,29,0
2024-06-26 16:35:34,840,59,1
2024-06-26 16:35:34,786,23,0
2024-06-26 16:35:34,81498,29,0
2024-06-26 16:35:34,107523,29,0
2024-06-26 16:35:37,1360,45,0
2024-06-26 16:35:37,786,21,0
2024-06-26 16:35:37,182052,29,0
2024-06-26 16:35:37,265500,29,0
2024-06-26 16:35:41,786,29,0
2024-06-26 16:35:42,920,33,0
2024-06-26 16:35:42,94156,29,0
2024-06-26 16:35:42,110859,29,0
2024-06-26 16:35:45,920,44,0
2024-06-26 16:35:45,786,28,0
2024-06-26 16:35:45,95558,29,0
2024-06-26 16:35:45,91932,29,0
2024-06-26 16:35:53,1920,43,0
2024-06-26 16:35:53,1572,29,0
2024-06-26 16:35:53,299474,29,0
2024-06-26 16:35:53,387835,29,0
2024-06-26 16:35:58,1680,33,0
2024-06-26 16:35:58,786,62,1
2024-06-26 16:35:58,211194,29,0
2024-06-26 16:35:58,298451,29,0
2024-06-26 16:36:03,2440,38,0
2024-06-26 16:36:03,786,69,1
2024-06-26 16:36:03,40,37,0
2024-06-26 16:36:03,7182,55,1
2024-06-26 16:36:03,349581,29,0
2024-06-26 16:36:03,557051,29,0
2024-06-26 16:36:03,40,46,1
2024-06-26 16:36:03,271,26,0
2024-06-26 16:36:08,2480,35,0
2024-06-26 16:36:08,786,28,0
2024-06-26 16:36:08,432474,29,0
2024-06-26 16:36:08,599331,29,0
2024-06-26 16:36:13,1840,43,0
2024-06-26 16:36:13,786,139,1
2024-06-26 16:36:13,318986,29,0
2024-06-26 16:36:13,482446,29,0
2024-06-26 16:36:18,2040,37,0
2024-06-26 16:36:18,786,29,0
2024-06-26 16:36:18,268416,29,0
2024-06-26 16:36:18,393022,29,0
2024-06-26 16:36:23,1880,32,0
2024-06-26 16:36:23,786,18,0
2024-06-26 16:36:23,240178,29,0
2024-06-26 16:36:23,324113,29,0
2024-06-26 16:36:28,1400,48,1
2024-06-26 16:36:28,786,33,0
2024-06-26 16:36:28,184942,29,0
2024-06-26 16:36:28,268565,29,0
2024-06-26 16:36:34,1400,44,0
2024-06-26 16:36:34,786,27,0
2024-06-26 16:36:34,172304,29,0
2024-06-26 16:36:34,235483,29,0
2024-06-26 16:36:37,1240,34,0
2024-06-26 16:36:37,786,29,0
2024-06-26 16:36:37,167196,29,0
2024-06-26 16:36:37,235761,29,0
2024-06-26 16:36:44,1400,36,0
2024-06-26 16:36:44,786,34,0
2024-06-26 16:36:44,169748,29,0
2024-06-26 16:36:44,224079,29,0
2024-06-26 16:36:48,3320,41,0
2024-06-26 16:36:48,1572,37,0
2024-06-26 16:36:48,615039,29,0
2024-06-26 16:36:48,966941,29,0
2024-06-26 16:36:52,2160,38,0
2024-06-26 16:36:52,787,19,0
2024-06-26 16:36:52,489616,29,0
2024-06-26 16:36:52,744787,29,0
2024-06-26 16:36:55,520,34,0
2024-06-26 16:36:55,788,25,0
2024-06-26 16:36:55,61498,29,0
2024-06-26 16:36:55,64639,29,0
2024-06-26 16:36:56,1720,41,0
2024-06-26 16:36:56,463666,29,0
2024-06-26 16:36:56,710889,29,0
2024-06-26 16:37:00,1360,38,0
2024-06-26 16:37:00,1576,31,0
2024-06-26 16:37:00,181464,29,0
2024-06-26 16:37:00,227627,29,0
2024-06-26 16:37:03,180,43,0
2024-06-26 16:37:03,7138,30,0
2024-06-26 16:37:03,248,31,0
2024-06-26 16:37:03,117,46,1
2024-06-26 16:37:04,1240,33,0
2024-06-26 16:37:04,788,24,0
2024-06-26 16:37:04,160,38,0
2024-06-26 16:37:04,7091,31,0
2024-06-26 16:37:04,230570,29,0
2024-06-26 16:37:04,345579,29,0
2024-06-26 16:37:04,200,54,1
2024-06-26 16:37:04,6117,33,0
2024-06-26 16:37:08,920,50,1
2024-06-26 16:37:08,788,32,0
2024-06-26 16:37:08,168810,29,0
2024-06-26 16:37:08,243904,29,0
2024-06-26 16:37:11,788,21,0
2024-06-26 16:37:11,80,29,0
2024-06-26 16:37:12,1640,47,1
2024-06-26 16:37:12,155015,29,0
2024-06-26 16:37:12,239856,29,0
2024-06-26 16:37:17,1720,50,1
2024-06-26 16:37:17,1576,45,0
2024-06-26 16:37:17,279784,29,0
2024-06-26 16:37:17,363524,29,0
2024-06-26 16:37:21,788,60,1
2024-06-26 16:37:21,80,29,0
2024-06-26 16:37:22,880,51,1
2024-06-26 16:37:22,143150,29,0
2024-06-26 16:37:22,146544,29,0
2024-06-26 16:37:24,1720,40,0
2024-06-26 16:37:24,788,22,0
2024-06-26 16:37:24,348744,29,0
2024-06-26 16:37:24,486226,29,0
2024-06-26 16:37:25,180,45,0
2024-06-26 16:37:25,1785,38,0
2024-06-26 16:37:25,168,23,0
2024-06-26 16:37:25,1221,23,0
2024-06-26 16:37:30,180,31,0
2024-06-26 16:37:30,3893,38,0
2024-06-26 16:37:30,248,27,0
2024-06-26 16:37:30,5694,37,0
2024-06-26 16:37:31,840,34,0
2024-06-26 16:37:31,788,29,0
2024-06-26 16:37:31,194854,29,0
2024-06-26 16:37:31,232293,29,0
2024-06-26 16:37:34,1120,49,1
2024-06-26 16:37:34,788,23,0
2024-06-26 16:37:34,167624,29,0
2024-06-26 16:37:34,233055,29,0
2024-06-26 16:37:37,788,67,1
2024-06-26 16:37:37,80,29,0
2024-06-26 16:37:38,2200,47,1
2024-06-26 16:37:38,231008,29,0
2024-06-26 16:37:38,244813,29,0
2024-06-26 16:37:41,1440,37,0
2024-06-26 16:37:41,788,39,0
2024-06-26 16:37:41,233954,29,0
2024-06-26 16:37:41,345697,29,0
2024-06-26 16:37:45,1120,50,1
2024-06-26 16:37:45,788,36,0
2024-06-26 16:37:45,134874,29,0
2024-06-26 16:37:45,187845,29,0
2024-06-26 16:37:49,140,29,0
2024-06-26 16:37:49,2654,44,0
2024-06-26 16:37:49,248,23,0
2024-06-26 16:37:49,6442,26,0
2024-06-26 16:37:50,480,38,0
2024-06-26 16:37:50,2394,23,0
2024-06-26 16:37:50,432,33,0
2024-06-26 16:37:50,13768,45,0
2024-06-26 16:37:51,640,29,0
2024-06-26 16:37:51,18202,57,1
2024-06-26 16:37:51,760,78,1
2024-06-26 16:37:51,14256,28,0
2024-06-26 16:37:53,1320,40,0
2024-06-26 16:37:53,788,78,1
2024-06-26 16:37:53,180218,29,0
2024-06-26 16:37:53,260724,29,0
2024-06-26 16:37:57,1960,38,0
2024-06-26 16:37:57,788,34,0
2024-06-26 16:37:57,209796,29,0
2024-06-26 16:37:57,212922,29,0
2024-06-26 16:38:01,788,29,0
2024-06-26 16:38:01,80,29,0
2024-06-26 16:38:02,1320,42,0
2024-06-26 16:38:02,188928,29,0
2024-06-26 16:38:02,256792,29,0
2024-06-26 16:38:03,6942,35,0
2024-06-26 16:38:03,40,74,1
2024-06-26 16:38:04,40,18,0
2024-06-26 16:38:04,271,31,0
2024-06-26 16:38:06,1120,39,0
2024-06-26 16:38:06,788,28,0
2024-06-26 16:38:06,110918,29,0
2024-06-26 16:38:06,164376,29,0
2024-06-26 16:38:10,1400,43,0
2024-06-26 16:38:10,788,30,0
2024-06-26 16:38:10,124680,29,0
2024-06-26 16:38:10,142615,29,0
2024-06-26 16:38:14,1800,40,0
2024-06-26 16:38:14,788,34,0
2024-06-26 16:38:14,208526,29,0
2024-06-26 16:38:14,236187,29,0
2024-06-26 16:38:18,1080,47,1
2024-06-26 16:38:18,788,71,1
2024-06-26 16:38:18,112280,29,0
2024-06-26 16:38:18,157491,29,0
2024-06-26 16:38:22,1040,43,0
2024-06-26 16:38:22,788,40,0
2024-06-26 16:38:22,122040,29,0
2024-06-26 16:38:22,217581,29,0
2024-06-26 16:38:27,1840,45,0
2024-06-26 16:38:27,1576,71,1
2024-06-26 16:38:27,277928,29,0
2024-06-26 16:38:27,388080,29,0
2024-06-26 16:38:30,40,23,0
2024-06-26 16:38:30,40,20,0
2024-06-26 16:38:32,360,33,0
2024-06-26 16:38:32,788,47,1
2024-06-26 16:38:32,88742,29,0
2024-06-26 16:38:32,109178,29,0
2024-06-26 16:38:37,2960,41,0
2024-06-26 16:38:37,1576,29,0
2024-06-26 16:38:37,369514,29,0
2024-06-26 16:38:37,385929,29,0
2024-06-26 16:38:41,788,36,0
2024-06-26 16:38:41,80,29,0
2024-06-26 16:38:42,1680,41,0
2024-06-26 16:38:42,212410,29,0
2024-06-26 16:38:42,290238,29,0
2024-06-26 16:38:46,960,34,0
2024-06-26 16:38:46,788,43,0
2024-06-26 16:38:46,105044,29,0
2024-06-26 16:38:46,151352,29,0
2024-06-26 16:38:50,788,28,0
2024-06-26 16:38:50,80,45,0
2024-06-26 16:38:50,64,54,1
2024-06-26 16:38:50,80,29,0
2024-06-26 16:38:50,120,56,1
2024-06-26 16:38:50,103,107,1
2024-06-26 16:38:51,1320,40,0
2024-06-26 16:38:51,788,23,0
2024-06-26 16:38:51,207140,29,0
2024-06-26 16:38:51,290689,29,0
2024-06-26 16:38:55,440,50,1
2024-06-26 16:38:55,788,39,0
2024-06-26 16:38:55,75318,29,0
2024-06-26 16:38:55,90356,29,0
2024-06-26 16:39:00,600,46,1
2024-06-26 16:39:00,788,37,0
2024-06-26 16:39:00,90282,29,0
2024-06-26 16:39:00,111550,29,0
2024-06-26 16:39:03,7064,38,0
2024-06-26 16:39:03,40,24,0
2024-06-26 16:39:04,40,38,0
2024-06-26 16:39:04,271,19,0
2024-06-26 16:39:05,920,33,0
2024-06-26 16:39:05,788,19,0
2024-06-26 16:39:05,132484,29,0
2024-06-26 16:39:05,193170,29,0
2024-06-26 16:39:08,220,38,0
2024-06-26 16:39:08,1505,22,0
2024-06-26 16:39:08,168,34,0
2024-06-26 16:39:08,6305,48,1
2024-06-26 16:39:09,788,42,0
2024-06-26 16:39:09,80,29,0
2024-06-26 16:39:10,1040,36,0
2024-06-26 16:39:10,100730,29,0
2024-06-26 16:39:10,144669,29,0
2024-06-26 16:39:14,1160,60,1
2024-06-26 16:39:14,788,36,0
2024-06-26 16:39:14,150080,29,0
2024-06-26 16:39:14,194248,29,0
2024-06-26 16:39:17,1480,44,0
2024-06-26 16:39:17,788,74,1
2024-06-26 16:39:17,194764,29,0
2024-06-26 16:39:17,233874,29,0
2024-06-26 16:39:22,720,50,1
2024-06-26 16:39:22,788,84,1
2024-06-26 16:39:22,72176,29,0
2024-06-26 16:39:22,51550,29,0
2024-06-26 16:39:23,360,33,0
2024-06-26 16:39:23,25578,29,0
2024-06-26 16:39:23,47299,29,0
2024-06-26 16:39:25,1520,37,0
2024-06-26 16:39:25,788,37,0
2024-06-26 16:39:25,191268,29,0
2024-06-26 16:39:25,284805,29,0
2024-06-26 16:39:28,1480,44,0
2024-06-26 16:39:28,788,27,0
2024-06-26 16:39:28,179358,29,0
2024-06-26 16:39:28,228837,29,0
2024-06-26 16:39:30,1240,35,0
2024-06-26 16:39:30,788,33,0
2024-06-26 16:39:30,122510,29,0
2024-06-26 16:39:30,133023,29,0
2024-06-26 16:39:35,1520,42,0
2024-06-26 16:39:35,788,38,0
2024-06-26 16:39:35,194884,29,0
2024-06-26 16:39:35,238780,29,0
2024-06-26 16:39:42,1360,41,0
2024-06-26 16:39:42,788,34,0
2024-06-26 16:39:42,167708,29,0
2024-06-26 16:39:42,237439,29,0
2024-06-26 16:39:46,1680,46,1
2024-06-26 16:39:46,788,37,0
2024-06-26 16:39:46,266224,29,0
2024-06-26 16:39:46,364862,29,0
2024-06-26 16:39:50,2280,41,0
2024-06-26 16:39:50,1576,33,0
2024-06-26 16:39:50,410504,29,0
2024-06-26 16:39:50,561718,29,0
2024-06-26 16:39:52,1240,47,1
2024-06-26 16:39:52,788,21,0
2024-06-26 16:39:52,228449,29,0
2024-06-26 16:39:52,184889,29,0
2024-06-26 16:39:57,840,42,0
2024-06-26 16:39:57,788,63,1
2024-06-26 16:39:57,122722,29,0
2024-06-26 16:39:57,162203,29,0
2024-06-26 16:40:01,840,35,0
2024-06-26 16:40:01,788,87,1
2024-06-26 16:40:01,142658,29,0
2024-06-26 16:40:01,155297,29,0
2024-06-26 16:40:03,7264,38,0
2024-06-26 16:40:03,40,33,0
2024-06-26 16:40:04,1760,40,0
2024-06-26 16:40:04,788,40,0
2024-06-26 16:40:04,40,22,0
2024-06-26 16:40:04,229334,29,0
2024-06-26 16:40:04,353283,29,0
2024-06-26 16:40:04,271,38,0
2024-06-26 16:40:05,40,28,0
2024-06-26 16:40:05,220,63,1
2024-06-26 16:40:05,1519,21,0
2024-06-26 16:40:05,208,40,0
2024-06-26 16:40:05,6935,40,0
2024-06-26 16:40:06,40,40,0
2024-06-26 16:40:08,40,22,0
2024-06-26 16:40:08,40,86,1
2024-06-26 16:40:08,71,30,0
2024-06-26 16:40:09,840,36,0
2024-06-26 16:40:09,788,35,0
2024-06-26 16:40:09,40,36,0
2024-06-26 16:40:09,82320,29,0
2024-06-26 16:40:09,82298,29,0
2024-06-26 16:40:13,788,20,0
2024-06-26 16:40:13,80,29,0
2024-06-26 16:40:14,2400,41,0
2024-06-26 16:40:14,788,38,0
2024-06-26 16:40:14,370216,29,0
2024-06-26 16:40:14,512203,29,0
2024-06-26 16:40:18,1560,54,1
2024-06-26 16:40:18,788,29,0
2024-06-26 16:40:18,197836,29,0
2024-06-26 16:40:18,300403,29,0
2024-06-26 16:40:23,1320,43,0
2024-06-26 16:40:23,788,25,0
2024-06-26 16:40:23,159978,29,0
2024-06-26 16:40:23,216058,29,0
2024-06-26 16:40:26,200,25,0
2024-06-26 16:40:26,1114,43,0
2024-06-26 16:40:26,180,42,0
2024-06-26 16:40:26,1785,25,0
2024-06-26 16:40:26,260,71,1
2024-06-26 16:40:26,2594,34,0
2024-06-26 16:40:26,176,27,0
2024-06-26 16:40:26,168,26,0
2024-06-26 16:40:26,1222,26,0
2024-06-26 16:40:26,168,187,1
2024-06-26 16:40:26,7043,187,1
2024-06-26 16:40:27,320,40,0
2024-06-26 16:40:27,1308,45,0
2024-06-26 16:40:27,520,27,0
2024-06-26 16:40:27,14970,27,0
2024-06-26 16:40:28,2560,38,0
2024-06-26 16:40:28,1576,56,1
2024-06-26 16:40:28,490052,29,0
2024-06-26 16:40:28,704967,29,0
2024-06-26 16:40:33,3200,40,0
2024-06-26 16:40:33,788,33,0
2024-06-26 16:40:33,624378,29,0
2024-06-26 16:40:33,975240,29,0
2024-06-26 16:40:37,1120,47,1
2024-06-26 16:40:37,1576,43,0
2024-06-26 16:40:37,204248,29,0
2024-06-26 16:40:37,280934,29,0
2024-06-26 16:40:38,520,45,0
2024-06-26 16:40:38,89816,29,0
2024-06-26 16:40:38,139140,29,0
2024-06-26 16:40:39,40,55,1
2024-06-26 16:40:39,40,27,0
2024-06-26 16:40:42,2120,47,1
2024-06-26 16:40:42,1576,20,0
2024-06-26 16:40:42,429140,29,0
2024-06-26 16:40:42,620935,29,0
2024-06-26 16:40:46,1520,46,1
2024-06-26 16:40:46,788,27,0
2024-06-26 16:40:46,335328,29,0
2024-06-26 16:40:46,518424,29,0
2024-06-26 16:40:52,1600,39,0
2024-06-26 16:40:52,788,32,0
2024-06-26 16:40:52,248794,29,0
2024-06-26 16:40:52,368433,29,0
2024-06-26 16:40:53,120,51,1
2024-06-26 16:40:53,58308,29,0
2024-06-26 16:40:53,109246,29,0
2024-06-26 16:40:55,2280,40,0
2024-06-26 16:40:55,788,27,0
2024-06-26 16:40:55,350114,29,0
2024-06-26 16:40:55,480886,29,0
2024-06-26 16:40:58,1360,41,0
2024-06-26 16:40:58,788,31,0
2024-06-26 16:40:58,194874,29,0
2024-06-26 16:40:58,298266,29,0
2024-06-26 16:41:01,1440,39,0
2024-06-26 16:41:01,788,42,0
2024-06-26 16:41:01,164126,29,0
2024-06-26 16:41:01,201224,29,0
2024-06-26 16:41:03,40,29,0
2024-06-26 16:41:04,1160,37,0
2024-06-26 16:41:04,788,26,0
2024-06-26 16:41:04,180,38,0
2024-06-26 16:41:04,8714,30,0
2024-06-26 16:41:04,144668,29,0
2024-06-26 16:41:04,197208,29,0
2024-06-26 16:41:04,288,60,1
2024-06-26 16:41:04,6077,27,0
2024-06-26 16:41:09,1440,41,0
2024-06-26 16:41:09,788,44,0
2024-06-26 16:41:09,176742,29,0
2024-06-26 16:41:09,213667,29,0
2024-06-26 16:41:14,3320,43,0
2024-06-26 16:41:14,1576,33,0
2024-06-26 16:41:14,422630,29,0
2024-06-26 16:41:14,425490,29,0
2024-06-26 16:41:19,440,45,0
2024-06-26 16:41:19,788,40,0
2024-06-26 16:41:19,87133,29,0
2024-06-26 16:41:19,130448,29,0
2024-06-26 16:41:24,1880,43,0
2024-06-26 16:41:24,1576,33,0
2024-06-26 16:41:24,444242,29,0
2024-06-26 16:41:24,612707,29,0
2024-06-26 16:41:27,40,36,0
2024-06-26 16:41:27,788,62,1
2024-06-26 16:41:27,10740,29,0
2024-06-26 16:41:27,10000,29,0
2024-06-26 16:41:28,760,57,1
2024-06-26 16:41:28,137762,29,0
2024-06-26 16:41:28,211089,29,0
2024-06-26 16:41:29,40,26,0
2024-06-26 16:41:29,40,187,1
2024-06-26 16:41:31,680,54,1
2024-06-26 16:41:31,788,41,0
2024-06-26 16:41:31,135318,29,0
2024-06-26 16:41:31,162036,29,0
2024-06-26 16:41:35,788,34,0
2024-06-26 16:41:35,80,29,0
2024-06-26 16:41:36,1520,36,0
2024-06-26 16:41:36,788,89,1
2024-06-26 16:41:36,271276,29,0
2024-06-26 16:41:36,379276,29,0
2024-06-26 16:41:40,640,35,0
2024-06-26 16:41:40,788,29,0
2024-06-26 16:41:40,150080,29,0
2024-06-26 16:41:40,198219,29,0
2024-06-26 16:41:45,1560,42,0
2024-06-26 16:41:45,788,117,1
2024-06-26 16:41:45,269368,29,0
2024-06-26 16:41:45,349971,29,0
2024-06-26 16:41:49,2000,46,1
2024-06-26 16:41:49,788,50,1
2024-06-26 16:41:49,204014,29,0
2024-06-26 16:41:49,262852,29,0
2024-06-26 16:41:50,2560,41,0
2024-06-26 16:41:50,788,80,1
2024-06-26 16:41:50,398126,29,0
2024-06-26 16:41:50,507894,29,0
2024-06-26 16:41:53,1000,41,0
2024-06-26 16:41:53,788,29,0
2024-06-26 16:41:53,187476,29,0
2024-06-26 16:41:53,282407,29,0
2024-06-26 16:41:56,480,39,0
2024-06-26 16:41:56,788,43,0
2024-06-26 16:41:56,50080,29,0
2024-06-26 16:41:56,123644,29,0
2024-06-26 16:41:59,2880,43,0
2024-06-26 16:41:59,1576,36,0
2024-06-26 16:41:59,371602,29,0
2024-06-26 16:41:59,471065,29,0
2024-06-26 16:42:04,1000,43,0
2024-06-26 16:42:04,788,21,0
2024-06-26 16:42:04,40,42,0
2024-06-26 16:42:04,7939,31,0
2024-06-26 16:42:04,101498,29,0
2024-06-26 16:42:04,127595,29,0
2024-06-26 16:42:04,40,173,1
2024-06-26 16:42:04,271,130,1
2024-06-26 16:42:08,1200,42,0
2024-06-26 16:42:08,788,27,0
2024-06-26 16:42:08,131276,29,0
2024-06-26 16:42:08,171697,29,0
2024-06-26 16:42:13,1440,37,0
2024-06-26 16:42:13,788,30,0
2024-06-26 16:42:13,169755,29,0
2024-06-26 16:42:13,271415,29,0
2024-06-26 16:42:18,1160,38,0
2024-06-26 16:42:18,788,142,1
2024-06-26 16:42:18,138398,29,0
2024-06-26 16:42:18,177813,29,0
2024-06-26 16:42:21,1040,63,1
2024-06-26 16:42:21,788,58,1
2024-06-26 16:42:21,130158,29,0
2024-06-26 16:42:21,173993,29,0
2024-06-26 16:42:24,1280,41,0
2024-06-26 16:42:24,788,18,0
2024-06-26 16:42:24,159238,29,0
2024-06-26 16:42:24,244366,29,0
2024-06-26 16:42:28,680,48,1
2024-06-26 16:42:28,788,32,0
2024-06-26 16:42:28,63882,29,0
2024-06-26 16:42:28,72180,29,0
2024-06-26 16:42:30,180,27,0
2024-06-26 16:42:30,3893,44,0
2024-06-26 16:42:30,168,40,0
2024-06-26 16:42:30,5654,73,1
2024-06-26 16:42:32,600,30,0
2024-06-26 16:42:32,788,24,0
2024-06-26 16:42:32,50870,29,0
2024-06-26 16:42:32,77797,29,0
2024-06-26 16:42:36,1160,40,0
2024-06-26 16:42:36,788,46,1
2024-06-26 16:42:36,123940,29,0
2024-06-26 16:42:36,194812,29,0
2024-06-26 16:42:39,1240,46,1
2024-06-26 16:42:39,788,34,0
2024-06-26 16:42:39,178754,29,0
2024-06-26 16:42:39,238003,29,0
2024-06-26 16:42:45,1040,44,0
2024-06-26 16:42:45,788,28,0
2024-06-26 16:42:45,112810,29,0
2024-06-26 16:42:45,134910,29,0
2024-06-26 16:42:48,1120,45,0
2024-06-26 16:42:48,788,42,0
2024-06-26 16:42:48,112542,29,0
2024-06-26 16:42:48,156183,29,0
2024-06-26 16:42:53,760,48,1
2024-06-26 16:42:53,788,52,1
2024-06-26 16:42:53,73672,29,0
2024-06-26 16:42:53,98614,29,0
2024-06-26 16:42:55,720,49,1
2024-06-26 16:42:55,788,39,0
2024-06-26 16:42:55,78910,29,0
2024-06-26 16:42:55,73095,29,0
2024-06-26 16:42:58,560,39,0
2024-06-26 16:42:58,788,42,0
2024-06-26 16:42:58,60080,29,0
2024-06-26 16:42:58,72788,29,0
2024-06-26 16:43:02,1160,33,0
2024-06-26 16:43:02,788,45,0
2024-06-26 16:43:02,130726,29,0
2024-06-26 16:43:02,167255,29,0
2024-06-26 16:43:04,40,22,0
2024-06-26 16:43:04,7200,20,0
2024-06-26 16:43:04,40,37,0
2024-06-26 16:43:04,271,35,0
2024-06-26 16:43:05,1520,54,1
2024-06-26 16:43:05,788,23,0
2024-06-26 16:43:05,214188,29,0
2024-06-26 16:43:05,340400,29,0
2024-06-26 16:43:10,1800,43,0
2024-06-26 16:43:10,788,62,1
2024-06-26 16:43:10,204938,29,0
2024-06-26 16:43:10,219937,29,0
2024-06-26 16:43:11,200,46,1
2024-06-26 16:43:11,11144,29,0
2024-06-26 16:43:11,10998,29,0
2024-06-26 16:43:14,1840,40,0
2024-06-26 16:43:14,788,30,0
2024-06-26 16:43:14,170027,29,0
2024-06-26 16:43:14,269083,29,0
2024-06-26 16:43:19,1160,41,0
2024-06-26 16:43:19,788,124,1
2024-06-26 16:43:19,158290,29,0
2024-06-26 16:43:19,204640,29,0
2024-06-26 16:43:24,1280,31,0
2024-06-26 16:43:24,788,36,0
2024-06-26 16:43:24,177010,29,0
2024-06-26 16:43:24,251071,29,0
2024-06-26 16:43:26,180,30,0
2024-06-26 16:43:26,1785,49,1
2024-06-26 16:43:26,168,29,0
2024-06-26 16:43:26,1200,29,0
2024-06-26 16:43:28,1000,51,1
2024-06-26 16:43:28,788,69,1
2024-06-26 16:43:28,131222,29,0
2024-06-26 16:43:28,189868,29,0
2024-06-26 16:43:32,760,43,0
2024-06-26 16:43:32,788,32,0
2024-06-26 16:43:32,40,22,0
2024-06-26 16:43:32,68428,29,0
2024-06-26 16:43:32,90408,29,0
2024-06-26 16:43:38,788,27,0
2024-06-26 16:43:38,80,29,0
2024-06-26 16:43:39,1040,39,0
2024-06-26 16:43:39,102482,29,0
2024-06-26 16:43:39,132452,29,0
2024-06-26 16:43:42,920,36,0
2024-06-26 16:43:42,788,32,0
2024-06-26 16:43:42,79878,29,0
2024-06-26 16:43:42,114481,29,0
2024-06-26 16:43:46,1000,43,0
2024-06-26 16:43:46,788,35,0
2024-06-26 16:43:46,120080,29,0
2024-06-26 16:43:46,155863,29,0
2024-06-26 16:43:48,920,47,1
2024-06-26 16:43:48,788,30,0
2024-06-26 16:43:48,63672,29,0
2024-06-26 16:43:48,48167,29,0
2024-06-26 16:43:51,1000,46,1
2024-06-26 16:43:51,788,29,0
2024-06-26 16:43:51,108437,29,0
2024-06-26 16:43:51,198959,29,0
2024-06-26 16:43:54,1000,41,0
2024-06-26 16:43:54,788,44,0
2024-06-26 16:43:54,104808,29,0
2024-06-26 16:43:54,155971,29,0
2024-06-26 16:43:58,560,51,1
2024-06-26 16:43:58,788,19,0
2024-06-26 16:43:58,51980,29,0
2024-06-26 16:43:58,70132,29,0
2024-06-26 16:44:00,788,34,0
2024-06-26 16:44:00,80,29,0
2024-06-26 16:44:01,1400,46,1
2024-06-26 16:44:01,185704,29,0
2024-06-26 16:44:01,231309,29,0
2024-06-26 16:44:04,40,38,0
2024-06-26 16:44:04,6830,23,0
2024-06-26 16:44:04,40,25,0
2024-06-26 16:44:04,271,40,0
2024-06-26 16:44:08,1400,41,0
2024-06-26 16:44:08,788,81,1
2024-06-26 16:44:08,180,29,0
2024-06-26 16:44:08,1505,24,0
2024-06-26 16:44:08,188818,29,0
2024-06-26 16:44:08,343069,29,0
2024-06-26 16:44:08,168,42,0
2024-06-26 16:44:08,6265,42,0
2024-06-26 16:44:11,1240,40,0
2024-06-26 16:44:11,788,50,1
2024-06-26 16:44:11,158388,29,0
2024-06-26 16:44:11,208799,29,0
2024-06-26 16:44:15,3040,41,0
2024-06-26 16:44:15,788,34,0
2024-06-26 16:44:15,268286,29,0
2024-06-26 16:44:15,137915,29,0
2024-06-26 16:44:20,1440,47,1
2024-06-26 16:44:20,788,25,0
2024-06-26 16:44:20,186996,29,0
2024-06-26 16:44:20,244575,29,0
2024-06-26 16:44:25,1160,36,0
2024-06-26 16:44:25,788,53,1
2024-06-26 16:44:25,148626,29,0
2024-06-26 16:44:25,225797,29,0
2024-06-26 16:44:28,1400,40,0
2024-06-26 16:44:28,788,58,1
2024-06-26 16:44:28,171734,29,0
2024-06-26 16:44:28,231100,29,0
2024-06-26 16:44:28,40,29,0
2024-06-26 16:44:37,1560,38,0
2024-06-26 16:44:37,1576,42,0
2024-06-26 16:44:37,242078,29,0
2024-06-26 16:44:37,288845,29,0
2024-06-26 16:44:41,1080,46,1
2024-06-26 16:44:41,788,24,0
2024-06-26 16:44:41,172104,29,0
2024-06-26 16:44:41,260987,29,0
2024-06-26 16:44:46,1000,55,1
2024-06-26 16:44:46,788,35,0
2024-06-26 16:44:46,155526,29,0
2024-06-26 16:44:46,239788,29,0
2024-06-26 16:44:49,1080,52,1
2024-06-26 16:44:49,788,59,1
2024-06-26 16:44:49,185504,29,0
2024-06-26 16:44:49,194610,29,0
2024-06-26 16:44:56,394,50,1
2024-06-26 16:44:57,2000,38,0
2024-06-26 16:44:57,1182,85,1
2024-06-26 16:44:57,285357,29,0
2024-06-26 16:44:57,414258,29,0
2024-06-26 16:45:03,800,54,1
2024-06-26 16:45:03,788,53,1
2024-06-26 16:45:03,142960,29,0
2024-06-26 16:45:03,172334,29,0
2024-06-26 16:45:04,300,45,0
2024-06-26 16:45:04,14611,67,1
2024-06-26 16:45:04,448,54,1
2024-06-26 16:45:04,6194,35,0
2024-06-26 16:45:05,220,19,0
2024-06-26 16:45:05,1549,32,0
2024-06-26 16:45:05,248,40,0
2024-06-26 16:45:05,6935,40,0
2024-06-26 16:45:08,880,48,1
2024-06-26 16:45:08,1576,57,1
2024-06-26 16:45:08,80,25,0
2024-06-26 16:45:08,160988,29,0
2024-06-26 16:45:08,225428,29,0
2024-06-26 16:45:08,40,42,0
2024-06-26 16:45:08,71,42,0
2024-06-26 16:45:13,320,32,0
2024-06-26 16:45:13,788,27,0
2024-06-26 16:45:13,44729,29,0
2024-06-26 16:45:13,56156,29,0
2024-06-26 16:45:16,1000,42,0
2024-06-26 16:45:16,1576,29,0
2024-06-26 16:45:16,128468,29,0
2024-06-26 16:45:16,170515,29,0
2024-06-26 16:45:24,1080,42,0
2024-06-26 16:45:24,788,32,0
2024-06-26 16:45:24,183660,29,0
2024-06-26 16:45:24,227881,29,0
2024-06-26 16:45:27,1240,45,0
2024-06-26 16:45:27,788,41,0
2024-06-26 16:45:27,227646,29,0
2024-06-26 16:45:27,300980,29,0
2024-06-26 16:45:30,1040,40,0
2024-06-26 16:45:30,788,22,0
2024-06-26 16:45:30,79806,29,0
2024-06-26 16:45:30,254242,29,0
2024-06-26 16:45:34,1080,42,0
2024-06-26 16:45:34,788,29,0
2024-06-26 16:45:34,106665,29,0
2024-06-26 16:45:34,158433,29,0
2024-06-26 16:45:38,400,41,0
2024-06-26 16:45:38,2036,46,1
2024-06-26 16:45:38,260,25,0
2024-06-26 16:45:38,1098,50,1
2024-06-26 16:45:38,8804,20,0
2024-06-26 16:45:38,21266,20,0
2024-06-26 16:45:38,3164,28,0
2024-06-26 16:45:38,12071,28,0
2024-06-26 16:45:39,560,39,0
2024-06-26 16:45:39,788,40,0
2024-06-26 16:45:39,54254,29,0
2024-06-26 16:45:39,73346,29,0
2024-06-26 16:45:43,1040,43,0
2024-06-26 16:45:43,788,41,0
2024-06-26 16:45:43,94712,29,0
2024-06-26 16:45:43,95326,29,0
2024-06-26 16:45:47,1200,44,0
2024-06-26 16:45:47,788,116,1
2024-06-26 16:45:47,139484,29,0
2024-06-26 16:45:47,163134,29,0
2024-06-26 16:45:52,1240,37,0
2024-06-26 16:45:52,788,130,1
2024-06-26 16:45:52,125284,29,0
2024-06-26 16:45:52,165396,29,0
2024-06-26 16:45:56,1120,58,1
2024-06-26 16:45:56,788,129,1
2024-06-26 16:45:56,109373,29,0
2024-06-26 16:45:56,145219,29,0
2024-06-26 16:46:04,40,26,0
2024-06-26 16:46:04,6550,40,0
2024-06-26 16:46:04,40,54,1
2024-06-26 16:46:04,271,54,1
2024-06-26 16:46:05,880,39,0
2024-06-26 16:46:05,788,31,0
2024-06-26 16:46:05,90080,29,0
2024-06-26 16:46:05,112305,29,0
2024-06-26 16:46:09,840,47,1
2024-06-26 16:46:09,788,29,0
2024-06-26 16:46:09,87010,29,0
2024-06-26 16:46:09,110679,29,0
2024-06-26 16:46:12,880,40,0
2024-06-26 16:46:12,788,29,0
2024-06-26 16:46:12,75122,29,0
2024-06-26 16:46:12,108713,29,0
2024-06-26 16:46:16,480,31,0
2024-06-26 16:46:16,788,29,0
2024-06-26 16:46:16,47010,29,0
2024-06-26 16:46:16,64352,29,0
2024-06-26 16:46:18,1480,37,0
2024-06-26 16:46:18,788,33,0
2024-06-26 16:46:18,119344,29,0
2024-06-26 16:46:18,66568,29,0
2024-06-26 16:46:21,1120,42,0
2024-06-26 16:46:21,788,116,1
2024-06-26 16:46:21,89660,29,0
2024-06-26 16:46:21,64869,29,0
2024-06-26 16:46:25,1120,36,0
2024-06-26 16:46:25,788,33,0
2024-06-26 16:46:25,99902,29,0
2024-06-26 16:46:25,125042,29,0
2024-06-26 16:46:27,788,68,1
2024-06-26 16:46:27,180,36,0
2024-06-26 16:46:27,1510,34,0
2024-06-26 16:46:27,80,29,0
2024-06-26 16:46:27,168,29,0
2024-06-26 16:46:27,7407,29,0
2024-06-26 16:46:28,520,40,0
2024-06-26 16:46:28,47630,29,0
2024-06-26 16:46:28,52428,29,0
2024-06-26 16:46:32,800,34,0
2024-06-26 16:46:32,1576,31,0
2024-06-26 16:46:32,78414,29,0
2024-06-26 16:46:32,160456,29,0
2024-06-26 16:46:37,840,42,0
2024-06-26 16:46:37,788,33,0
2024-06-26 16:46:37,90080,29,0
2024-06-26 16:46:37,102964,29,0
2024-06-26 16:46:42,680,50,1
2024-06-26 16:46:42,788,20,0
2024-06-26 16:46:42,60152,29,0
2024-06-26 16:46:42,81645,29,0
2024-06-26 16:46:42,80,20,0
2024-06-26 16:46:42,40,28,0
2024-06-26 16:46:47,1200,34,0
2024-06-26 16:46:47,1576,31,0
2024-06-26 16:46:47,144960,29,0
2024-06-26 16:46:47,158051,29,0
2024-06-26 16:46:52,560,38,0
2024-06-26 16:46:52,788,84,1
2024-06-26 16:46:52,54286,29,0
2024-06-26 16:46:52,61620,29,0
2024-06-26 16:46:57,800,38,0
2024-06-26 16:46:57,1576,40,0
2024-06-26 16:46:57,110368,29,0
2024-06-26 16:46:57,116058,29,0
2024-06-26 16:47:02,1080,46,1
2024-06-26 16:47:02,788,55,1
2024-06-26 16:47:02,125998,29,0
2024-06-26 16:47:02,149945,29,0
2024-06-26 16:47:04,40,39,0
2024-06-26 16:47:04,7628,37,0
2024-06-26 16:47:04,40,38,0
2024-06-26 16:47:04,271,19,0
2024-06-26 16:47:05,600,50,1
2024-06-26 16:47:05,788,46,1
2024-06-26 16:47:05,66734,29,0
2024-06-26 16:47:05,67962,29,0
2024-06-26 16:47:12,788,104,1
2024-06-26 16:47:12,80,29,0
2024-06-26 16:47:13,1160,47,1
2024-06-26 16:47:13,788,137,1
2024-06-26 16:47:13,194543,29,0
2024-06-26 16:47:13,281237,29,0
2024-06-26 16:47:17,480,30,0
2024-06-26 16:47:17,788,71,1
2024-06-26 16:47:17,97166,29,0
2024-06-26 16:47:17,129988,29,0
2024-06-26 16:47:22,200,39,0
2024-06-26 16:47:22,788,56,1
2024-06-26 16:47:22,220,115,1
2024-06-26 16:47:22,1509,103,1
2024-06-26 16:47:22,24600,29,0
2024-06-26 16:47:22,15422,29,0
2024-06-26 16:47:22,168,37,0
2024-06-26 16:47:22,10107,37,0
2024-06-26 16:47:23,240,45,0
2024-06-26 16:47:23,31418,29,0
2024-06-26 16:47:23,36646,29,0
2024-06-26 16:47:25,40,18,0
2024-06-26 16:47:25,877,28,0
2024-06-26 16:47:25,40,18,0
2024-06-26 16:47:25,1134,22,0
2024-06-26 16:47:26,400,53,1
2024-06-26 16:47:26,788,51,1
2024-06-26 16:47:26,63940,29,0
2024-06-26 16:47:26,59793,29,0
2024-06-26 16:47:27,40,29,0
2024-06-26 16:47:29,400,33,0
2024-06-26 16:47:29,788,57,1
2024-06-26 16:47:29,43940,29,0
2024-06-26 16:47:29,76091,29,0
2024-06-26 16:47:30,180,28,0
2024-06-26 16:47:30,3893,45,0
2024-06-26 16:47:30,248,46,1
2024-06-26 16:47:30,5655,29,0
2024-06-26 16:47:32,800,37,0
2024-06-26 16:47:32,788,105,1
2024-06-26 16:47:32,74946,29,0
2024-06-26 16:47:32,85828,29,0
2024-06-26 16:47:35,480,33,0
2024-06-26 16:47:35,788,49,1
2024-06-26 16:47:35,53802,29,0
2024-06-26 16:47:35,48552,29,0
2024-06-26 16:47:40,1080,37,0
2024-06-26 16:47:40,788,31,0
2024-06-26 16:47:40,79466,29,0
2024-06-26 16:47:40,28811,29,0
2024-06-26 16:47:43,600,44,0
2024-06-26 16:47:43,788,27,0
2024-06-26 16:47:43,57050,29,0
2024-06-26 16:47:43,72834,29,0
2024-06-26 16:47:49,640,53,1
2024-06-26 16:47:49,788,66,1
2024-06-26 16:47:49,55260,29,0
2024-06-26 16:47:49,73338,29,0
2024-06-26 16:47:54,600,37,0
2024-06-26 16:47:54,788,42,0
2024-06-26 16:47:54,61498,29,0
2024-06-26 16:47:54,62964,29,0
2024-06-26 16:47:59,520,50,1
2024-06-26 16:47:59,788,29,0
2024-06-26 16:47:59,51046,29,0
2024-06-26 16:47:59,61122,29,0
2024-06-26 16:48:02,520,41,0
2024-06-26 16:48:02,788,53,1
2024-06-26 16:48:02,50080,29,0
2024-06-26 16:48:02,58699,29,0
2024-06-26 16:48:03,40,37,0
2024-06-26 16:48:04,260,33,0
2024-06-26 16:48:04,7987,34,0
2024-06-26 16:48:04,328,33,0
2024-06-26 16:48:04,6117,43,0
2024-06-26 16:48:05,400,54,1
2024-06-26 16:48:05,788,127,1
2024-06-26 16:48:05,40080,29,0
2024-06-26 16:48:05,46112,29,0
2024-06-26 16:48:10,880,36,0
2024-06-26 16:48:10,1576,30,0
2024-06-26 16:48:10,120982,29,0
2024-06-26 16:48:10,122921,29,0
2024-06-26 16:48:15,280,32,0
2024-06-26 16:48:15,788,34,0
2024-06-26 16:48:15,55358,29,0
2024-06-26 16:48:15,57858,29,0
2024-06-26 16:48:20,360,69,1
2024-06-26 16:48:20,788,40,0
2024-06-26 16:48:20,71804,29,0
2024-06-26 16:48:20,80016,29,0
2024-06-26 16:48:23,260,47,1
2024-06-26 16:48:23,658,32,0
2024-06-26 16:48:23,168,51,1
2024-06-26 16:48:23,3490,51,1
2024-06-26 16:48:25,400,38,0
2024-06-26 16:48:25,788,25,0
2024-06-26 16:48:25,80,35,0
2024-06-26 16:48:25,55632,29,0
2024-06-26 16:48:25,88163,29,0
2024-06-26 16:48:25,40,92,1
2024-06-26 16:48:25,71,24,0
2024-06-26 16:48:29,40,19,0
2024-06-26 16:48:30,720,47,1
2024-06-26 16:48:30,788,35,0
2024-06-26 16:48:30,80080,29,0
2024-06-26 16:48:30,83434,29,0
2024-06-26 16:48:35,560,43,0
2024-06-26 16:48:35,788,41,0
2024-06-26 16:48:35,60080,29,0
2024-06-26 16:48:35,67397,29,0
2024-06-26 16:48:40,720,36,0
2024-06-26 16:48:40,788,41,0
2024-06-26 16:48:40,71352,29,0
2024-06-26 16:48:40,75094,29,0
2024-06-26 16:48:45,640,53,1
2024-06-26 16:48:45,788,62,1
2024-06-26 16:48:45,70080,29,0
2024-06-26 16:48:45,79888,29,0
2024-06-26 16:48:48,40,29,0
2024-06-26 16:48:48,40,18,0
2024-06-26 16:48:51,760,36,0
2024-06-26 16:48:51,788,38,0
2024-06-26 16:48:51,80740,29,0
2024-06-26 16:48:51,83705,29,0
2024-06-26 16:48:56,840,48,1
2024-06-26 16:48:56,788,19,0
2024-06-26 16:48:56,69370,29,0
2024-06-26 16:48:56,46015,29,0
2024-06-26 16:48:58,788,40,0
2024-06-26 16:48:58,80,29,0
2024-06-26 16:48:59,480,32,0
2024-06-26 16:48:59,50346,29,0
2024-06-26 16:48:59,46381,29,0
2024-06-26 16:49:01,640,33,0
2024-06-26 16:49:01,788,18,0
2024-06-26 16:49:01,61498,29,0
2024-06-26 16:49:01,72031,29,0
2024-06-26 16:49:04,40,38,0
2024-06-26 16:49:04,6679,41,0
2024-06-26 16:49:04,40,42,0
2024-06-26 16:49:04,271,21,0
2024-06-26 16:49:05,520,44,0
2024-06-26 16:49:05,788,37,0
2024-06-26 16:49:05,50080,29,0
2024-06-26 16:49:05,63167,29,0
2024-06-26 16:49:08,788,28,0
2024-06-26 16:49:08,180,34,0
2024-06-26 16:49:08,1505,25,0
2024-06-26 16:49:08,80,29,0
2024-06-26 16:49:08,168,31,0
2024-06-26 16:49:08,6265,22,0
2024-06-26 16:49:09,840,38,0
2024-06-26 16:49:09,73528,29,0
2024-06-26 16:49:09,87974,29,0
2024-06-26 16:49:12,788,79,1
2024-06-26 16:49:12,80,29,0
2024-06-26 16:49:13,640,43,0
2024-06-26 16:49:13,63860,29,0
2024-06-26 16:49:13,77424,29,0
2024-06-26 16:49:15,60,21,0
2024-06-26 16:49:16,260,61,1
2024-06-26 16:49:16,3323,28,0
2024-06-26 16:49:16,376,44,0
2024-06-26 16:49:16,7347,27,0
2024-06-26 16:49:17,80,96,1
2024-06-26 16:49:17,2298,36,0
2024-06-26 16:49:17,200,32,0
2024-06-26 16:49:17,6817,64,1
2024-06-26 16:49:21,560,32,0
2024-06-26 16:49:21,788,40,0
2024-06-26 16:49:21,59766,29,0
2024-06-26 16:49:21,65432,29,0
2024-06-26 16:49:24,920,42,0
2024-06-26 16:49:24,788,22,0
2024-06-26 16:49:24,92464,29,0
2024-06-26 16:49:24,93024,29,0
2024-06-26 16:49:26,788,26,0
2024-06-26 16:49:26,80,29,0
2024-06-26 16:49:27,1120,41,0
2024-06-26 16:49:27,140,108,1
2024-06-26 16:49:27,1785,24,0
2024-06-26 16:49:27,107630,29,0
2024-06-26 16:49:27,130866,29,0
2024-06-26 16:49:27,168,40,0
2024-06-26 16:49:27,191,40,0
2024-06-26 16:49:28,40,60,1
2024-06-26 16:49:28,1009,40,0
2024-06-26 16:49:34,640,34,0
2024-06-26 16:49:34,788,36,0
2024-06-26 16:49:34,59354,29,0
2024-06-26 16:49:34,81769,29,0
2024-06-26 16:49:37,720,46,1
2024-06-26 16:49:37,788,35,0
2024-06-26 16:49:37,65358,29,0
2024-06-26 16:49:37,89338,29,0
2024-06-26 16:49:45,480,37,0
2024-06-26 16:49:45,1576,31,0
2024-06-26 16:49:45,59846,29,0
2024-06-26 16:49:45,95032,29,0
2024-06-26 16:49:48,40,55,1
2024-06-26 16:49:48,788,75,1
2024-06-26 16:49:48,12876,29,0
2024-06-26 16:49:48,6486,29,0
2024-06-26 16:49:49,1440,41,0
2024-06-26 16:49:49,323900,29,0
2024-06-26 16:49:49,440170,29,0
2024-06-26 16:49:52,640,34,0
2024-06-26 16:49:52,788,33,0
2024-06-26 16:49:52,89162,29,0
2024-06-26 16:49:52,117119,29,0
2024-06-26 16:49:55,1120,38,0
2024-06-26 16:49:55,788,28,0
2024-06-26 16:49:55,197594,29,0
2024-06-26 16:49:55,255251,29,0
2024-06-26 16:49:59,1400,49,1
2024-06-26 16:49:59,788,19,0
2024-06-26 16:49:59,154595,29,0
2024-06-26 16:49:59,255914,29,0
2024-06-26 16:50:04,40,22,0
2024-06-26 16:50:04,6597,37,0
2024-06-26 16:50:04,3040,42,0
2024-06-26 16:50:04,1576,34,0
2024-06-26 16:50:04,40,38,0
2024-06-26 16:50:04,271,20,0
2024-06-26 16:50:04,544284,29,0
2024-06-26 16:50:04,700548,29,0
2024-06-26 16:50:05,220,35,0
2024-06-26 16:50:05,1577,58,1
2024-06-26 16:50:05,248,43,0
2024-06-26 16:50:05,6935,43,0
2024-06-26 16:50:08,40,37,0
2024-06-26 16:50:08,40,41,0
2024-06-26 16:50:08,71,21,0
2024-06-26 16:50:09,40,125,1
2024-06-26 16:50:11,788,24,0
2024-06-26 16:50:11,80,29,0
2024-06-26 16:50:12,2400,37,0
2024-06-26 16:50:12,456057,29,0
2024-06-26 16:50:12,673310,29,0
2024-06-26 16:50:16,120,35,0
2024-06-26 16:50:16,788,24,0
2024-06-26 16:50:16,80,26,0
2024-06-26 16:50:16,64,37,0
2024-06-26 16:50:16,13496,29,0
2024-06-26 16:50:16,10000,29,0
2024-06-26 16:50:16,120,41,0
2024-06-26 16:50:16,103,46,1
2024-06-26 16:50:17,2160,42,0
2024-06-26 16:50:17,80,33,0
2024-06-26 16:50:17,64,39,0
2024-06-26 16:50:17,366538,29,0
2024-06-26 16:50:17,565188,29,0
2024-06-26 16:50:17,120,41,0
2024-06-26 16:50:17,103,82,1
2024-06-26 16:50:21,1360,40,0
2024-06-26 16:50:21,788,71,1
2024-06-26 16:50:21,176038,29,0
2024-06-26 16:50:21,228734,29,0
2024-06-26 16:50:26,1320,42,0
2024-06-26 16:50:26,1576,27,0
2024-06-26 16:50:26,171256,29,0
2024-06-26 16:50:26,218689,29,0
2024-06-26 16:50:27,40,40,0
2024-06-26 16:50:29,960,47,1
2024-06-26 16:50:29,788,30,0
2024-06-26 16:50:29,119736,29,0
2024-06-26 16:50:29,156223,29,0
2024-06-26 16:50:35,1200,44,0
2024-06-26 16:50:35,788,64,1
2024-06-26 16:50:35,134986,29,0
2024-06-26 16:50:35,148490,29,0
2024-06-26 16:50:39,1080,41,0
2024-06-26 16:50:39,788,32,0
2024-06-26 16:50:39,200426,29,0
2024-06-26 16:50:39,300649,29,0
2024-06-26 16:50:44,1280,43,0
2024-06-26 16:50:44,788,47,1
2024-06-26 16:50:44,198388,29,0
2024-06-26 16:50:44,309108,29,0
2024-06-26 16:50:48,560,45,0
2024-06-26 16:50:48,788,31,0
2024-06-26 16:50:48,49668,29,0
2024-06-26 16:50:48,68254,29,0
2024-06-26 16:50:53,1720,41,0
2024-06-26 16:50:53,1576,34,0
2024-06-26 16:50:53,295024,29,0
2024-06-26 16:50:53,388416,29,0
2024-06-26 16:50:58,520,49,1
2024-06-26 16:50:58,788,32,0
2024-06-26 16:50:58,125396,29,0
2024-06-26 16:50:58,117308,29,0
2024-06-26 16:51:03,1040,40,0
2024-06-26 16:51:03,1576,29,0
2024-06-26 16:51:03,190950,29,0
2024-06-26 16:51:03,243297,29,0
2024-06-26 16:51:04,40,82,1
2024-06-26 16:51:04,7457,33,0
2024-06-26 16:51:04,40,19,0
2024-06-26 16:51:04,271,38,0
2024-06-26 16:51:08,1280,39,0
2024-06-26 16:51:08,788,29,0
2024-06-26 16:51:08,79706,29,0
2024-06-26 16:51:08,24641,29,0
2024-06-26 16:51:13,2760,40,0
2024-06-26 16:51:13,1576,57,1
2024-06-26 16:51:13,241205,29,0
2024-06-26 16:51:13,184254,29,0
2024-06-26 16:51:14,1440,36,0
2024-06-26 16:51:14,91360,29,0
2024-06-26 16:51:14,98371,29,0
2024-06-26 16:51:18,800,56,1
2024-06-26 16:51:18,788,38,0
2024-06-26 16:51:18,143528,29,0
2024-06-26 16:51:18,222614,29,0
2024-06-26 16:51:23,1080,44,0
2024-06-26 16:51:23,788,63,1
2024-06-26 16:51:23,306848,29,0
2024-06-26 16:51:23,402491,29,0
2024-06-26 16:51:28,1400,44,0
2024-06-26 16:51:28,788,63,1
2024-06-26 16:51:28,219944,29,0
2024-06-26 16:51:28,323950,29,0
2024-06-26 16:51:32,1600,37,0
2024-06-26 16:51:32,788,29,0
2024-06-26 16:51:32,211414,29,0
2024-06-26 16:51:32,281566,29,0
2024-06-26 16:51:41,1520,43,0
2024-06-26 16:51:41,788,33,0
2024-06-26 16:51:41,196258,29,0
2024-06-26 16:51:41,279996,29,0
2024-06-26 16:51:46,1320,35,0
2024-06-26 16:51:46,1576,58,1
2024-06-26 16:51:46,158886,29,0
2024-06-26 16:51:46,204062,29,0
2024-06-26 16:51:49,180,47,1
2024-06-26 16:51:49,8906,28,0
2024-06-26 16:51:49,168,31,0
2024-06-26 16:51:49,4356,52,1
2024-06-26 16:51:51,840,45,0
2024-06-26 16:51:51,788,126,1
2024-06-26 16:51:51,87462,29,0
2024-06-26 16:51:51,126705,29,0
2024-06-26 16:51:55,1160,38,0
2024-06-26 16:51:55,788,28,0
2024-06-26 16:51:55,133682,29,0
2024-06-26 16:51:55,179458,29,0
2024-06-26 16:52:00,1600,35,0
2024-06-26 16:52:00,1576,26,0
2024-06-26 16:52:00,238716,29,0
2024-06-26 16:52:00,321133,29,0
2024-06-26 16:52:01,40,42,0
2024-06-26 16:52:04,220,92,1
2024-06-26 16:52:04,7709,70,1
2024-06-26 16:52:04,40,40,0
2024-06-26 16:52:04,288,30,0
2024-06-26 16:52:04,6077,34,0
2024-06-26 16:52:05,1680,39,0
2024-06-26 16:52:05,1576,37,0
2024-06-26 16:52:05,237456,29,0
2024-06-26 16:52:05,356468,29,0
2024-06-26 16:52:10,788,41,0
2024-06-26 16:52:10,80,29,0
2024-06-26 16:52:11,680,36,0
2024-06-26 16:52:11,105348,29,0
2024-06-26 16:52:11,145782,29,0
2024-06-26 16:52:13,3280,39,0
2024-06-26 16:52:13,788,28,0
2024-06-26 16:52:13,352212,29,0
2024-06-26 16:52:13,380439,29,0
2024-06-26 16:52:14,1800,39,0
2024-06-26 16:52:14,341102,29,0
2024-06-26 16:52:14,452583,29,0
2024-06-26 16:52:16,4000,46,1
2024-06-26 16:52:16,788,29,0
2024-06-26 16:52:16,629258,29,0
2024-06-26 16:52:16,861197,29,0
2024-06-26 16:52:17,120,67,1
2024-06-26 16:52:17,20000,29,0
2024-06-26 16:52:17,30955,29,0
2024-06-26 16:52:23,788,42,0
2024-06-26 16:52:23,80,29,0
2024-06-26 16:52:24,3920,41,0
2024-06-26 16:52:24,555361,29,0
2024-06-26 16:52:24,824438,29,0
2024-06-26 16:52:27,2280,50,1
2024-06-26 16:52:27,788,23,0
2024-06-26 16:52:27,212050,29,0
2024-06-26 16:52:27,172866,29,0
2024-06-26 16:52:28,880,35,0
2024-06-26 16:52:28,180,50,1
2024-06-26 16:52:28,1785,43,0
2024-06-26 16:52:28,304214,29,0
2024-06-26 16:52:28,489985,29,0
2024-06-26 16:52:28,168,26,0
2024-06-26 16:52:28,1224,26,0
2024-06-26 16:52:30,80,36,0
2024-06-26 16:52:30,3212,61,1
2024-06-26 16:52:30,1240,41,0
2024-06-26 16:52:30,394,38,0
2024-06-26 16:52:30,1448,71,1
2024-06-26 16:52:30,1287,41,0
2024-06-26 16:52:30,188006,29,0
2024-06-26 16:52:30,320000,29,0
2024-06-26 16:52:31,1640,48,1
2024-06-26 16:52:31,394,22,0
2024-06-26 16:52:31,386760,29,0
2024-06-26 16:52:31,615858,29,0
2024-06-26 16:52:38,4680,36,0
2024-06-26 16:52:38,788,35,0
2024-06-26 16:52:38,946546,29,0
2024-06-26 16:52:38,1484721,29,0
2024-06-26 16:52:43,4160,47,1
2024-06-26 16:52:43,788,22,0
2024-06-26 16:52:43,741416,29,0
2024-06-26 16:52:43,1173787,29,0
2024-06-26 16:52:48,3520,42,0
2024-06-26 16:52:48,1576,43,0
2024-06-26 16:52:48,613306,29,0
2024-06-26 16:52:48,914122,29,0
2024-06-26 16:52:51,1440,47,1
2024-06-26 16:52:51,788,24,0
2024-06-26 16:52:51,255847,29,0
2024-06-26 16:52:51,413138,29,0
2024-06-26 16:52:54,2360,38,0
2024-06-26 16:52:54,788,29,0
2024-06-26 16:52:54,452018,29,0
2024-06-26 16:52:54,697956,29,0
2024-06-26 16:52:58,1760,41,0
2024-06-26 16:52:58,788,65,1
2024-06-26 16:52:58,262909,29,0
2024-06-26 16:52:58,404929,29,0
2024-06-26 16:53:02,788,36,0
2024-06-26 16:53:02,80,29,0
2024-06-26 16:53:03,1520,35,0
2024-06-26 16:53:03,187858,29,0
2024-06-26 16:53:03,277430,29,0
2024-06-26 16:53:04,40,20,0
2024-06-26 16:53:04,7245,24,0
2024-06-26 16:53:04,40,36,0
2024-06-26 16:53:04,271,19,0
2024-06-26 16:53:06,2080,44,0
2024-06-26 16:53:06,788,29,0
2024-06-26 16:53:06,293314,29,0
2024-06-26 16:53:06,442725,29,0
2024-06-26 16:53:11,2000,45,0
2024-06-26 16:53:11,788,24,0
2024-06-26 16:53:11,457108,29,0
2024-06-26 16:53:11,641740,29,0
2024-06-26 16:53:15,2360,40,0
2024-06-26 16:53:15,788,39,0
2024-06-26 16:53:15,356926,29,0
2024-06-26 16:53:15,563988,29,0
2024-06-26 16:53:18,2200,44,0
2024-06-26 16:53:18,788,32,0
2024-06-26 16:53:18,387707,29,0
2024-06-26 16:53:18,494479,29,0
2024-06-26 16:53:21,2520,38,0
2024-06-26 16:53:21,788,68,1
2024-06-26 16:53:21,527074,29,0
2024-06-26 16:53:21,806360,29,0
2024-06-26 16:53:26,2080,49,1
2024-06-26 16:53:26,788,28,0
2024-06-26 16:53:26,262366,29,0
2024-06-26 16:53:26,364489,29,0
2024-06-26 16:53:29,2480,38,0
2024-06-26 16:53:29,788,46,1
2024-06-26 16:53:29,379260,29,0
2024-06-26 16:53:29,530784,29,0
2024-06-26 16:53:31,40,20,0
2024-06-26 16:53:31,40,26,0
2024-06-26 16:53:35,2640,43,0
2024-06-26 16:53:35,788,16,0
2024-06-26 16:53:35,438470,29,0
2024-06-26 16:53:35,676849,29,0
2024-06-26 16:53:42,788,53,1
2024-06-26 16:53:42,80,29,0
2024-06-26 16:53:43,1680,49,1
2024-06-26 16:53:43,788,65,1
2024-06-26 16:53:43,306294,29,0
2024-06-26 16:53:43,423153,29,0
2024-06-26 16:53:47,520,29,0
2024-06-26 16:53:47,788,78,1
2024-06-26 16:53:47,114866,29,0
2024-06-26 16:53:47,143777,29,0
2024-06-26 16:53:49,140,32,0
2024-06-26 16:53:49,8734,32,0
2024-06-26 16:53:49,208,33,0
2024-06-26 16:53:49,4355,29,0
2024-06-26 16:53:50,40,114,1
2024-06-26 16:53:51,880,37,0
2024-06-26 16:53:51,788,21,0
2024-06-26 16:53:51,153918,29,0
2024-06-26 16:53:51,222103,29,0
2024-06-26 16:53:56,880,36,0
2024-06-26 16:53:56,788,21,0
2024-06-26 16:53:56,77524,29,0
2024-06-26 16:53:56,117923,29,0
2024-06-26 16:54:01,1280,44,0
2024-06-26 16:54:01,1576,47,1
2024-06-26 16:54:01,170054,29,0
2024-06-26 16:54:01,213525,29,0
2024-06-26 16:54:04,340,44,0
2024-06-26 16:54:04,14921,21,0
2024-06-26 16:54:04,448,42,0
2024-06-26 16:54:04,6234,46,1
2024-06-26 16:54:06,2280,44,0
2024-06-26 16:54:06,788,38,0
2024-06-26 16:54:06,282048,29,0
2024-06-26 16:54:06,272230,29,0
2024-06-26 16:54:07,360,34,0
2024-06-26 16:54:07,74690,29,0
2024-06-26 16:54:07,111317,29,0
2024-06-26 16:54:08,180,39,0
2024-06-26 16:54:08,723,105,1
2024-06-26 16:54:08,128,73,1
2024-06-26 16:54:08,5563,53,1
2024-06-26 16:54:09,40,39,0
2024-06-26 16:54:09,782,46,1
2024-06-26 16:54:09,40,21,0
2024-06-26 16:54:09,782,59,1
2024-06-26 16:54:11,1040,44,0
2024-06-26 16:54:11,1576,27,0
2024-06-26 16:54:11,154052,29,0
2024-06-26 16:54:11,178488,29,0
2024-06-26 16:54:15,560,36,0
2024-06-26 16:54:15,788,34,0
2024-06-26 16:54:15,101424,29,0
2024-06-26 16:54:15,137807,29,0
2024-06-26 16:54:19,520,34,0
2024-06-26 16:54:19,788,20,0
2024-06-26 16:54:19,82908,29,0
2024-06-26 16:54:19,114071,29,0
2024-06-26 16:54:22,1280,41,0
2024-06-26 16:54:22,788,40,0
2024-06-26 16:54:22,221048,29,0
2024-06-26 16:54:22,192097,29,0
2024-06-26 16:54:25,2880,45,0
2024-06-26 16:54:25,1576,36,0
2024-06-26 16:54:25,397736,29,0
2024-06-26 16:54:25,464475,29,0
2024-06-26 16:54:26,200,34,0
2024-06-26 16:54:26,42038,29,0
2024-06-26 16:54:26,41583,29,0
2024-06-26 16:54:32,720,40,0
2024-06-26 16:54:32,788,30,0
2024-06-26 16:54:32,173870,29,0
2024-06-26 16:54:32,246369,29,0
2024-06-26 16:54:36,394,33,0
2024-06-26 16:54:37,920,32,0
2024-06-26 16:54:37,394,38,0
2024-06-26 16:54:37,101212,29,0
2024-06-26 16:54:37,115732,29,0
2024-06-26 16:54:40,760,59,1
2024-06-26 16:54:40,788,37,0
2024-06-26 16:54:40,62680,29,0
2024-06-26 16:54:40,95657,29,0
2024-06-26 16:54:45,1040,39,0
2024-06-26 16:54:45,788,31,0
2024-06-26 16:54:45,131184,29,0
2024-06-26 16:54:45,161633,29,0
2024-06-26 16:54:50,1480,35,0
2024-06-26 16:54:50,788,58,1
2024-06-26 16:54:50,114274,29,0
2024-06-26 16:54:50,159145,29,0
2024-06-26 16:54:53,40,20,0
2024-06-26 16:54:54,788,36,0
2024-06-26 16:54:54,80,29,0
2024-06-26 16:54:55,1640,33,0
2024-06-26 16:54:55,788,19,0
2024-06-26 16:54:55,229740,29,0
2024-06-26 16:54:55,302231,29,0
2024-06-26 16:55:00,1160,36,0
2024-06-26 16:55:00,788,17,0
2024-06-26 16:55:00,211326,29,0
2024-06-26 16:55:00,318319,29,0
2024-06-26 16:55:04,788,26,0
2024-06-26 16:55:04,40,38,0
2024-06-26 16:55:04,7206,42,0
2024-06-26 16:55:04,80,29,0
2024-06-26 16:55:04,40,22,0
2024-06-26 16:55:04,271,19,0
2024-06-26 16:55:05,1840,42,0
2024-06-26 16:55:05,220,38,0
2024-06-26 16:55:05,1601,27,0
2024-06-26 16:55:05,209794,29,0
2024-06-26 16:55:05,231925,29,0
2024-06-26 16:55:05,248,40,0
2024-06-26 16:55:05,6935,40,0
2024-06-26 16:55:09,788,64,1
2024-06-26 16:55:09,40,36,0
2024-06-26 16:55:09,80,29,0
2024-06-26 16:55:09,40,39,0
2024-06-26 16:55:09,71,31,0
2024-06-26 16:55:10,2600,38,0
2024-06-26 16:55:10,788,40,0
2024-06-26 16:55:10,488070,29,0
2024-06-26 16:55:10,668596,29,0
2024-06-26 16:55:14,800,51,1
2024-06-26 16:55:14,788,40,0
2024-06-26 16:55:14,153978,29,0
2024-06-26 16:55:14,215703,29,0
2024-06-26 16:55:17,1200,38,0
2024-06-26 16:55:17,788,27,0
2024-06-26 16:55:17,126440,29,0
2024-06-26 16:55:17,199942,29,0
2024-06-26 16:55:20,1240,39,0
2024-06-26 16:55:20,788,41,0
2024-06-26 16:55:20,210080,29,0
2024-06-26 16:55:20,289769,29,0
2024-06-26 16:55:27,1440,39,0
2024-06-26 16:55:27,788,21,0
2024-06-26 16:55:27,172884,29,0
2024-06-26 16:55:27,259965,29,0
2024-06-26 16:55:28,180,34,0
2024-06-26 16:55:28,1785,26,0
2024-06-26 16:55:28,168,40,0
2024-06-26 16:55:28,1222,40,0
2024-06-26 16:55:31,788,74,1
2024-06-26 16:55:31,80,29,0
2024-06-26 16:55:32,1360,37,0
2024-06-26 16:55:32,115318,29,0
2024-06-26 16:55:32,259357,29,0
2024-06-26 16:55:35,1160,43,0
2024-06-26 16:55:35,788,31,0
2024-06-26 16:55:35,134280,29,0
2024-06-26 16:55:35,181872,29,0
2024-06-26 16:55:39,1040,46,1
2024-06-26 16:55:39,788,47,1
2024-06-26 16:55:39,104624,29,0
2024-06-26 16:55:39,124695,29,0
2024-06-26 16:55:44,2280,34,0
2024-06-26 16:55:44,1576,52,1
2024-06-26 16:55:44,264234,29,0
2024-06-26 16:55:44,251623,29,0
2024-06-26 16:55:50,1040,35,0
2024-06-26 16:55:50,788,92,1
2024-06-26 16:55:50,119766,29,0
2024-06-26 16:55:50,154532,29,0
2024-06-26 16:55:53,788,24,0
2024-06-26 16:55:53,80,29,0
2024-06-26 16:55:54,920,36,0
2024-06-26 16:55:54,96172,29,0
2024-06-26 16:55:54,135969,29,0
2024-06-26 16:55:58,1800,40,0
2024-06-26 16:55:58,1576,35,0
2024-06-26 16:55:58,315448,29,0
2024-06-26 16:55:58,409499,29,0
2024-06-26 16:56:03,600,36,0
2024-06-26 16:56:03,788,72,1
2024-06-26 16:56:03,144887,29,0
2024-06-26 16:56:03,235102,29,0
2024-06-26 16:56:04,40,56,1
2024-06-26 16:56:04,7396,82,1
2024-06-26 16:56:04,40,20,0
2024-06-26 16:56:04,271,47,1
2024-06-26 16:56:08,600,44,0
2024-06-26 16:56:08,788,29,0
2024-06-26 16:56:08,134110,29,0
2024-06-26 16:56:08,164335,29,0
2024-06-26 16:56:15,720,38,0
2024-06-26 16:56:15,788,63,1
2024-06-26 16:56:15,82562,29,0
2024-06-26 16:56:15,100532,29,0
2024-06-26 16:56:19,3160,48,1
2024-06-26 16:56:19,1576,28,0
2024-06-26 16:56:19,513468,29,0
2024-06-26 16:56:19,637633,29,0
2024-06-26 16:56:23,1560,46,1
2024-06-26 16:56:23,788,54,1
2024-06-26 16:56:23,253566,29,0
2024-06-26 16:56:23,357339,29,0
2024-06-26 16:56:26,1240,48,1
2024-06-26 16:56:26,788,23,0
2024-06-26 16:56:26,153586,29,0
2024-06-26 16:56:26,214072,29,0
2024-06-26 16:56:29,1160,45,0
2024-06-26 16:56:29,788,37,0
2024-06-26 16:56:29,115849,29,0
2024-06-26 16:56:29,155357,29,0
2024-06-26 16:56:30,40,40,0
2024-06-26 16:56:37,1360,47,1
2024-06-26 16:56:37,788,29,0
2024-06-26 16:56:37,166292,29,0
2024-06-26 16:56:37,203636,29,0
2024-06-26 16:56:39,1120,52,1
2024-06-26 16:56:39,788,150,1
2024-06-26 16:56:39,122806,29,0
2024-06-26 16:56:39,164184,29,0
2024-06-26 16:56:45,1160,34,0
2024-06-26 16:56:45,788,29,0
2024-06-26 16:56:45,114422,29,0
2024-06-26 16:56:45,148191,29,0
2024-06-26 16:56:49,880,40,0
2024-06-26 16:56:49,788,47,1
2024-06-26 16:56:49,81788,29,0
2024-06-26 16:56:49,118458,29,0
2024-06-26 16:56:52,1560,44,0
2024-06-26 16:56:52,788,32,0
2024-06-26 16:56:52,120368,29,0
2024-06-26 16:56:52,125605,29,0
2024-06-26 16:56:59,788,29,0
2024-06-26 16:56:59,80,29,0
2024-06-26 16:57:00,920,44,0
2024-06-26 16:57:00,90000,29,0
2024-06-26 16:57:00,126114,29,0
2024-06-26 16:57:04,1320,33,0
2024-06-26 16:57:04,1576,39,0
2024-06-26 16:57:04,40,56,1
2024-06-26 16:57:04,6430,31,0
2024-06-26 16:57:04,172788,29,0
2024-06-26 16:57:04,225917,29,0
2024-06-26 16:57:04,40,114,1
2024-06-26 16:57:04,271,92,1
2024-06-26 16:57:08,680,49,1
2024-06-26 16:57:08,788,75,1
2024-06-26 16:57:08,131336,29,0
2024-06-26 16:57:08,177439,29,0
2024-06-26 16:57:12,880,39,0
2024-06-26 16:57:12,788,33,0
2024-06-26 16:57:12,140080,29,0
2024-06-26 16:57:12,188935,29,0
2024-06-26 16:57:16,1240,52,1
2024-06-26 16:57:16,788,19,0
2024-06-26 16:57:16,212894,29,0
2024-06-26 16:57:16,310134,29,0
2024-06-26 16:57:19,920,38,0
2024-06-26 16:57:19,788,38,0
2024-06-26 16:57:19,114874,29,0
2024-06-26 16:57:19,161957,29,0
2024-06-26 16:57:20,40,39,0
2024-06-26 16:57:25,788,52,1
2024-06-26 16:57:25,80,29,0
2024-06-26 16:57:26,920,35,0
2024-06-26 16:57:26,94558,29,0
2024-06-26 16:57:26,110867,29,0
2024-06-26 16:57:30,1000,37,0
2024-06-26 16:57:30,788,33,0
2024-06-26 16:57:30,180,31,0
2024-06-26 16:57:30,3893,39,0
2024-06-26 16:57:30,99830,29,0
2024-06-26 16:57:30,122166,29,0
2024-06-26 16:57:30,208,66,1
2024-06-26 16:57:30,5694,37,0
2024-06-26 16:57:34,1360,45,0
2024-06-26 16:57:34,1576,29,0
2024-06-26 16:57:34,164130,29,0
2024-06-26 16:57:34,222440,29,0
2024-06-26 16:57:38,720,33,0
2024-06-26 16:57:38,788,35,0
2024-06-26 16:57:38,75172,29,0
2024-06-26 16:57:38,90829,29,0
2024-06-26 16:57:41,1400,41,0
2024-06-26 16:57:41,788,21,0
2024-06-26 16:57:41,198042,29,0
2024-06-26 16:57:41,292829,29,0
2024-06-26 16:57:44,788,52,1
2024-06-26 16:57:44,80,29,0
2024-06-26 16:57:45,1160,38,0
2024-06-26 16:57:45,142600,29,0
2024-06-26 16:57:45,210880,29,0
2024-06-26 16:57:48,800,42,0
2024-06-26 16:57:48,788,37,0
2024-06-26 16:57:48,77048,29,0
2024-06-26 16:57:48,109425,29,0
2024-06-26 16:57:53,1440,42,0
2024-06-26 16:57:53,1576,34,0
2024-06-26 16:57:53,236574,29,0
2024-06-26 16:57:53,291159,29,0
2024-06-26 16:57:57,400,38,0
2024-06-26 16:57:57,788,41,0
2024-06-26 16:57:57,150080,29,0
2024-06-26 16:57:57,190355,29,0
2024-06-26 16:58:04,40,39,0
2024-06-26 16:58:04,7356,50,1
2024-06-26 16:58:04,40,46,1
2024-06-26 16:58:04,271,37,0
2024-06-26 16:58:05,640,59,1
2024-06-26 16:58:05,1576,57,1
2024-06-26 16:58:05,158982,29,0
2024-06-26 16:58:05,202765,29,0
2024-06-26 16:58:09,1000,36,0
2024-06-26 16:58:09,788,57,1
2024-06-26 16:58:09,122954,29,0
2024-06-26 16:58:09,175485,29,0
2024-06-26 16:58:13,920,38,0
2024-06-26 16:58:13,788,37,0
2024-06-26 16:58:13,128074,29,0
2024-06-26 16:58:13,182951,29,0
2024-06-26 16:58:17,480,39,0
2024-06-26 16:58:17,788,65,1
2024-06-26 16:58:17,44222,29,0
2024-06-26 16:58:17,19466,29,0
2024-06-26 16:58:18,1520,40,0
2024-06-26 16:58:18,132830,29,0
2024-06-26 16:58:18,41629,29,0
2024-06-26 16:58:22,920,44,0
2024-06-26 16:58:22,788,41,0
2024-06-26 16:58:22,108176,29,0
2024-06-26 16:58:22,180646,29,0
2024-06-26 16:58:24,788,19,0
2024-06-26 16:58:24,80,29,0
2024-06-26 16:58:25,960,37,0
2024-06-26 16:58:25,121104,29,0
2024-06-26 16:58:25,161644,29,0
2024-06-26 16:58:28,100,39,0
2024-06-26 16:58:28,557,37,0
2024-06-26 16:58:28,88,40,0
2024-06-26 16:58:29,80,34,0
2024-06-26 16:58:29,1228,25,0
2024-06-26 16:58:29,80,40,0
2024-06-26 16:58:29,1246,40,0
2024-06-26 16:58:32,1600,35,0
2024-06-26 16:58:32,1576,60,1
2024-06-26 16:58:32,212332,29,0
2024-06-26 16:58:32,268300,29,0
2024-06-26 16:58:33,40,22,0
2024-06-26 16:58:37,960,31,0
2024-06-26 16:58:37,788,32,0
2024-06-26 16:58:37,94890,29,0
2024-06-26 16:58:37,148026,29,0
2024-06-26 16:58:42,1120,45,0
2024-06-26 16:58:42,788,36,0
2024-06-26 16:58:42,123480,29,0
2024-06-26 16:58:42,172774,29,0
2024-06-26 16:58:45,800,36,0
2024-06-26 16:58:45,788,38,0
2024-06-26 16:58:45,77976,29,0
2024-06-26 16:58:45,103426,29,0
2024-06-26 16:58:47,880,32,0
2024-06-26 16:58:47,788,43,0
2024-06-26 16:58:47,85318,29,0
2024-06-26 16:58:47,115473,29,0
2024-06-26 16:58:51,788,76,1
2024-06-26 16:58:51,80,29,0
2024-06-26 16:58:52,1240,37,0
2024-06-26 16:58:52,788,18,0
2024-06-26 16:58:52,145220,29,0
2024-06-26 16:58:52,103266,29,0
2024-06-26 16:58:57,720,48,1
2024-06-26 16:58:57,1576,98,1
2024-06-26 16:58:57,154390,29,0
2024-06-26 16:58:57,170866,29,0
2024-06-26 16:59:02,800,36,0
2024-06-26 16:59:02,788,85,1
2024-06-26 16:59:02,146190,29,0
2024-06-26 16:59:02,182597,29,0
2024-06-26 16:59:04,40,52,1
2024-06-26 16:59:04,7663,38,0
2024-06-26 16:59:04,40,38,0
2024-06-26 16:59:04,271,22,0
2024-06-26 16:59:07,1240,37,0
2024-06-26 16:59:07,1576,56,1
2024-06-26 16:59:07,242198,29,0
2024-06-26 16:59:07,250053,29,0
2024-06-26 16:59:08,220,47,1
2024-06-26 16:59:08,1505,53,1
2024-06-26 16:59:08,168,97,1
2024-06-26 16:59:08,6305,46,1
2024-06-26 16:59:11,760,43,0
2024-06-26 16:59:11,788,64,1
2024-06-26 16:59:11,71184,29,0
2024-06-26 16:59:11,95533,29,0
2024-06-26 16:59:16,1040,38,0
2024-06-26 16:59:16,788,83,1
2024-06-26 16:59:16,120080,29,0
2024-06-26 16:59:16,178199,29,0
2024-06-26 16:59:20,600,41,0
2024-06-26 16:59:20,788,17,0
2024-06-26 16:59:20,57088,29,0
2024-06-26 16:59:20,70693,29,0
2024-06-26 16:59:25,1680,51,1
2024-06-26 16:59:25,1576,48,1
2024-06-26 16:59:25,255880,29,0
2024-06-26 16:59:25,390593,29,0
2024-06-26 16:59:29,40,40,0
2024-06-26 16:59:33,788,45,0
2024-06-26 16:59:33,80,29,0
2024-06-26 16:59:34,4280,39,0
2024-06-26 16:59:34,1078494,29,0
2024-06-26 16:59:34,1659370,29,0
2024-06-26 16:59:37,1640,44,0
2024-06-26 16:59:37,788,18,0
2024-06-26 16:59:37,198188,29,0
2024-06-26 16:59:37,293338,29,0
2024-06-26 16:59:40,1080,34,0
2024-06-26 16:59:40,788,38,0
2024-06-26 16:59:40,140080,29,0
2024-06-26 16:59:40,249937,29,0
2024-06-26 16:59:43,2880,40,0
2024-06-26 16:59:43,788,29,0
2024-06-26 16:59:43,535124,29,0
2024-06-26 16:59:43,833217,29,0
2024-06-26 16:59:47,1760,35,0
2024-06-26 16:59:47,788,28,0
2024-06-26 16:59:47,264404,29,0
2024-06-26 16:59:47,392236,29,0
2024-06-26 16:59:52,1480,40,0
2024-06-26 16:59:52,788,61,1
2024-06-26 16:59:52,231004,29,0
2024-06-26 16:59:52,322763,29,0
2024-06-26 16:59:56,1920,39,0
2024-06-26 16:59:56,788,75,1
2024-06-26 16:59:56,315318,29,0
2024-06-26 16:59:56,400459,29,0
2024-06-26 17:00:00,1440,40,0
2024-06-26 17:00:00,788,27,0
2024-06-26 17:00:00,207494,29,0
2024-06-26 17:00:00,288497,29,0
2024-06-26 17:00:03,560,31,0
2024-06-26 17:00:03,788,33,0
2024-06-26 17:00:03,57630,29,0
2024-06-26 17:00:03,71325,29,0
2024-06-26 17:00:04,40,24,0
2024-06-26 17:00:04,7174,49,1
2024-06-26 17:00:04,40,26,0
2024-06-26 17:00:04,271,38,0
2024-06-26 17:00:05,220,47,1
2024-06-26 17:00:05,1632,32,0
2024-06-26 17:00:05,248,43,0
2024-06-26 17:00:05,6957,43,0
2024-06-26 17:00:06,1080,36,0
2024-06-26 17:00:06,788,44,0
2024-06-26 17:00:06,137630,29,0
2024-06-26 17:00:06,163441,29,0
2024-06-26 17:00:08,80,36,0
2024-06-26 17:00:08,40,36,0
2024-06-26 17:00:08,71,19,0
2024-06-26 17:00:12,1240,38,0
2024-06-26 17:00:12,788,38,0
2024-06-26 17:00:12,178864,29,0
2024-06-26 17:00:12,316119,29,0
2024-06-26 17:00:16,1080,36,0
2024-06-26 17:00:16,788,22,0
2024-06-26 17:00:16,120080,29,0
2024-06-26 17:00:16,152925,29,0
2024-06-26 17:00:21,3360,40,0
2024-06-26 17:00:21,788,25,0
2024-06-26 17:00:21,633202,29,0
2024-06-26 17:00:21,875595,29,0
2024-06-26 17:00:22,320,74,1
2024-06-26 17:00:22,65754,29,0
2024-06-26 17:00:22,100533,29,0
2024-06-26 17:00:26,2400,41,0
2024-06-26 17:00:26,788,25,0
2024-06-26 17:00:26,388464,29,0
2024-06-26 17:00:26,524256,29,0
2024-06-26 17:00:31,2880,44,0
2024-06-26 17:00:31,788,27,0
2024-06-26 17:00:31,515116,29,0
2024-06-26 17:00:31,754680,29,0
2024-06-26 17:00:36,788,29,0
2024-06-26 17:00:36,80,29,0
2024-06-26 17:00:37,3720,40,0
2024-06-26 17:00:37,659325,29,0
2024-06-26 17:00:37,1058229,29,0
2024-06-26 17:00:41,3480,47,1
2024-06-26 17:00:41,788,31,0
2024-06-26 17:00:41,602243,29,0
2024-06-26 17:00:41,880701,29,0
2024-06-26 17:00:45,4200,37,0
2024-06-26 17:00:45,788,43,0
2024-06-26 17:00:45,822063,29,0
2024-06-26 17:00:45,1191025,29,0
2024-06-26 17:00:49,1440,41,0
2024-06-26 17:00:49,788,88,1
2024-06-26 17:00:49,172778,29,0
2024-06-26 17:00:49,256968,29,0
2024-06-26 17:00:57,1960,45,0
2024-06-26 17:00:57,1576,37,0
2024-06-26 17:00:57,276082,29,0
2024-06-26 17:00:57,369637,29,0
2024-06-26 17:01:01,1480,39,0
2024-06-26 17:01:01,788,37,0
2024-06-26 17:01:01,189238,29,0
2024-06-26 17:01:01,290493,29,0
2024-06-26 17:01:04,1080,38,0
2024-06-26 17:01:04,788,28,0
2024-06-26 17:01:04,40,69,1
2024-06-26 17:01:04,6700,17,0
2024-06-26 17:01:04,110150,29,0
2024-06-26 17:01:04,185089,29,0
2024-06-26 17:01:04,40,31,0
2024-06-26 17:01:04,271,33,0
2024-06-26 17:01:11,788,105,1
2024-06-26 17:01:11,80,29,0
2024-06-26 17:01:12,1560,45,0
2024-06-26 17:01:12,788,24,0
2024-06-26 17:01:12,227914,29,0
2024-06-26 17:01:12,318117,29,0
2024-06-26 17:01:18,640,33,0
2024-06-26 17:01:18,788,23,0
2024-06-26 17:01:18,91972,29,0
2024-06-26 17:01:18,109543,29,0
2024-06-26 17:01:21,1160,38,0
2024-06-26 17:01:21,788,29,0
2024-06-26 17:01:21,91828,29,0
2024-06-26 17:01:21,46890,29,0
2024-06-26 17:01:26,400,45,0
2024-06-26 17:01:26,788,82,1
2024-06-26 17:01:26,29178,29,0
2024-06-26 17:01:26,49608,29,0
2024-06-26 17:01:29,400,33,0
2024-06-26 17:01:29,788,25,0
2024-06-26 17:01:29,180,36,0
2024-06-26 17:01:29,1785,43,0
2024-06-26 17:01:29,35044,29,0
2024-06-26 17:01:29,35041,29,0
2024-06-26 17:01:29,168,29,0
2024-06-26 17:01:29,1221,29,0
2024-06-26 17:01:32,520,46,1
2024-06-26 17:01:32,788,22,0
2024-06-26 17:01:32,50080,29,0
2024-06-26 17:01:32,65274,29,0
2024-06-26 17:01:36,400,49,1
2024-06-26 17:01:36,788,32,0
2024-06-26 17:01:36,35004,29,0
2024-06-26 17:01:36,55033,29,0
2024-06-26 17:01:40,560,57,1
2024-06-26 17:01:40,788,30,0
2024-06-26 17:01:40,57048,29,0
2024-06-26 17:01:40,68433,29,0
2024-06-26 17:01:43,960,51,1
2024-06-26 17:01:43,788,31,0
2024-06-26 17:01:43,83384,29,0
2024-06-26 17:01:43,97570,29,0
2024-06-26 17:01:47,80,99,1
2024-06-26 17:01:47,788,38,0
2024-06-26 17:01:47,13940,29,0
2024-06-26 17:01:48,960,33,0
2024-06-26 17:01:48,85590,29,0
2024-06-26 17:01:48,149971,29,0
2024-06-26 17:01:50,800,35,0
2024-06-26 17:01:50,788,32,0
2024-06-26 17:01:50,80740,29,0
2024-06-26 17:01:50,95062,29,0
2024-06-26 17:01:54,400,52,1
2024-06-26 17:01:54,788,19,0
2024-06-26 17:01:54,40080,29,0
2024-06-26 17:01:54,45735,29,0
2024-06-26 17:01:59,800,35,0
2024-06-26 17:01:59,1576,34,0
2024-06-26 17:01:59,108232,29,0
2024-06-26 17:01:59,156194,29,0
2024-06-26 17:02:03,788,36,0
2024-06-26 17:02:03,80,29,0
2024-06-26 17:02:04,960,34,0
2024-06-26 17:02:04,788,75,1
2024-06-26 17:02:04,40,42,0
2024-06-26 17:02:04,7304,22,0
2024-06-26 17:02:04,192770,29,0
2024-06-26 17:02:04,234237,29,0
2024-06-26 17:02:04,40,24,0
2024-06-26 17:02:04,271,89,1
2024-06-26 17:02:09,440,33,0
2024-06-26 17:02:09,1576,34,0
2024-06-26 17:02:09,105920,29,0
2024-06-26 17:02:09,99974,29,0
2024-06-26 17:02:12,280,46,1
2024-06-26 17:02:12,788,83,1
2024-06-26 17:02:12,66912,29,0
2024-06-26 17:02:12,84752,29,0
2024-06-26 17:02:16,600,44,0
2024-06-26 17:02:16,788,40,0
2024-06-26 17:02:16,88556,29,0
2024-06-26 17:02:16,106947,29,0
2024-06-26 17:02:23,640,35,0
2024-06-26 17:02:23,788,62,1
2024-06-26 17:02:23,79302,29,0
2024-06-26 17:02:23,101112,29,0
2024-06-26 17:02:27,1320,49,1
2024-06-26 17:02:27,788,44,0
2024-06-26 17:02:27,95284,29,0
2024-06-26 17:02:27,73180,29,0
2024-06-26 17:02:30,180,37,0
2024-06-26 17:02:30,3893,34,0
2024-06-26 17:02:30,208,33,0
2024-06-26 17:02:30,5694,38,0
2024-06-26 17:02:33,760,44,0
2024-06-26 17:02:33,788,25,0
2024-06-26 17:02:33,69766,29,0
2024-06-26 17:02:33,102797,29,0
2024-06-26 17:02:33,40,29,0
2024-06-26 17:02:38,788,90,1
2024-06-26 17:02:38,80,29,0
2024-06-26 17:02:39,1000,32,0
2024-06-26 17:02:39,102560,29,0
2024-06-26 17:02:39,143052,29,0
2024-06-26 17:03:04,40,54,1
2024-06-26 17:03:04,5069,38,0
2024-06-26 17:03:04,40,37,0
2024-06-26 17:03:04,271,38,0
2024-06-26 17:03:17,180,45,0
2024-06-26 17:03:17,1141,32,0
2024-06-26 17:03:17,724,31,0
2024-06-26 17:03:17,288,21,0
2024-06-26 17:03:17,1020,21,0
2024-06-26 17:03:17,3496,39,0
2024-06-26 17:03:23,181,34,0
2024-06-26 17:03:23,156,42,0
2024-06-26 17:03:34,40,20,0
2024-06-26 17:03:39,80,29,0
2024-06-26 17:04:04,100,53,1
2024-06-26 17:04:04,557,29,0
2024-06-26 17:04:04,40,29,0
2024-06-26 17:04:04,88,29,0
2024-06-26 17:04:05,200,96,1
2024-06-26 17:04:05,2501,33,0
2024-06-26 17:04:05,2996,27,0
2024-06-26 17:04:05,3362,35,0
2024-06-26 17:04:19,40,21,0
2024-06-26 17:04:23,40,38,0
2024-06-26 17:04:23,40,39,0
2024-06-26 17:04:29,140,40,0
2024-06-26 17:04:29,1785,34,0
2024-06-26 17:04:29,168,29,0
2024-06-26 17:04:29,191,29,0
2024-06-26 17:04:30,40,92,1
2024-06-26 17:04:30,1009,29,0
2024-06-26 17:04:52,126,37,0
2024-06-26 17:04:52,40,20,0
2024-06-26 17:04:53,40,21,0
2024-06-26 17:04:53,120,107,1
2024-06-26 17:04:55,140,64,1
2024-06-26 17:04:55,1303,35,0
2024-06-26 17:04:55,248,30,0
2024-06-26 17:04:55,5554,18,0
2024-06-26 17:04:56,71,38,0
2024-06-26 17:04:56,40,38,0
2024-06-26 17:04:56,257,24,0
2024-06-26 17:04:57,40,39,0
2024-06-26 17:04:57,200,35,0
2024-06-26 17:04:57,40,86,1
2024-06-26 17:04:57,415,37,0
2024-06-26 17:04:58,220,31,0
2024-06-26 17:04:58,1286,56,1
2024-06-26 17:04:58,40,39,0
2024-06-26 17:04:58,328,51,1
2024-06-26 17:04:58,7395,55,1
2024-06-26 17:04:58,416,70,1
